transaction_date,gl_account,transaction_type,vendor_or_customer_name,description,amount,running_balance,is_subcontractor,source_file,ingested_at,row_uid
2026-01-02,Chase Plat Bus Checking 6106,Expense,ADP,,-69.31,290909.18,N,Precision Blueprint Development_General Ledger.csv,2026-07-18T23:30:00-04:00,2c432b123685b465
2026-01-02,Chase Plat Bus Checking 6106,Expense,ADP,,-50.0,290859.18,N,Precision Blueprint Development_General Ledger.csv,2026-07-18T23:30:00-04:00,ac28517cb9a6bd58
2026-01-02,Chase Plat Bus Checking 6106,Expense,Merchant Service,,-375.91,290483.27,N,Precision Blueprint Development_General Ledger.csv,2026-07-18T23:30:00-04:00,520ce6f7b0b1e70b
2026-01-02,Chase Plat Bus Checking 6106,Expense,Juan Moreno,Per client call 2/25/26.,-1000.0,289483.27,N,Precision Blueprint Development_General Ledger.csv,2026-07-18T23:30:00-04:00,1dbc95dcb7a2e5b5
2026-01-02,Chase Plat Bus Checking 6106,Journal Entry,,Direct Deposit,1262.3,290745.57,N,Precision Blueprint Development_General Ledger.csv,2026-07-18T23:30:00-04:00,30079ec7590827e5
2026-01-02,Chase Plat Bus Checking 6106,Journal Entry,,Direct Deposit,-1262.3,289483.27,N,Precision Blueprint Development_General Ledger.csv,2026-07-18T23:30:00-04:00,54dd0b63d84a93a7
2026-01-04,Chase Plat Bus Checking 6106,Credit Card Credit,Chase Bank,,-306.75,289176.52,N,Precision Blueprint Development_General Ledger.csv,2026-07-18T23:30:00-04:00,8b7756b285fb45c4
2026-01-05,Chase Plat Bus Checking 6106,Expense,Withdrawal,Per client call 3/5/26,-5000.0,284176.52,N,Precision Blueprint Development_General Ledger.csv,2026-07-18T23:30:00-04:00,8b5d25aa3aca86fe
2026-01-05,Chase Plat Bus Checking 6106,Expense,Transfer 3758,,-1500.0,282676.52,N,Precision Blueprint Development_General Ledger.csv,2026-07-18T23:30:00-04:00,8afe80ea5fc14695
2026-01-05,Chase Plat Bus Checking 6106,Expense,Ramon Design,,-1200.0,281476.52,N,Precision Blueprint Development_General Ledger.csv,2026-07-18T23:30:00-04:00,008b215bdb5e73d9
2026-01-07,Chase Plat Bus Checking 6106,Expense,Withdrawal,Per client call 3/5/26,-5000.0,276476.52,N,Precision Blueprint Development_General Ledger.csv,2026-07-18T23:30:00-04:00,262514042d356960
2026-01-07,Chase Plat Bus Checking 6106,Expense,Chase,,-25000.0,251476.52,N,Precision Blueprint Development_General Ledger.csv,2026-07-18T23:30:00-04:00,f1d5e81319c64899
2026-01-08,Chase Plat Bus Checking 6106,Expense,J's Plumbing LLC - Juan Garcia,,-5000.0,246476.52,N,Precision Blueprint Development_General Ledger.csv,2026-07-18T23:30:00-04:00,6ac1151ce5bc625a
2026-01-08,Chase Plat Bus Checking 6106,Expense,ADP,,-1262.28,245214.24,N,Precision Blueprint Development_General Ledger.csv,2026-07-18T23:30:00-04:00,04a27c3dfb70437e
2026-01-08,Chase Plat Bus Checking 6106,Expense,ADP,,-327.86,244886.38,N,Precision Blueprint Development_General Ledger.csv,2026-07-18T23:30:00-04:00,4197d720f9b60182
2026-01-09,Chase Plat Bus Checking 6106,Deposit,Transfer,Instant Pmt from PRECISION BLUEPRINT DEVELOPMEN on 01/09 Ref\#XXXXXXXXXXXX00021P1BRJPCXXXXXXX3704,-5000.0,239886.38,N,Precision Blueprint Development_General Ledger.csv,2026-07-18T23:30:00-04:00,ef63134edd6be19f
2026-01-09,Chase Plat Bus Checking 6106,Expense,ADP,,-69.31,239817.07,N,Precision Blueprint Development_General Ledger.csv,2026-07-18T23:30:00-04:00,fbe33d2eccffd92e
2026-01-09,Chase Plat Bus Checking 6106,Expense,Anytime Dental,,-263.1,239553.97,N,Precision Blueprint Development_General Ledger.csv,2026-07-18T23:30:00-04:00,40d560391d93336f
2026-01-09,Chase Plat Bus Checking 6106,Journal Entry,,,-1262.28,238291.69,N,Precision Blueprint Development_General Ledger.csv,2026-07-18T23:30:00-04:00,0772fa067ab849b3
2026-01-09,Chase Plat Bus Checking 6106,Journal Entry,,Direct Deposit,1262.28,239553.97,N,Precision Blueprint Development_General Ledger.csv,2026-07-18T23:30:00-04:00,5dabc2a55f22276b
2026-01-09,Chase Plat Bus Checking 6106,Journal Entry,,Direct Deposit,-1262.28,238291.69,N,Precision Blueprint Development_General Ledger.csv,2026-07-18T23:30:00-04:00,0772fa067ab849b3
2026-01-12,Chase Plat Bus Checking 6106,Expense,Transfer 3758,,-1500.0,236791.69,N,Precision Blueprint Development_General Ledger.csv,2026-07-18T23:30:00-04:00,2ab3f1074b163d48
2026-01-12,Chase Plat Bus Checking 6106,Expense,Ramon Design,,-1200.0,235591.69,N,Precision Blueprint Development_General Ledger.csv,2026-07-18T23:30:00-04:00,b1bbac2c34b90c62
2026-01-12,Chase Plat Bus Checking 6106,Expense,Desert Concrete Specialists/Edgar Ramirez,,-1800.0,233791.69,N,Precision Blueprint Development_General Ledger.csv,2026-07-18T23:30:00-04:00,b0544ace8b9789cd
2026-01-13,Chase Plat Bus Checking 6106,Expense,Withdrawal,Per client call 3/5/26,-5000.0,228791.69,N,Precision Blueprint Development_General Ledger.csv,2026-07-18T23:30:00-04:00,c17f24a934005c43
2026-01-14,Chase Plat Bus Checking 6106,Expense,Withdrawal,Per client call 3/5/26,-5000.0,223791.69,N,Precision Blueprint Development_General Ledger.csv,2026-07-18T23:30:00-04:00,e73f86c65f57de50
2026-01-14,Chase Plat Bus Checking 6106,Expense,J's Plumbing LLC - Juan Garcia,,-300.0,223491.69,N,Precision Blueprint Development_General Ledger.csv,2026-07-18T23:30:00-04:00,b363d97c8e979426
2026-01-14,Chase Plat Bus Checking 6106,Expense,J's Plumbing LLC - Juan Garcia,,-2700.0,220791.69,N,Precision Blueprint Development_General Ledger.csv,2026-07-18T23:30:00-04:00,a67aabaa0fdd76bc
2026-01-15,Chase Plat Bus Checking 6106,Expense,Mendoza Construction LLC - Jose Mendoza,,-300.0,220491.69,N,Precision Blueprint Development_General Ledger.csv,2026-07-18T23:30:00-04:00,12ee0e6f5885aaff
2026-01-15,Chase Plat Bus Checking 6106,Expense,Mendoza Construction LLC - Jose Mendoza,,-250.0,220241.69,N,Precision Blueprint Development_General Ledger.csv,2026-07-18T23:30:00-04:00,13be4b04f2a4f433
2026-01-15,Chase Plat Bus Checking 6106,Expense,ADP,,-1262.3,218979.39,N,Precision Blueprint Development_General Ledger.csv,2026-07-18T23:30:00-04:00,951614928d41e3cd
2026-01-15,Chase Plat Bus Checking 6106,Expense,ADP,,-327.84,218651.55,N,Precision Blueprint Development_General Ledger.csv,2026-07-18T23:30:00-04:00,6ce9886339eb435e
2026-01-16,Chase Plat Bus Checking 6106,Deposit,Amber P Lee,Per client call 2/25/26,2000.0,220651.55,N,Precision Blueprint Development_General Ledger.csv,2026-07-18T23:30:00-04:00,7763eeec46af5c51
2026-01-16,Chase Plat Bus Checking 6106,Expense,Transfer 3758,,-1500.0,219151.55,N,Precision Blueprint Development_General Ledger.csv,2026-07-18T23:30:00-04:00,72dfd9d4e6d19610
2026-01-16,Chase Plat Bus Checking 6106,Expense,Navarro Roofing - Yajaira Cineros Chacon,,-2000.0,217151.55,N,Precision Blueprint Development_General Ledger.csv,2026-07-18T23:30:00-04:00,680c4dc01e7e054a
2026-01-16,Chase Plat Bus Checking 6106,Expense,Aaron Design,Per client call 2/25/26,-3500.0,213651.55,N,Precision Blueprint Development_General Ledger.csv,2026-07-18T23:30:00-04:00,48a14f85a36a9517
2026-01-16,Chase Plat Bus Checking 6106,Journal Entry,,,-1262.3,212389.25,N,Precision Blueprint Development_General Ledger.csv,2026-07-18T23:30:00-04:00,3708fe8213d561f6
2026-01-16,Chase Plat Bus Checking 6106,Journal Entry,,Direct Deposit,1262.3,213651.55,N,Precision Blueprint Development_General Ledger.csv,2026-07-18T23:30:00-04:00,4e06f971bf8342eb
2026-01-16,Chase Plat Bus Checking 6106,Journal Entry,,Direct Deposit,-1262.3,212389.25,N,Precision Blueprint Development_General Ledger.csv,2026-07-18T23:30:00-04:00,3708fe8213d561f6
2026-01-16,Chase Plat Bus Checking 6106,Expense,ADP,,-69.31,212319.94,N,Precision Blueprint Development_General Ledger.csv,2026-07-18T23:30:00-04:00,debdbb42d4217404
2026-01-20,Chase Plat Bus Checking 6106,Deposit,Amber P Lee,Per client call 2/25/26,1475.0,213794.94,N,Precision Blueprint Development_General Ledger.csv,2026-07-18T23:30:00-04:00,ba56ad4394294bfd
2026-01-20,Chase Plat Bus Checking 6106,Expense,Ramon Design,,-1200.0,212594.94,N,Precision Blueprint Development_General Ledger.csv,2026-07-18T23:30:00-04:00,e20e20690f39a3e1
2026-01-20,Chase Plat Bus Checking 6106,Expense,Neshijan LLC,Per client call 2/25/26.,-20.0,212574.94,N,Precision Blueprint Development_General Ledger.csv,2026-07-18T23:30:00-04:00,2432fc0b0be7fa7a
2026-01-20,Chase Plat Bus Checking 6106,Expense,Nerina Isabel Martinez Barzaga,,-30.0,212544.94,N,Precision Blueprint Development_General Ledger.csv,2026-07-18T23:30:00-04:00,2b97d8ecb5563cb7
2026-01-20,Chase Plat Bus Checking 6106,Expense,Marin Construction LLC - Jose Marin,,-2000.0,210544.94,N,Precision Blueprint Development_General Ledger.csv,2026-07-18T23:30:00-04:00,5cf65239af224881
2026-01-21,Chase Plat Bus Checking 6106,Deposit,,,1757.27,212302.21,N,Precision Blueprint Development_General Ledger.csv,2026-07-18T23:30:00-04:00,f228d232270ea900
2026-01-22,Chase Plat Bus Checking 6106,Deposit,,,10750.0,223052.21,N,Precision Blueprint Development_General Ledger.csv,2026-07-18T23:30:00-04:00,2751fc1560eb1a92
2026-01-22,Chase Plat Bus Checking 6106,Deposit,,,10094.0,233146.21,N,Precision Blueprint Development_General Ledger.csv,2026-07-18T23:30:00-04:00,e01094c580f4efb2
2026-01-22,Chase Plat Bus Checking 6106,Deposit,,,6765.85,239912.06,N,Precision Blueprint Development_General Ledger.csv,2026-07-18T23:30:00-04:00,11f4b0b03f8eda1d
2026-01-22,Chase Plat Bus Checking 6106,Deposit,,,1500.0,241412.06,N,Precision Blueprint Development_General Ledger.csv,2026-07-18T23:30:00-04:00,36a664e8ebbc4c57
2026-01-22,Chase Plat Bus Checking 6106,Deposit,,,746.9,242158.96,N,Precision Blueprint Development_General Ledger.csv,2026-07-18T23:30:00-04:00,e12266de209b49aa
2026-01-22,Chase Plat Bus Checking 6106,Expense,Withdrawal,Per client call 3/5/26,-5000.0,237158.96,N,Precision Blueprint Development_General Ledger.csv,2026-07-18T23:30:00-04:00,fd510467acc6b89a
2026-01-22,Chase Plat Bus Checking 6106,Expense,Capital Premium INS.,Per client call 2/25/26.,-482.93,236676.03,N,Precision Blueprint Development_General Ledger.csv,2026-07-18T23:30:00-04:00,a7f91593a91d09b3
2026-01-22,Chase Plat Bus Checking 6106,Check,Our Lady of Guadalupe,,-100.0,236576.03,N,Precision Blueprint Development_General Ledger.csv,2026-07-18T23:30:00-04:00,c1aeae60e6e6eeb7
2026-01-22,Chase Plat Bus Checking 6106,Expense,ADP,,-327.84,236248.19,N,Precision Blueprint Development_General Ledger.csv,2026-07-18T23:30:00-04:00,e76899beda739f01
2026-01-23,Chase Plat Bus Checking 6106,Expense,Aqua Finance,,-200.0,236048.19,N,Precision Blueprint Development_General Ledger.csv,2026-07-18T23:30:00-04:00,a3f46260c8d5a226
2026-01-23,Chase Plat Bus Checking 6106,Expense,Desert Concrete Specialists/Edgar Ramirez,,-950.0,235098.19,N,Precision Blueprint Development_General Ledger.csv,2026-07-18T23:30:00-04:00,4f360ed082ec3bab
2026-01-23,Chase Plat Bus Checking 6106,Expense,Desert Concrete Specialists/Edgar Ramirez,,-5000.0,230098.19,N,Precision Blueprint Development_General Ledger.csv,2026-07-18T23:30:00-04:00,eac6bfbb7e6a6603
2026-01-23,Chase Plat Bus Checking 6106,Journal Entry,,,-1262.3,228835.89,N,Precision Blueprint Development_General Ledger.csv,2026-07-18T23:30:00-04:00,51b4e199fb088cee
2026-01-23,Chase Plat Bus Checking 6106,Journal Entry,,Direct Deposit,1262.3,230098.19,N,Precision Blueprint Development_General Ledger.csv,2026-07-18T23:30:00-04:00,01ceb0d5e4350777
2026-01-23,Chase Plat Bus Checking 6106,Journal Entry,,Direct Deposit,-1262.3,228835.89,N,Precision Blueprint Development_General Ledger.csv,2026-07-18T23:30:00-04:00,51b4e199fb088cee
2026-01-23,Chase Plat Bus Checking 6106,Expense,ADP,,-69.31,228766.58,N,Precision Blueprint Development_General Ledger.csv,2026-07-18T23:30:00-04:00,f17d73fabdd8fc2f
2026-01-26,Chase Plat Bus Checking 6106,Expense,Transfer 3758,,-1500.0,227266.58,N,Precision Blueprint Development_General Ledger.csv,2026-07-18T23:30:00-04:00,3fc186f055202c12
2026-01-26,Chase Plat Bus Checking 6106,Expense,Ramon Design,,-1200.0,226066.58,N,Precision Blueprint Development_General Ledger.csv,2026-07-18T23:30:00-04:00,64a73a4407843ae7
2026-01-26,Chase Plat Bus Checking 6106,Expense,Marin Construction LLC - Jose Marin,,-5000.0,221066.58,N,Precision Blueprint Development_General Ledger.csv,2026-07-18T23:30:00-04:00,e23aaa3837035569
2026-01-26,Chase Plat Bus Checking 6106,Expense,Desert Concrete Specialists/Edgar Ramirez,,-5000.0,216066.58,N,Precision Blueprint Development_General Ledger.csv,2026-07-18T23:30:00-04:00,dad9e62bd04e24b5
2026-01-26,Chase Plat Bus Checking 6106,Check,United SW Components,Per client call 2/25/26.,-5956.34,210110.24,N,Precision Blueprint Development_General Ledger.csv,2026-07-18T23:30:00-04:00,afa1895845c721a2
2026-01-27,Chase Plat Bus Checking 6106,Expense,Elena Daughter,,-25.0,210085.24,N,Precision Blueprint Development_General Ledger.csv,2026-07-18T23:30:00-04:00,002641f63524590c
2026-01-28,Chase Plat Bus Checking 6106,Expense,Anytime Dental,,-279.71,209805.53,N,Precision Blueprint Development_General Ledger.csv,2026-07-18T23:30:00-04:00,64374abe5852bc52
2026-01-28,Chase Plat Bus Checking 6106,Expense,Desert Concrete Specialists/Edgar Ramirez,,-6015.0,203790.53,N,Precision Blueprint Development_General Ledger.csv,2026-07-18T23:30:00-04:00,fce6cb9949521a23
2026-01-29,Chase Plat Bus Checking 6106,Expense,Withdrawal,Per client call 3/5/26,-2000.0,201790.53,N,Precision Blueprint Development_General Ledger.csv,2026-07-18T23:30:00-04:00,2aab77c88a574bf5
2026-01-29,Chase Plat Bus Checking 6106,Expense,ADP,,-326.59,201463.94,N,Precision Blueprint Development_General Ledger.csv,2026-07-18T23:30:00-04:00,4a61431f968c7945
2026-01-30,Chase Plat Bus Checking 6106,Journal Entry,,,-1262.28,200201.66,N,Precision Blueprint Development_General Ledger.csv,2026-07-18T23:30:00-04:00,cd094592b56a0ea7
2026-01-30,Chase Plat Bus Checking 6106,Journal Entry,,Direct Deposit,1262.28,201463.94,N,Precision Blueprint Development_General Ledger.csv,2026-07-18T23:30:00-04:00,70a4f5875df4ae0e
2026-01-30,Chase Plat Bus Checking 6106,Journal Entry,,Direct Deposit,-1262.28,200201.66,N,Precision Blueprint Development_General Ledger.csv,2026-07-18T23:30:00-04:00,cd094592b56a0ea7
2026-01-30,Chase Plat Bus Checking 6106,Expense,ADP,,-69.31,200132.35,N,Precision Blueprint Development_General Ledger.csv,2026-07-18T23:30:00-04:00,99d4aa732ab48b10
2026-01-30,Chase Plat Bus Checking 6106,Expense,ADP,,-50.0,200082.35,N,Precision Blueprint Development_General Ledger.csv,2026-07-18T23:30:00-04:00,40824176ba8cb58b
2026-02-02,Chase Plat Bus Checking 6106,Expense,Transfer 3758,,-1500.0,198582.35,N,Precision Blueprint Development_General Ledger.csv,2026-07-18T23:30:00-04:00,7561d2b1b080da68
2026-02-02,Chase Plat Bus Checking 6106,Expense,Marin Construction LLC - Jose Marin,,-5000.0,193582.35,N,Precision Blueprint Development_General Ledger.csv,2026-07-18T23:30:00-04:00,e0b9de6b2f5d9af3
2026-02-02,Chase Plat Bus Checking 6106,Expense,Ramon Design,,-1200.0,192382.35,N,Precision Blueprint Development_General Ledger.csv,2026-07-18T23:30:00-04:00,d022052304d765b4
2026-02-03,Chase Plat Bus Checking 6106,Deposit,Transfer,Instant Pmt from PRECISION BLUEPRINT DEVELOPMEN on 02/03 Ref\#XXXXXXXXXXXX00021P1BRJPCXXXXXXX4451,-5000.0,187382.35,N,Precision Blueprint Development_General Ledger.csv,2026-07-18T23:30:00-04:00,1ca1304cb308be08
2026-02-04,Chase Plat Bus Checking 6106,Credit Card Credit,Barclay Card,Payment Received,-558.45,186823.9,N,Precision Blueprint Development_General Ledger.csv,2026-07-18T23:30:00-04:00,4a9aee7adce347a0
2026-02-04,Chase Plat Bus Checking 6106,Expense,Montiel Windows and Door,,-800.0,186023.9,N,Precision Blueprint Development_General Ledger.csv,2026-07-18T23:30:00-04:00,69ae39081afd2a99
2026-02-04,Chase Plat Bus Checking 6106,Expense,ADP,,-62.45,185961.45,N,Precision Blueprint Development_General Ledger.csv,2026-07-18T23:30:00-04:00,dee5f3ec7ea17397
2026-02-05,Chase Plat Bus Checking 6106,Expense,Taylor Hagberg - Genco Consulting,,-245.0,185716.45,N,Precision Blueprint Development_General Ledger.csv,2026-07-18T23:30:00-04:00,5aa19eca1b65bda4
2026-02-05,Chase Plat Bus Checking 6106,Expense,Taylor Hagberg - Genco Consulting,,-150.0,185566.45,N,Precision Blueprint Development_General Ledger.csv,2026-07-18T23:30:00-04:00,ddf40e8a79693ed5
2026-02-05,Chase Plat Bus Checking 6106,Expense,Taylor Hagberg - Genco Consulting,,-150.0,185416.45,N,Precision Blueprint Development_General Ledger.csv,2026-07-18T23:30:00-04:00,ddf40e8a79693ed5
2026-02-05,Chase Plat Bus Checking 6106,Expense,Taylor Hagberg - Genco Consulting,,-150.0,185266.45,N,Precision Blueprint Development_General Ledger.csv,2026-07-18T23:30:00-04:00,ddf40e8a79693ed5
2026-02-05,Chase Plat Bus Checking 6106,Expense,Taylor Hagberg - Genco Consulting,,-300.0,184966.45,N,Precision Blueprint Development_General Ledger.csv,2026-07-18T23:30:00-04:00,2f91c38da0a3a6d4
2026-02-05,Chase Plat Bus Checking 6106,Expense,Taylor Hagberg - Genco Consulting,,-150.0,184816.45,N,Precision Blueprint Development_General Ledger.csv,2026-07-18T23:30:00-04:00,ddf40e8a79693ed5
2026-02-05,Chase Plat Bus Checking 6106,Expense,ADP,,-306.11,184510.34,N,Precision Blueprint Development_General Ledger.csv,2026-07-18T23:30:00-04:00,533b0ee8355956ed
2026-02-06,Chase Plat Bus Checking 6106,Deposit,,,629.12,185139.46,N,Precision Blueprint Development_General Ledger.csv,2026-07-18T23:30:00-04:00,d20fdae7a8267ed5
2026-02-06,Chase Plat Bus Checking 6106,Expense,Kelly Banuelos,,-200.0,184939.46,N,Precision Blueprint Development_General Ledger.csv,2026-07-18T23:30:00-04:00,48f0fa97e3b1d715
2026-02-06,Chase Plat Bus Checking 6106,Journal Entry,,,-1262.3,183677.16,N,Precision Blueprint Development_General Ledger.csv,2026-07-18T23:30:00-04:00,32478d0a60eefc6b
2026-02-06,Chase Plat Bus Checking 6106,Journal Entry,,Direct Deposit,1262.3,184939.46,N,Precision Blueprint Development_General Ledger.csv,2026-07-18T23:30:00-04:00,f6fa5fe2346e93dc
2026-02-06,Chase Plat Bus Checking 6106,Journal Entry,,Direct Deposit,-1262.3,183677.16,N,Precision Blueprint Development_General Ledger.csv,2026-07-18T23:30:00-04:00,32478d0a60eefc6b
2026-02-06,Chase Plat Bus Checking 6106,Expense,ADP,,-69.31,183607.85,N,Precision Blueprint Development_General Ledger.csv,2026-07-18T23:30:00-04:00,7fcf39f320d4f397
2026-02-09,Chase Plat Bus Checking 6106,Expense,Transfer 3758,,-1500.0,182107.85,N,Precision Blueprint Development_General Ledger.csv,2026-07-18T23:30:00-04:00,95af9f75f6430e9e
2026-02-09,Chase Plat Bus Checking 6106,Expense,Marin Construction LLC - Jose Marin,,-5000.0,177107.85,N,Precision Blueprint Development_General Ledger.csv,2026-07-18T23:30:00-04:00,34c80ca110ed405d
2026-02-09,Chase Plat Bus Checking 6106,Expense,Chase,,-35000.0,142107.85,N,Precision Blueprint Development_General Ledger.csv,2026-07-18T23:30:00-04:00,029512c118f32178
2026-02-09,Chase Plat Bus Checking 6106,Expense,Best Buy,,-274.71,141833.14,N,Precision Blueprint Development_General Ledger.csv,2026-07-18T23:30:00-04:00,a763b4a613b8e09c
2026-02-10,Chase Plat Bus Checking 6106,Deposit,,,3967.8,145800.94,N,Precision Blueprint Development_General Ledger.csv,2026-07-18T23:30:00-04:00,842daf7f5b3f9a2c
2026-02-10,Chase Plat Bus Checking 6106,Expense,Anytime Dental,,-263.1,145537.84,N,Precision Blueprint Development_General Ledger.csv,2026-07-18T23:30:00-04:00,3ce421cb49fb6285
2026-02-10,Chase Plat Bus Checking 6106,Expense,Ramon Design,,-1200.0,144337.84,N,Precision Blueprint Development_General Ledger.csv,2026-07-18T23:30:00-04:00,14e6ab72c5ac6ebe
2026-02-10,Chase Plat Bus Checking 6106,Expense,Montiel Windows and Door,,-2593.97,141743.87,N,Precision Blueprint Development_General Ledger.csv,2026-07-18T23:30:00-04:00,14f17df8f1502b70
2026-02-10,Chase Plat Bus Checking 6106,Expense,Aaron Design,,-3029.0,138714.87,N,Precision Blueprint Development_General Ledger.csv,2026-07-18T23:30:00-04:00,945ecb76d992b60b
2026-02-12,Chase Plat Bus Checking 6106,Deposit,,Per client 3/25/26,106530.75,245245.62,N,Precision Blueprint Development_General Ledger.csv,2026-07-18T23:30:00-04:00,095a72c2cbc4726e
2026-02-12,Chase Plat Bus Checking 6106,Deposit,,,10445.14,255690.76,N,Precision Blueprint Development_General Ledger.csv,2026-07-18T23:30:00-04:00,be45bc243d9453f5
2026-02-12,Chase Plat Bus Checking 6106,Expense,H & M Electric Company LLC - Herman Macharro,,-5000.0,250690.76,N,Precision Blueprint Development_General Ledger.csv,2026-07-18T23:30:00-04:00,b299795869ad5fc0
2026-02-12,Chase Plat Bus Checking 6106,Expense,Withdrawal,Per client 3/17/26,-4000.0,246690.76,N,Precision Blueprint Development_General Ledger.csv,2026-07-18T23:30:00-04:00,b2da97a31b29ab5a
2026-02-12,Chase Plat Bus Checking 6106,Expense,ADP,,-290.34,246400.42,N,Precision Blueprint Development_General Ledger.csv,2026-07-18T23:30:00-04:00,91787060b4513f40
2026-02-13,Chase Plat Bus Checking 6106,Expense,Transfer 3758,,-1500.0,244900.42,N,Precision Blueprint Development_General Ledger.csv,2026-07-18T23:30:00-04:00,3f92c0f57ca297f4
2026-02-13,Chase Plat Bus Checking 6106,Expense,Marin Construction LLC - Jose Marin,,-2500.0,242400.42,N,Precision Blueprint Development_General Ledger.csv,2026-07-18T23:30:00-04:00,16126969f045bfec
2026-02-13,Chase Plat Bus Checking 6106,Expense,H & M Electric Company LLC - Herman Macharro,,-2000.0,240400.42,N,Precision Blueprint Development_General Ledger.csv,2026-07-18T23:30:00-04:00,f827d202188709e2
2026-02-13,Chase Plat Bus Checking 6106,Journal Entry,,,-1262.3,239138.12,N,Precision Blueprint Development_General Ledger.csv,2026-07-18T23:30:00-04:00,f19af443bcc9abe1
2026-02-13,Chase Plat Bus Checking 6106,Journal Entry,,Direct Deposit,1262.3,240400.42,N,Precision Blueprint Development_General Ledger.csv,2026-07-18T23:30:00-04:00,516f5c5e372c7124
2026-02-13,Chase Plat Bus Checking 6106,Journal Entry,,Direct Deposit,-1262.3,239138.12,N,Precision Blueprint Development_General Ledger.csv,2026-07-18T23:30:00-04:00,f19af443bcc9abe1
2026-02-13,Chase Plat Bus Checking 6106,Expense,ADP,,-69.31,239068.81,N,Precision Blueprint Development_General Ledger.csv,2026-07-18T23:30:00-04:00,4f6a4818bfc246cd
2026-02-17,Chase Plat Bus Checking 6106,Expense,Navarro Roofing - Yajaira Cineros Chacon,,-3400.0,235668.81,N,Precision Blueprint Development_General Ledger.csv,2026-07-18T23:30:00-04:00,b2ac75f766d9551c
2026-02-17,Chase Plat Bus Checking 6106,Expense,Ramon Design,,-1200.0,234468.81,N,Precision Blueprint Development_General Ledger.csv,2026-07-18T23:30:00-04:00,d17ee1d5de79dd21
2026-02-17,Chase Plat Bus Checking 6106,Expense,H & M Electric Company LLC - Herman Macharro,,-3329.0,231139.81,N,Precision Blueprint Development_General Ledger.csv,2026-07-18T23:30:00-04:00,4c4a28ae6909a4e4
2026-02-17,Chase Plat Bus Checking 6106,Check,Our Lady of Guadalupe,,-100.0,231039.81,N,Precision Blueprint Development_General Ledger.csv,2026-07-18T23:30:00-04:00,2bb07f01f5091c57
2026-02-18,Chase Plat Bus Checking 6106,Expense,Kelly Banuelos,,-300.0,230739.81,N,Precision Blueprint Development_General Ledger.csv,2026-07-18T23:30:00-04:00,d86bcd81ca57e1ab
2026-02-19,Chase Plat Bus Checking 6106,Expense,Kelly Banuelos,,-40.0,230699.81,N,Precision Blueprint Development_General Ledger.csv,2026-07-18T23:30:00-04:00,f0cb15e3f31ca4aa
2026-02-19,Chase Plat Bus Checking 6106,Expense,ADP,,-290.36,230409.45,N,Precision Blueprint Development_General Ledger.csv,2026-07-18T23:30:00-04:00,30b9277e50335e4c
2026-02-20,Chase Plat Bus Checking 6106,Expense,J's Plumbing LLC - Juan Garcia,,-5000.0,225409.45,N,Precision Blueprint Development_General Ledger.csv,2026-07-18T23:30:00-04:00,91036820f48ce0f9
2026-02-20,Chase Plat Bus Checking 6106,Journal Entry,,,-1262.28,224147.17,N,Precision Blueprint Development_General Ledger.csv,2026-07-18T23:30:00-04:00,3406b0b6ed182685
2026-02-20,Chase Plat Bus Checking 6106,Journal Entry,,Direct Deposit,1262.28,225409.45,N,Precision Blueprint Development_General Ledger.csv,2026-07-18T23:30:00-04:00,e11d911a3efaf999
2026-02-20,Chase Plat Bus Checking 6106,Journal Entry,,Direct Deposit,-1262.28,224147.17,N,Precision Blueprint Development_General Ledger.csv,2026-07-18T23:30:00-04:00,3406b0b6ed182685
2026-02-20,Chase Plat Bus Checking 6106,Expense,ADP,,-69.31,224077.86,N,Precision Blueprint Development_General Ledger.csv,2026-07-18T23:30:00-04:00,2a239b96c24a092a
2026-02-23,Chase Plat Bus Checking 6106,Deposit,,,23971.12,248048.98,N,Precision Blueprint Development_General Ledger.csv,2026-07-18T23:30:00-04:00,99409871eac3e831
2026-02-23,Chase Plat Bus Checking 6106,Deposit,,,629.12,248678.1,N,Precision Blueprint Development_General Ledger.csv,2026-07-18T23:30:00-04:00,1d6919656d7bebe0
2026-02-23,Chase Plat Bus Checking 6106,Expense,Transfer 3758,,-1500.0,247178.1,N,Precision Blueprint Development_General Ledger.csv,2026-07-18T23:30:00-04:00,ebaf50c176d9653d
2026-02-23,Chase Plat Bus Checking 6106,Expense,Marin Construction LLC - Jose Marin,,-600.0,246578.1,N,Precision Blueprint Development_General Ledger.csv,2026-07-18T23:30:00-04:00,b64aa15cea1419d6
2026-02-23,Chase Plat Bus Checking 6106,Expense,Marin Construction LLC - Jose Marin,,-1200.0,245378.1,N,Precision Blueprint Development_General Ledger.csv,2026-07-18T23:30:00-04:00,43038018bf426fdb
2026-02-23,Chase Plat Bus Checking 6106,Expense,Chase,,-37607.77,207770.33,N,Precision Blueprint Development_General Ledger.csv,2026-07-18T23:30:00-04:00,5ef973fe8d227e86
2026-02-23,Chase Plat Bus Checking 6106,Expense,Aqua Finance,,-200.0,207570.33,N,Precision Blueprint Development_General Ledger.csv,2026-07-18T23:30:00-04:00,a9465fb78bad4853
2026-02-23,Chase Plat Bus Checking 6106,Check,Antonio Valdivia,Per client 3/25/26,-400.0,207170.33,N,Precision Blueprint Development_General Ledger.csv,2026-07-18T23:30:00-04:00,24b99619a7ae618a
2026-02-24,Chase Plat Bus Checking 6106,Deposit,,,1497.36,208667.69,N,Precision Blueprint Development_General Ledger.csv,2026-07-18T23:30:00-04:00,2373ed081f32b168
2026-02-24,Chase Plat Bus Checking 6106,Expense,Ramon Design,,-1200.0,207467.69,N,Precision Blueprint Development_General Ledger.csv,2026-07-18T23:30:00-04:00,29600885e538a197
2026-02-24,Chase Plat Bus Checking 6106,Check,Raymundo Talamantes,Per client 3/25/26,-400.0,207067.69,N,Precision Blueprint Development_General Ledger.csv,2026-07-18T23:30:00-04:00,d1bb1789e1b3e2d8
2026-02-25,Chase Plat Bus Checking 6106,Deposit,,,3375.0,210442.69,N,Precision Blueprint Development_General Ledger.csv,2026-07-18T23:30:00-04:00,05c61feca89d8949
2026-02-25,Chase Plat Bus Checking 6106,Expense,Jeff Kendall Garage Doors,Per client 3/25/26,-5000.0,205442.69,N,Precision Blueprint Development_General Ledger.csv,2026-07-18T23:30:00-04:00,62178093e15d49c3
2026-02-26,Chase Plat Bus Checking 6106,Expense,Jeff Kendall Garage Doors,Per client 3/25/26,-300.0,205142.69,N,Precision Blueprint Development_General Ledger.csv,2026-07-18T23:30:00-04:00,ddf25ec4974ba195
2026-02-26,Chase Plat Bus Checking 6106,Expense,"Next Generation Septic, Aaron",Per client 3/25/26,-4700.0,200442.69,N,Precision Blueprint Development_General Ledger.csv,2026-07-18T23:30:00-04:00,4876d9b6f6bd470c
2026-02-26,Chase Plat Bus Checking 6106,Expense,Capital Premium INS.,,-482.93,199959.76,N,Precision Blueprint Development_General Ledger.csv,2026-07-18T23:30:00-04:00,0f12cb2392824d99
2026-02-26,Chase Plat Bus Checking 6106,Expense,ADP,,-290.34,199669.42,N,Precision Blueprint Development_General Ledger.csv,2026-07-18T23:30:00-04:00,b251980461a1b1f4
2026-02-27,Chase Plat Bus Checking 6106,Expense,Kelly Banuelos,,-50.0,199619.42,N,Precision Blueprint Development_General Ledger.csv,2026-07-18T23:30:00-04:00,13cd66c2d0f11924
2026-02-27,Chase Plat Bus Checking 6106,Expense,Anytime Dental,,-279.71,199339.71,N,Precision Blueprint Development_General Ledger.csv,2026-07-18T23:30:00-04:00,c07bee722b35cb01
2026-02-27,Chase Plat Bus Checking 6106,Expense,Transfer 3758,,-3000.0,196339.71,N,Precision Blueprint Development_General Ledger.csv,2026-07-18T23:30:00-04:00,f01d0ffa6a503cb4
2026-02-27,Chase Plat Bus Checking 6106,Expense,Jeff Kendall Garage Doors,Per client 3/25/26,-5000.0,191339.71,N,Precision Blueprint Development_General Ledger.csv,2026-07-18T23:30:00-04:00,a4b88648cc7b187a
2026-02-27,Chase Plat Bus Checking 6106,Journal Entry,,,-1262.3,190077.41,N,Precision Blueprint Development_General Ledger.csv,2026-07-18T23:30:00-04:00,631f232b26d44676
2026-02-27,Chase Plat Bus Checking 6106,Journal Entry,,Direct Deposit,1262.3,191339.71,N,Precision Blueprint Development_General Ledger.csv,2026-07-18T23:30:00-04:00,7e8681dea65b1e49
2026-02-27,Chase Plat Bus Checking 6106,Journal Entry,,Direct Deposit,-1262.3,190077.41,N,Precision Blueprint Development_General Ledger.csv,2026-07-18T23:30:00-04:00,631f232b26d44676
2026-02-27,Chase Plat Bus Checking 6106,Expense,ADP,,-69.31,190008.1,N,Precision Blueprint Development_General Ledger.csv,2026-07-18T23:30:00-04:00,c19b74edf7e63336
2026-02-27,Chase Plat Bus Checking 6106,Expense,ADP,,-50.0,189958.1,N,Precision Blueprint Development_General Ledger.csv,2026-07-18T23:30:00-04:00,b142a5991717f762
2026-03-02,Chase Plat Bus Checking 6106,Expense,Taylor Hagberg - Genco Consulting,,-875.0,189083.1,N,Precision Blueprint Development_General Ledger.csv,2026-07-18T23:30:00-04:00,1eb4c52bbcc36ea9
2026-03-02,Chase Plat Bus Checking 6106,Expense,Taylor Hagberg - Genco Consulting,,-150.0,188933.1,N,Precision Blueprint Development_General Ledger.csv,2026-07-18T23:30:00-04:00,9281045191c5a48e
2026-03-02,Chase Plat Bus Checking 6106,Expense,Taylor Hagberg - Genco Consulting,,-150.0,188783.1,N,Precision Blueprint Development_General Ledger.csv,2026-07-18T23:30:00-04:00,9281045191c5a48e
2026-03-02,Chase Plat Bus Checking 6106,Expense,Taylor Hagberg - Genco Consulting,,-1225.0,187558.1,N,Precision Blueprint Development_General Ledger.csv,2026-07-18T23:30:00-04:00,6518551210529020
2026-03-02,Chase Plat Bus Checking 6106,Expense,Taylor Hagberg - Genco Consulting,,-100.0,187458.1,N,Precision Blueprint Development_General Ledger.csv,2026-07-18T23:30:00-04:00,88d0aa80b267dbf8
2026-03-02,Chase Plat Bus Checking 6106,Expense,Taylor Hagberg - Genco Consulting,,-460.0,186998.1,N,Precision Blueprint Development_General Ledger.csv,2026-07-18T23:30:00-04:00,640ae8944aae038d
2026-03-02,Chase Plat Bus Checking 6106,Expense,Taylor Hagberg - Genco Consulting,,-300.0,186698.1,N,Precision Blueprint Development_General Ledger.csv,2026-07-18T23:30:00-04:00,7321d930d4dd2148
2026-03-02,Chase Plat Bus Checking 6106,Expense,Taylor Hagberg - Genco Consulting,,-300.0,186398.1,N,Precision Blueprint Development_General Ledger.csv,2026-07-18T23:30:00-04:00,7321d930d4dd2148
2026-03-02,Chase Plat Bus Checking 6106,Expense,Taylor Hagberg - Genco Consulting,,-300.0,186098.1,N,Precision Blueprint Development_General Ledger.csv,2026-07-18T23:30:00-04:00,7321d930d4dd2148
2026-03-02,Chase Plat Bus Checking 6106,Deposit,,,15000.0,201098.1,N,Precision Blueprint Development_General Ledger.csv,2026-07-18T23:30:00-04:00,c426ed1c9c33fce7
2026-03-02,Chase Plat Bus Checking 6106,Expense,Merchant Service,,-37.62,201060.48,N,Precision Blueprint Development_General Ledger.csv,2026-07-18T23:30:00-04:00,21e19bd46f98b11c
2026-03-02,Chase Plat Bus Checking 6106,Expense,Transfer 3758,,-1700.0,199360.48,N,Precision Blueprint Development_General Ledger.csv,2026-07-18T23:30:00-04:00,71f7b53debcf9427
2026-03-02,Chase Plat Bus Checking 6106,Expense,Ramon Design,,-800.0,198560.48,N,Precision Blueprint Development_General Ledger.csv,2026-07-18T23:30:00-04:00,155e7471b65b4c36
2026-03-02,Chase Plat Bus Checking 6106,Expense,Ramon Design,,-1200.0,197360.48,N,Precision Blueprint Development_General Ledger.csv,2026-07-18T23:30:00-04:00,54114d370b3098e9
2026-03-02,Chase Plat Bus Checking 6106,Expense,Jeff Kendall Garage Doors,,-3032.6,194327.88,N,Precision Blueprint Development_General Ledger.csv,2026-07-18T23:30:00-04:00,ca44849470df971a
2026-03-02,Chase Plat Bus Checking 6106,Expense,Kelly Banuelos,,-50.0,194277.88,N,Precision Blueprint Development_General Ledger.csv,2026-07-18T23:30:00-04:00,f387e124de67c966
2026-03-03,Chase Plat Bus Checking 6106,Deposit,,,3350.0,197627.88,N,Precision Blueprint Development_General Ledger.csv,2026-07-18T23:30:00-04:00,c3bcdc9e8a43ab16
2026-03-03,Chase Plat Bus Checking 6106,Expense,Elena Daughter,,-50.0,197577.88,N,Precision Blueprint Development_General Ledger.csv,2026-07-18T23:30:00-04:00,34f2d2486950ba14
2026-03-03,Chase Plat Bus Checking 6106,Expense,Aaron Design,,-493.75,197084.13,N,Precision Blueprint Development_General Ledger.csv,2026-07-18T23:30:00-04:00,5c64da9cb0f45413
2026-03-04,Chase Plat Bus Checking 6106,Credit Card Credit,Barclay Card,Payment Received,-3908.88,193175.25,N,Precision Blueprint Development_General Ledger.csv,2026-07-18T23:30:00-04:00,e53bbb86ec883001
2026-03-04,Chase Plat Bus Checking 6106,Deposit,,,29158.75,222334.0,N,Precision Blueprint Development_General Ledger.csv,2026-07-18T23:30:00-04:00,2926de474c2b16db
2026-03-04,Chase Plat Bus Checking 6106,Deposit,,,5277.5,227611.5,N,Precision Blueprint Development_General Ledger.csv,2026-07-18T23:30:00-04:00,cafa27ad8060f5b0
2026-03-04,Chase Plat Bus Checking 6106,Check,Bill Fitzgerald,,-5500.0,222111.5,N,Precision Blueprint Development_General Ledger.csv,2026-07-18T23:30:00-04:00,331687a8dc2f20b1
2026-03-04,Chase Plat Bus Checking 6106,Expense,Platform Factory,,-74.99,222036.51,N,Precision Blueprint Development_General Ledger.csv,2026-07-18T23:30:00-04:00,c4f6b3e3fffa8666
2026-03-05,Chase Plat Bus Checking 6106,Deposit,,,2860.0,224896.51,N,Precision Blueprint Development_General Ledger.csv,2026-07-18T23:30:00-04:00,6f5732b6b91de0f2
2026-03-05,Chase Plat Bus Checking 6106,Expense,H & M Electric Company LLC - Herman Macharro,,-4900.0,219996.51,N,Precision Blueprint Development_General Ledger.csv,2026-07-18T23:30:00-04:00,9fb9a1e8465164f8
2026-03-05,Chase Plat Bus Checking 6106,Expense,ADP,,-290.34,219706.17,N,Precision Blueprint Development_General Ledger.csv,2026-07-18T23:30:00-04:00,3044f2770258cd09
2026-03-06,Chase Plat Bus Checking 6106,Deposit,,,21750.0,241456.17,N,Precision Blueprint Development_General Ledger.csv,2026-07-18T23:30:00-04:00,4198d2a980840ac8
2026-03-06,Chase Plat Bus Checking 6106,Expense,Transfer 3758,,-3000.0,238456.17,N,Precision Blueprint Development_General Ledger.csv,2026-07-18T23:30:00-04:00,7bf8077b23c0037c
2026-03-06,Chase Plat Bus Checking 6106,Expense,Ramon Design,,-2400.0,236056.17,N,Precision Blueprint Development_General Ledger.csv,2026-07-18T23:30:00-04:00,60bc9a497ef6bdb5
2026-03-06,Chase Plat Bus Checking 6106,Expense,Jeff Kendall Garage Doors,,-5000.0,231056.17,N,Precision Blueprint Development_General Ledger.csv,2026-07-18T23:30:00-04:00,97277edfa2374b60
2026-03-06,Chase Plat Bus Checking 6106,Journal Entry,,,-1262.3,229793.87,N,Precision Blueprint Development_General Ledger.csv,2026-07-18T23:30:00-04:00,daef63084689222d
2026-03-06,Chase Plat Bus Checking 6106,Journal Entry,,Direct Deposit,1262.3,231056.17,N,Precision Blueprint Development_General Ledger.csv,2026-07-18T23:30:00-04:00,fd09440a5702ac4e
2026-03-06,Chase Plat Bus Checking 6106,Journal Entry,,Direct Deposit,-1262.3,229793.87,N,Precision Blueprint Development_General Ledger.csv,2026-07-18T23:30:00-04:00,daef63084689222d
2026-03-06,Chase Plat Bus Checking 6106,Expense,ADP,,-69.31,229724.56,N,Precision Blueprint Development_General Ledger.csv,2026-07-18T23:30:00-04:00,c66d5082fa56e702
2026-03-09,Chase Plat Bus Checking 6106,Check,Our Lady of Guadalupe,,-200.0,229524.56,N,Precision Blueprint Development_General Ledger.csv,2026-07-18T23:30:00-04:00,b198a898f8c5af4f
2026-03-09,Chase Plat Bus Checking 6106,Expense,Transfer 3758,,-3000.0,226524.56,N,Precision Blueprint Development_General Ledger.csv,2026-07-18T23:30:00-04:00,7bccde44bb77ec05
2026-03-09,Chase Plat Bus Checking 6106,Expense,Transfer 3758,,-1800.0,224724.56,N,Precision Blueprint Development_General Ledger.csv,2026-07-18T23:30:00-04:00,928ee43a328af8f9
2026-03-09,Chase Plat Bus Checking 6106,Expense,Jeff Kendall Garage Doors,,-5000.0,219724.56,N,Precision Blueprint Development_General Ledger.csv,2026-07-18T23:30:00-04:00,fa42f5327e1a8a2d
2026-03-10,Chase Plat Bus Checking 6106,Expense,Anytime Dental,,-263.1,219461.46,N,Precision Blueprint Development_General Ledger.csv,2026-07-18T23:30:00-04:00,427b64dd887eb0a9
2026-03-10,Chase Plat Bus Checking 6106,Expense,J's Plumbing LLC - Juan Garcia,,-3000.0,216461.46,N,Precision Blueprint Development_General Ledger.csv,2026-07-18T23:30:00-04:00,d2eea37ce2171009
2026-03-11,Chase Plat Bus Checking 6106,Deposit,,,2020.0,218481.46,N,Precision Blueprint Development_General Ledger.csv,2026-07-18T23:30:00-04:00,f036bec513f44f06
2026-03-11,Chase Plat Bus Checking 6106,Expense,City of Mesa (Utility Only),Per client call 4/22/26,-355.07,218126.39,N,Precision Blueprint Development_General Ledger.csv,2026-07-18T23:30:00-04:00,44587bd611477454
2026-03-12,Chase Plat Bus Checking 6106,Expense,ADP,,-290.36,217836.03,N,Precision Blueprint Development_General Ledger.csv,2026-07-18T23:30:00-04:00,b25ef125b7f90dcd
2026-03-13,Chase Plat Bus Checking 6106,Expense,Transfer 3758,,-4800.0,213036.03,N,Precision Blueprint Development_General Ledger.csv,2026-07-18T23:30:00-04:00,f64af0588ef2485f
2026-03-13,Chase Plat Bus Checking 6106,Expense,Marin Construction LLC - Jose Marin,,-1050.0,211986.03,N,Precision Blueprint Development_General Ledger.csv,2026-07-18T23:30:00-04:00,ab5179f3cf46e721
2026-03-13,Chase Plat Bus Checking 6106,Journal Entry,,,-1262.28,210723.75,N,Precision Blueprint Development_General Ledger.csv,2026-07-18T23:30:00-04:00,6e70804f56e25c1b
2026-03-13,Chase Plat Bus Checking 6106,Journal Entry,,Direct Deposit,1262.28,211986.03,N,Precision Blueprint Development_General Ledger.csv,2026-07-18T23:30:00-04:00,4f5577a8e411fc3b
2026-03-13,Chase Plat Bus Checking 6106,Journal Entry,,Direct Deposit,-1262.28,210723.75,N,Precision Blueprint Development_General Ledger.csv,2026-07-18T23:30:00-04:00,6e70804f56e25c1b
2026-03-13,Chase Plat Bus Checking 6106,Expense,ADP,,-69.31,210654.44,N,Precision Blueprint Development_General Ledger.csv,2026-07-18T23:30:00-04:00,b912592dd4f100b8
2026-03-16,Chase Plat Bus Checking 6106,Check,Juan Diaz,,-6000.0,204654.44,N,Precision Blueprint Development_General Ledger.csv,2026-07-18T23:30:00-04:00,63e59495be8d7c6d
2026-03-16,Chase Plat Bus Checking 6106,Expense,Transfer 3758,,-1500.0,203154.44,N,Precision Blueprint Development_General Ledger.csv,2026-07-18T23:30:00-04:00,c7f332b424398c5e
2026-03-16,Chase Plat Bus Checking 6106,Expense,Marin Construction LLC - Jose Marin,,-3000.0,200154.44,N,Precision Blueprint Development_General Ledger.csv,2026-07-18T23:30:00-04:00,287e0da2ce354f37
2026-03-16,Chase Plat Bus Checking 6106,Expense,Marin Construction LLC - Jose Marin,,-100.0,200054.44,N,Precision Blueprint Development_General Ledger.csv,2026-07-18T23:30:00-04:00,18da0c480eb0c6fa
2026-03-16,Chase Plat Bus Checking 6106,Expense,Kelly Banuelos,,-100.0,199954.44,N,Precision Blueprint Development_General Ledger.csv,2026-07-18T23:30:00-04:00,5c3f09b696425c6e
2026-03-17,Chase Plat Bus Checking 6106,Deposit,,,63918.45,263872.89,N,Precision Blueprint Development_General Ledger.csv,2026-07-18T23:30:00-04:00,846c2d31e654657b
2026-03-17,Chase Plat Bus Checking 6106,Deposit,,,975.61,264848.5,N,Precision Blueprint Development_General Ledger.csv,2026-07-18T23:30:00-04:00,7c5968f006a9922e
2026-03-17,Chase Plat Bus Checking 6106,Expense,Capital Premium INS.,,-482.93,264365.57,N,Precision Blueprint Development_General Ledger.csv,2026-07-18T23:30:00-04:00,345cf671fae3d0a2
2026-03-18,Chase Plat Bus Checking 6106,Expense,Montiel Windows and Door,,-870.16,263495.41,N,Precision Blueprint Development_General Ledger.csv,2026-07-18T23:30:00-04:00,028c559b5779b4b6
2026-03-18,Chase Plat Bus Checking 6106,Expense,Montiel Windows and Door,,-1280.0,262215.41,N,Precision Blueprint Development_General Ledger.csv,2026-07-18T23:30:00-04:00,8d9a2099ec7a8db2
2026-03-18,Chase Plat Bus Checking 6106,Expense,Montiel Windows and Door,,-2535.0,259680.41,N,Precision Blueprint Development_General Ledger.csv,2026-07-18T23:30:00-04:00,2710bb51246f5c42
2026-03-18,Chase Plat Bus Checking 6106,Expense,"Next Generation Septic, Aaron",,-800.0,258880.41,N,Precision Blueprint Development_General Ledger.csv,2026-07-18T23:30:00-04:00,850a5efa0f694400
2026-03-19,Chase Plat Bus Checking 6106,Expense,Milan Cameron Beatty,Per client call 4/22/26,-60.0,258820.41,N,Precision Blueprint Development_General Ledger.csv,2026-07-18T23:30:00-04:00,f103dcc83c27a9e6
2026-03-19,Chase Plat Bus Checking 6106,Expense,Milan Cameron Beatty,Per client call 4/22/26,-12.0,258808.41,N,Precision Blueprint Development_General Ledger.csv,2026-07-18T23:30:00-04:00,a8ac528e1d93a249
2026-03-19,Chase Plat Bus Checking 6106,Expense,ADP,,-290.34,258518.07,N,Precision Blueprint Development_General Ledger.csv,2026-07-18T23:30:00-04:00,0b560a7d114fecf4
2026-03-20,Chase Plat Bus Checking 6106,Check,Bill Fitzgerald,,-5500.0,253018.07,N,Precision Blueprint Development_General Ledger.csv,2026-07-18T23:30:00-04:00,dce5b1866e9b05d7
2026-03-20,Chase Plat Bus Checking 6106,Journal Entry,,,-1262.3,251755.77,N,Precision Blueprint Development_General Ledger.csv,2026-07-18T23:30:00-04:00,fb102d88ff1cf030
2026-03-20,Chase Plat Bus Checking 6106,Journal Entry,,Direct Deposit,1262.3,253018.07,N,Precision Blueprint Development_General Ledger.csv,2026-07-18T23:30:00-04:00,0e0fdcaada240e20
2026-03-20,Chase Plat Bus Checking 6106,Journal Entry,,Direct Deposit,-1262.3,251755.77,N,Precision Blueprint Development_General Ledger.csv,2026-07-18T23:30:00-04:00,fb102d88ff1cf030
2026-03-20,Chase Plat Bus Checking 6106,Expense,ADP,,-69.31,251686.46,N,Precision Blueprint Development_General Ledger.csv,2026-07-18T23:30:00-04:00,d60ed3cb99e59f0b
2026-03-23,Chase Plat Bus Checking 6106,Deposit,Transfer,Instant Pmt from PRECISION BLUEPRINT DEVELOPMEN on 03/23 Ref\#XXXXXXXXXXXX00021P1BRJPCXXXXXXX6453,-5000.0,246686.46,N,Precision Blueprint Development_General Ledger.csv,2026-07-18T23:30:00-04:00,9317df5042589627
2026-03-23,Chase Plat Bus Checking 6106,Check,RayBen Design & Build - Raymond Bencomod,,-2000.0,244686.46,N,Precision Blueprint Development_General Ledger.csv,2026-07-18T23:30:00-04:00,159af1c12c6c32a5
2026-03-23,Chase Plat Bus Checking 6106,Expense,Aqua Finance,,-200.0,244486.46,N,Precision Blueprint Development_General Ledger.csv,2026-07-18T23:30:00-04:00,f538e6aed0f879f2
2026-03-23,Chase Plat Bus Checking 6106,Expense,Transfer 3758,,-1500.0,242986.46,N,Precision Blueprint Development_General Ledger.csv,2026-07-18T23:30:00-04:00,046187757e356f8c
2026-03-24,Chase Plat Bus Checking 6106,Deposit,Kelly Banuelos,Per client call 4/22/26,2500.0,245486.46,N,Precision Blueprint Development_General Ledger.csv,2026-07-18T23:30:00-04:00,7b5bf8485ac3cc19
2026-03-24,Chase Plat Bus Checking 6106,Check,Juan Diaz,,-4000.0,241486.46,N,Precision Blueprint Development_General Ledger.csv,2026-07-18T23:30:00-04:00,0a8102f5ee96e57a
2026-03-24,Chase Plat Bus Checking 6106,Expense,Neshijan LLC,,-20.0,241466.46,N,Precision Blueprint Development_General Ledger.csv,2026-07-18T23:30:00-04:00,09a997664c4e7e32
2026-03-25,Chase Plat Bus Checking 6106,Expense,Marin Construction LLC - Jose Marin,,-4500.0,236966.46,N,Precision Blueprint Development_General Ledger.csv,2026-07-18T23:30:00-04:00,1d761cc77298a6e7
2026-03-26,Chase Plat Bus Checking 6106,Expense,ADP,,-290.35,236676.11,N,Precision Blueprint Development_General Ledger.csv,2026-07-18T23:30:00-04:00,97c0d889691fe9aa
2026-03-27,Chase Plat Bus Checking 6106,Check,Bill Fitzgerald,,-6500.0,230176.11,N,Precision Blueprint Development_General Ledger.csv,2026-07-18T23:30:00-04:00,e0c62717ec00611c
2026-03-27,Chase Plat Bus Checking 6106,Check,Bill Fitzgerald,,-1250.0,228926.11,N,Precision Blueprint Development_General Ledger.csv,2026-07-18T23:30:00-04:00,402ce401ebab1ba0
2026-03-27,Chase Plat Bus Checking 6106,Expense,Anytime Dental,,-279.71,228646.4,N,Precision Blueprint Development_General Ledger.csv,2026-07-18T23:30:00-04:00,fe96c706ba7599d3
2026-03-27,Chase Plat Bus Checking 6106,Journal Entry,,,-1262.29,227384.11,N,Precision Blueprint Development_General Ledger.csv,2026-07-18T23:30:00-04:00,0626990cdb90a18c
2026-03-27,Chase Plat Bus Checking 6106,Journal Entry,,Direct Deposit,1262.29,228646.4,N,Precision Blueprint Development_General Ledger.csv,2026-07-18T23:30:00-04:00,3b1a9f9b14bee8a0
2026-03-27,Chase Plat Bus Checking 6106,Journal Entry,,Direct Deposit,-1262.29,227384.11,N,Precision Blueprint Development_General Ledger.csv,2026-07-18T23:30:00-04:00,0626990cdb90a18c
2026-03-27,Chase Plat Bus Checking 6106,Expense,ADP,,-69.31,227314.8,N,Precision Blueprint Development_General Ledger.csv,2026-07-18T23:30:00-04:00,35b5531cb1db9742
2026-03-30,Chase Plat Bus Checking 6106,Expense,Taylor Hagberg - Genco Consulting,,-300.0,227014.8,N,Precision Blueprint Development_General Ledger.csv,2026-07-18T23:30:00-04:00,dce81931d7493415
2026-03-30,Chase Plat Bus Checking 6106,Expense,Taylor Hagberg - Genco Consulting,,-150.0,226864.8,N,Precision Blueprint Development_General Ledger.csv,2026-07-18T23:30:00-04:00,534f084d17218f23
2026-03-30,Chase Plat Bus Checking 6106,Expense,Taylor Hagberg - Genco Consulting,,-60.0,226804.8,N,Precision Blueprint Development_General Ledger.csv,2026-07-18T23:30:00-04:00,8f7b34916ed4ec2d
2026-03-30,Chase Plat Bus Checking 6106,Expense,Taylor Hagberg - Genco Consulting,,-30.0,226774.8,N,Precision Blueprint Development_General Ledger.csv,2026-07-18T23:30:00-04:00,c842578c9addeaed
2026-03-30,Chase Plat Bus Checking 6106,Expense,Taylor Hagberg - Genco Consulting,,-1000.0,225774.8,N,Precision Blueprint Development_General Ledger.csv,2026-07-18T23:30:00-04:00,4ffa30221d8cc6b2
2026-03-30,Chase Plat Bus Checking 6106,Expense,Taylor Hagberg - Genco Consulting,,-150.0,225624.8,N,Precision Blueprint Development_General Ledger.csv,2026-07-18T23:30:00-04:00,534f084d17218f23
2026-03-30,Chase Plat Bus Checking 6106,Expense,Taylor Hagberg - Genco Consulting,,-225.0,225399.8,N,Precision Blueprint Development_General Ledger.csv,2026-07-18T23:30:00-04:00,a20f25879414716d
2026-03-30,Chase Plat Bus Checking 6106,Expense,Taylor Hagberg - Genco Consulting,,-805.0,224594.8,N,Precision Blueprint Development_General Ledger.csv,2026-07-18T23:30:00-04:00,b60af485cfeb6a8d
2026-03-30,Chase Plat Bus Checking 6106,Expense,Taylor Hagberg - Genco Consulting,,-300.0,224294.8,N,Precision Blueprint Development_General Ledger.csv,2026-07-18T23:30:00-04:00,dce81931d7493415
2026-03-30,Chase Plat Bus Checking 6106,Expense,Taylor Hagberg - Genco Consulting,,-235.0,224059.8,N,Precision Blueprint Development_General Ledger.csv,2026-07-18T23:30:00-04:00,bf8b084c6960dd4e
2026-03-30,Chase Plat Bus Checking 6106,Expense,Taylor Hagberg - Genco Consulting,,-145.0,223914.8,N,Precision Blueprint Development_General Ledger.csv,2026-07-18T23:30:00-04:00,acc4b3fb6f25df3e
2026-03-30,Chase Plat Bus Checking 6106,Check,Juan Diaz,,-4200.0,219714.8,N,Precision Blueprint Development_General Ledger.csv,2026-07-18T23:30:00-04:00,fff59abfafc9c928
2026-03-30,Chase Plat Bus Checking 6106,Expense,Transfer 3758,,-1500.0,218214.8,N,Precision Blueprint Development_General Ledger.csv,2026-07-18T23:30:00-04:00,fc2a42f0bdc9d3e9
2026-03-30,Chase Plat Bus Checking 6106,Expense,Ramon Design,,-1200.0,217014.8,N,Precision Blueprint Development_General Ledger.csv,2026-07-18T23:30:00-04:00,7cd6ed5ca0ea6f98
2026-03-30,Chase Plat Bus Checking 6106,Expense,Omar Cervantes,Per client call 4/22/26,-1650.0,215364.8,N,Precision Blueprint Development_General Ledger.csv,2026-07-18T23:30:00-04:00,c1ef70859d0c2b33
2026-03-30,Chase Plat Bus Checking 6106,Expense,Junior Alexander Carbajal,"Per client call 4/22/26, this payment did not go to Junior Alexander, it went to a random person (accident). Raul is working on getting this refunded, if we see the refund we will wash it in distro with this expense.",-5000.0,210364.8,N,Precision Blueprint Development_General Ledger.csv,2026-07-18T23:30:00-04:00,c23de11cee50c2b8
2026-03-30,Chase Plat Bus Checking 6106,Expense,Junior Alexander Carbajal,Per client call 4/22/26,-3350.0,207014.8,N,Precision Blueprint Development_General Ledger.csv,2026-07-18T23:30:00-04:00,5a7daf1beef89c03
2026-03-30,Chase Plat Bus Checking 6106,Expense,Mendoza Construction LLC - Jose Mendoza,,-4000.0,203014.8,N,Precision Blueprint Development_General Ledger.csv,2026-07-18T23:30:00-04:00,f959e26e012f5a89
2026-03-30,Chase Plat Bus Checking 6106,Expense,Kelly Banuelos,,-130.0,202884.8,N,Precision Blueprint Development_General Ledger.csv,2026-07-18T23:30:00-04:00,52fa9447e481edad
2026-03-31,Chase Plat Bus Checking 6106,Deposit,,,7871.84,210756.64,N,Precision Blueprint Development_General Ledger.csv,2026-07-18T23:30:00-04:00,e730d83cdad95ad1
2026-03-31,Chase Plat Bus Checking 6106,Deposit,,,3039.22,213795.86,N,Precision Blueprint Development_General Ledger.csv,2026-07-18T23:30:00-04:00,41e36d782f8ee0fb
2026-03-31,Chase Plat Bus Checking 6106,Check,RayBen Design & Build - Raymond Bencomod,,-7440.0,206355.86,N,Precision Blueprint Development_General Ledger.csv,2026-07-18T23:30:00-04:00,76e0a0445dcf6944
2026-03-31,Chase Plat Bus Checking 6106,Check,Roberto Carbajal,,-5650.0,200705.86,N,Precision Blueprint Development_General Ledger.csv,2026-07-18T23:30:00-04:00,2682e65705803445
2026-04-02,Chase Plat Bus Checking 6106,Expense,Platform Factory,,-74.99,200630.87,N,Precision Blueprint Development_General Ledger.csv,2026-07-18T23:30:00-04:00,5b7de06056783cb9
2026-04-02,Chase Plat Bus Checking 6106,Expense,Platform Factory,,-10.0,200620.87,N,Precision Blueprint Development_General Ledger.csv,2026-07-18T23:30:00-04:00,fdd1d55232f5ece0
2026-04-02,Chase Plat Bus Checking 6106,Expense,ADP,,-290.35,200330.52,N,Precision Blueprint Development_General Ledger.csv,2026-07-18T23:30:00-04:00,c9cb86c4c50d7be2
2026-04-03,Chase Plat Bus Checking 6106,Expense,Mendoza Construction LLC - Jose Mendoza,,-3000.0,197330.52,N,Precision Blueprint Development_General Ledger.csv,2026-07-18T23:30:00-04:00,b426bdb447e11f57
2026-04-03,Chase Plat Bus Checking 6106,Journal Entry,,,-1262.29,196068.23,N,Precision Blueprint Development_General Ledger.csv,2026-07-18T23:30:00-04:00,5d3717926c1215fb
2026-04-03,Chase Plat Bus Checking 6106,Journal Entry,,Direct Deposit,1262.29,197330.52,N,Precision Blueprint Development_General Ledger.csv,2026-07-18T23:30:00-04:00,2379238d3f12dd97
2026-04-03,Chase Plat Bus Checking 6106,Journal Entry,,Direct Deposit,-1262.29,196068.23,N,Precision Blueprint Development_General Ledger.csv,2026-07-18T23:30:00-04:00,5d3717926c1215fb
2026-04-03,Chase Plat Bus Checking 6106,Expense,ADP,,-69.31,195998.92,N,Precision Blueprint Development_General Ledger.csv,2026-07-18T23:30:00-04:00,0b0d9d183eea24f3
2026-04-03,Chase Plat Bus Checking 6106,Expense,ADP,,-50.0,195948.92,N,Precision Blueprint Development_General Ledger.csv,2026-07-18T23:30:00-04:00,1d47c0a04ea27442
2026-04-04,Chase Plat Bus Checking 6106,Credit Card Credit,Barclay Card,,-1948.03,194000.89,N,Precision Blueprint Development_General Ledger.csv,2026-07-18T23:30:00-04:00,1600753d174cf481
2026-04-04,Chase Plat Bus Checking 6106,Expense,Blanca Gonzalez,,-200.0,193800.89,N,Precision Blueprint Development_General Ledger.csv,2026-07-18T23:30:00-04:00,8e9894caeb37d71d
2026-04-06,Chase Plat Bus Checking 6106,Expense,Transfer 3758,,-1500.0,192300.89,N,Precision Blueprint Development_General Ledger.csv,2026-07-18T23:30:00-04:00,96c33c725cfd9976
2026-04-06,Chase Plat Bus Checking 6106,Expense,H & M Electric Company LLC - Herman Macharro,,-1985.0,190315.89,N,Precision Blueprint Development_General Ledger.csv,2026-07-18T23:30:00-04:00,b1fef04ab55c76c0
2026-04-06,Chase Plat Bus Checking 6106,Expense,Ramon Design,,-2100.0,188215.89,N,Precision Blueprint Development_General Ledger.csv,2026-07-18T23:30:00-04:00,7d4046bce72e798f
2026-04-07,Chase Plat Bus Checking 6106,Deposit,,,5000.0,193215.89,N,Precision Blueprint Development_General Ledger.csv,2026-07-18T23:30:00-04:00,d8d7be173810c22f
2026-04-07,Chase Plat Bus Checking 6106,Expense,Navarro Roofing - Yajaira Cineros Chacon,,-500.0,192715.89,N,Precision Blueprint Development_General Ledger.csv,2026-07-18T23:30:00-04:00,57b67fd1b5d46ea9
2026-04-07,Chase Plat Bus Checking 6106,Credit Card Payment,Chase,,-40000.0,152715.89,N,Precision Blueprint Development_General Ledger.csv,2026-07-18T23:30:00-04:00,19110a10241c0003
2026-04-09,Chase Plat Bus Checking 6106,Deposit,,,2000.0,154715.89,N,Precision Blueprint Development_General Ledger.csv,2026-07-18T23:30:00-04:00,edebb90f48c0b17f
2026-04-09,Chase Plat Bus Checking 6106,Deposit,,,1365.0,156080.89,N,Precision Blueprint Development_General Ledger.csv,2026-07-18T23:30:00-04:00,bbb79a14c3c9c6d7
2026-04-09,Chase Plat Bus Checking 6106,Expense,Best Buy,,-192.05,155888.84,N,Precision Blueprint Development_General Ledger.csv,2026-07-18T23:30:00-04:00,70f7253073d8274c
2026-04-09,Chase Plat Bus Checking 6106,Expense,ADP,,-290.34,155598.5,N,Precision Blueprint Development_General Ledger.csv,2026-07-18T23:30:00-04:00,57ed01dca224872a
2026-04-10,Chase Plat Bus Checking 6106,Expense,Anytime Dental,,-263.1,155335.4,N,Precision Blueprint Development_General Ledger.csv,2026-07-18T23:30:00-04:00,5f21b1d8d9f309e7
2026-04-10,Chase Plat Bus Checking 6106,Journal Entry,,,-1262.3,154073.1,N,Precision Blueprint Development_General Ledger.csv,2026-07-18T23:30:00-04:00,5ab37a4c00f84e73
2026-04-10,Chase Plat Bus Checking 6106,Journal Entry,,Direct Deposit,1262.3,155335.4,N,Precision Blueprint Development_General Ledger.csv,2026-07-18T23:30:00-04:00,ea5db35e8ba381dd
2026-04-10,Chase Plat Bus Checking 6106,Journal Entry,,Direct Deposit,-1262.3,154073.1,N,Precision Blueprint Development_General Ledger.csv,2026-07-18T23:30:00-04:00,5ab37a4c00f84e73
2026-04-10,Chase Plat Bus Checking 6106,Expense,ADP,,-69.31,154003.79,N,Precision Blueprint Development_General Ledger.csv,2026-07-18T23:30:00-04:00,82e212a0fa986210
2026-04-12,Chase Plat Bus Checking 6106,Expense,Mendoza Construction LLC - Jose Mendoza,,-2000.0,152003.79,N,Precision Blueprint Development_General Ledger.csv,2026-07-18T23:30:00-04:00,d5a7512a3ada2f52
2026-04-13,Chase Plat Bus Checking 6106,Deposit,Merchant Service,,811.31,152815.1,N,Precision Blueprint Development_General Ledger.csv,2026-07-18T23:30:00-04:00,11b5e8e5d8f97ac1
2026-04-13,Chase Plat Bus Checking 6106,Expense,Transfer 3758,,-1500.0,151315.1,N,Precision Blueprint Development_General Ledger.csv,2026-07-18T23:30:00-04:00,b05070f88574fa77
2026-04-13,Chase Plat Bus Checking 6106,Expense,Ramon Design,,-1200.0,150115.1,N,Precision Blueprint Development_General Ledger.csv,2026-07-18T23:30:00-04:00,f874e1db2cf3ec29
2026-04-14,Chase Plat Bus Checking 6106,Expense,Blanca Gonzalez,,-413.0,149702.1,N,Precision Blueprint Development_General Ledger.csv,2026-07-18T23:30:00-04:00,d0f642e793e2d1a0
2026-04-15,Chase Plat Bus Checking 6106,Expense,Capital Premium INS.,,-482.93,149219.17,N,Precision Blueprint Development_General Ledger.csv,2026-07-18T23:30:00-04:00,bf261a7692a3aaec
2026-04-16,Chase Plat Bus Checking 6106,Expense,City of Mesa (Utility Only),,-49.45,149169.72,N,Precision Blueprint Development_General Ledger.csv,2026-07-18T23:30:00-04:00,425d821893a58509
2026-04-16,Chase Plat Bus Checking 6106,Expense,Yolanda Lopez,,-300.0,148869.72,N,Precision Blueprint Development_General Ledger.csv,2026-07-18T23:30:00-04:00,077d92ced0463171
2026-04-16,Chase Plat Bus Checking 6106,Expense,J's Plumbing,,-2000.0,146869.72,N,Precision Blueprint Development_General Ledger.csv,2026-07-18T23:30:00-04:00,0f654ad5d5eed969
2026-04-16,Chase Plat Bus Checking 6106,Expense,ADP,,-290.35,146579.37,N,Precision Blueprint Development_General Ledger.csv,2026-07-18T23:30:00-04:00,cd973466f0594280
2026-04-17,Chase Plat Bus Checking 6106,Expense,Montiel Windows and Door,,-1100.0,145479.37,N,Precision Blueprint Development_General Ledger.csv,2026-07-18T23:30:00-04:00,07b33455dd3cbdcb
2026-04-17,Chase Plat Bus Checking 6106,Journal Entry,,,-1262.29,144217.08,N,Precision Blueprint Development_General Ledger.csv,2026-07-18T23:30:00-04:00,73ba6db78eba4918
2026-04-17,Chase Plat Bus Checking 6106,Journal Entry,,Direct Deposit,1262.29,145479.37,N,Precision Blueprint Development_General Ledger.csv,2026-07-18T23:30:00-04:00,433416bf5e1e072c
2026-04-17,Chase Plat Bus Checking 6106,Journal Entry,,Direct Deposit,-1262.29,144217.08,N,Precision Blueprint Development_General Ledger.csv,2026-07-18T23:30:00-04:00,73ba6db78eba4918
2026-04-17,Chase Plat Bus Checking 6106,Expense,ADP,,-69.31,144147.77,N,Precision Blueprint Development_General Ledger.csv,2026-07-18T23:30:00-04:00,2ed989d2c46c2abd
2026-04-18,Chase Plat Bus Checking 6106,Expense,Blanca Gonzalez,,-100.0,144047.77,N,Precision Blueprint Development_General Ledger.csv,2026-07-18T23:30:00-04:00,fe57f2fc10d65218
2026-04-18,Chase Plat Bus Checking 6106,Expense,Liliana Salgado,,-300.0,143747.77,N,Precision Blueprint Development_General Ledger.csv,2026-07-18T23:30:00-04:00,724131c3aa919d6f
2026-04-20,Chase Plat Bus Checking 6106,Expense,Transfer 3758,,-2000.0,141747.77,N,Precision Blueprint Development_General Ledger.csv,2026-07-18T23:30:00-04:00,d332ba08085a0259
2026-04-20,Chase Plat Bus Checking 6106,Expense,Ramon Design,,-1200.0,140547.77,N,Precision Blueprint Development_General Ledger.csv,2026-07-18T23:30:00-04:00,7e095e4e19a79fe9
2026-04-21,Chase Plat Bus Checking 6106,Expense,H & M Electric Company LLC - Herman Macharro,,-4590.0,135957.77,N,Precision Blueprint Development_General Ledger.csv,2026-07-18T23:30:00-04:00,e8f6073f91778844
2026-04-23,Chase Plat Bus Checking 6106,Expense,Aqua Finance,,-200.0,135757.77,N,Precision Blueprint Development_General Ledger.csv,2026-07-18T23:30:00-04:00,65777c62e9e2f339
2026-04-23,Chase Plat Bus Checking 6106,Expense,ADP,,-290.34,135467.43,N,Precision Blueprint Development_General Ledger.csv,2026-07-18T23:30:00-04:00,5e2712e745d9c2f3
2026-04-24,Chase Plat Bus Checking 6106,Expense,Omar Cervantes,,-1000.0,134467.43,N,Precision Blueprint Development_General Ledger.csv,2026-07-18T23:30:00-04:00,116c41144b45ebe4
2026-04-24,Chase Plat Bus Checking 6106,Journal Entry,,,-1262.3,133205.13,N,Precision Blueprint Development_General Ledger.csv,2026-07-18T23:30:00-04:00,38c19a885ceff99e
2026-04-24,Chase Plat Bus Checking 6106,Journal Entry,,Direct Deposit,1262.3,134467.43,N,Precision Blueprint Development_General Ledger.csv,2026-07-18T23:30:00-04:00,c64f81c5710e8183
2026-04-24,Chase Plat Bus Checking 6106,Journal Entry,,Direct Deposit,-1262.3,133205.13,N,Precision Blueprint Development_General Ledger.csv,2026-07-18T23:30:00-04:00,38c19a885ceff99e
2026-04-24,Chase Plat Bus Checking 6106,Expense,ADP,,-69.31,133135.82,N,Precision Blueprint Development_General Ledger.csv,2026-07-18T23:30:00-04:00,005be17330d09e16
2026-04-25,Chase Plat Bus Checking 6106,Check,Juan Diaz,,-6000.0,127135.82,N,Precision Blueprint Development_General Ledger.csv,2026-07-18T23:30:00-04:00,a2cb249ed252aa20
2026-04-27,Chase Plat Bus Checking 6106,Expense,Anytime Dental,,-279.71,126856.11,N,Precision Blueprint Development_General Ledger.csv,2026-07-18T23:30:00-04:00,19b70203928d0d67
2026-04-27,Chase Plat Bus Checking 6106,Expense,Transfer 3758,,-2000.0,124856.11,N,Precision Blueprint Development_General Ledger.csv,2026-07-18T23:30:00-04:00,ccf9ecdf8fe2831e
2026-04-27,Chase Plat Bus Checking 6106,Expense,Ramon Design,,-1200.0,123656.11,N,Precision Blueprint Development_General Ledger.csv,2026-07-18T23:30:00-04:00,f791e6e9ba3b6c84
2026-04-28,Chase Plat Bus Checking 6106,Deposit,Merchant Service,,1047.48,124703.59,N,Precision Blueprint Development_General Ledger.csv,2026-07-18T23:30:00-04:00,e648a323550a18fe
2026-04-29,Chase Plat Bus Checking 6106,Check,Our Lady of Guadalupe,,-200.0,124503.59,N,Precision Blueprint Development_General Ledger.csv,2026-07-18T23:30:00-04:00,e8d0e51c07abe310
2026-04-30,Chase Plat Bus Checking 6106,Expense,ADP,,-290.35,124213.24,N,Precision Blueprint Development_General Ledger.csv,2026-07-18T23:30:00-04:00,0f38f09d57eb4d8a
2026-04-30,Chase Plat Bus Checking 6106,Expense,Donald Barringer,,-845.0,123368.24,N,Precision Blueprint Development_General Ledger.csv,2026-07-18T23:30:00-04:00,f3e35d8d311e3af7
2026-04-30,Chase Plat Bus Checking 6106,Expense,,,-1000.0,122368.24,N,Precision Blueprint Development_General Ledger.csv,2026-07-18T23:30:00-04:00,5a2096514748529f
2026-05-01,Chase Plat Bus Checking 6106,Deposit,Mandarin Investments - Weavers Needle,,4500.0,126868.24,N,Precision Blueprint Development_General Ledger.csv,2026-07-18T23:30:00-04:00,9d2998c9d7b2f09b
2026-05-01,Chase Plat Bus Checking 6106,Expense,Transfer 3758,,-2000.0,124868.24,N,Precision Blueprint Development_General Ledger.csv,2026-07-18T23:30:00-04:00,d4da0694cd5f1ab6
2026-05-01,Chase Plat Bus Checking 6106,Expense,Kelly Banuelos,,-1000.0,123868.24,N,Precision Blueprint Development_General Ledger.csv,2026-07-18T23:30:00-04:00,cc4708fc5416c3aa
2026-05-01,Chase Plat Bus Checking 6106,Expense,RayBen Design & Build - Raymond Bencomod,,-2000.0,121868.24,N,Precision Blueprint Development_General Ledger.csv,2026-07-18T23:30:00-04:00,c74e0afc81e741e1
2026-05-01,Chase Plat Bus Checking 6106,Expense,RayBen Design & Build - Raymond Bencomod,,-2000.0,119868.24,N,Precision Blueprint Development_General Ledger.csv,2026-07-18T23:30:00-04:00,c74e0afc81e741e1
2026-05-01,Chase Plat Bus Checking 6106,Journal Entry,,,-1262.29,118605.95,N,Precision Blueprint Development_General Ledger.csv,2026-07-18T23:30:00-04:00,968ed199a5bcb0e1
2026-05-01,Chase Plat Bus Checking 6106,Journal Entry,,Direct Deposit,1262.29,119868.24,N,Precision Blueprint Development_General Ledger.csv,2026-07-18T23:30:00-04:00,bcb8ea1fa896b104
2026-05-01,Chase Plat Bus Checking 6106,Journal Entry,,Direct Deposit,-1262.29,118605.95,N,Precision Blueprint Development_General Ledger.csv,2026-07-18T23:30:00-04:00,968ed199a5bcb0e1
2026-05-01,Chase Plat Bus Checking 6106,Expense,ADP,,-69.31,118536.64,N,Precision Blueprint Development_General Ledger.csv,2026-07-18T23:30:00-04:00,9f088866119d7e47
2026-05-01,Chase Plat Bus Checking 6106,Expense,ADP,,-50.0,118486.64,N,Precision Blueprint Development_General Ledger.csv,2026-07-18T23:30:00-04:00,b0d8bb1fdf280e48
2026-05-02,Chase Plat Bus Checking 6106,Expense,Merchant Service,,-24.26,118462.38,N,Precision Blueprint Development_General Ledger.csv,2026-07-18T23:30:00-04:00,51ac40ea1e48bd1c
2026-05-04,Chase Plat Bus Checking 6106,Expense,Transfer 3758,,-2000.0,116462.38,N,Precision Blueprint Development_General Ledger.csv,2026-07-18T23:30:00-04:00,e47ce8763e5bb510
2026-05-04,Chase Plat Bus Checking 6106,Expense,Platform Factory,,-74.99,116387.39,N,Precision Blueprint Development_General Ledger.csv,2026-07-18T23:30:00-04:00,8455b93ac0a10874
2026-05-04,Chase Plat Bus Checking 6106,Expense,Platform Factory,,-7.86,116379.53,N,Precision Blueprint Development_General Ledger.csv,2026-07-18T23:30:00-04:00,a4a9819c07162bc3
2026-05-04,Chase Plat Bus Checking 6106,Expense,Mendoza Construction LLC - Jose Mendoza,,-2000.0,114379.53,N,Precision Blueprint Development_General Ledger.csv,2026-07-18T23:30:00-04:00,d318cca915a1605a
2026-05-04,Chase Plat Bus Checking 6106,Expense,Ramon Design,,-1200.0,113179.53,N,Precision Blueprint Development_General Ledger.csv,2026-07-18T23:30:00-04:00,2553a3a46952f431
2026-05-04,Chase Plat Bus Checking 6106,Expense,Navarro Roofing - Yajaira Cineros Chacon,,-1950.0,111229.53,N,Precision Blueprint Development_General Ledger.csv,2026-07-18T23:30:00-04:00,94963c82191ef9fa
2026-05-05,Chase Plat Bus Checking 6106,Deposit,Precision Blueprint Development,,2490.9,113720.43,N,Precision Blueprint Development_General Ledger.csv,2026-07-18T23:30:00-04:00,c333362d8f911458
2026-05-05,Chase Plat Bus Checking 6106,Expense,Ryan Goodwin,,-1000.0,112720.43,N,Precision Blueprint Development_General Ledger.csv,2026-07-18T23:30:00-04:00,2d10a01e01961b8b
2026-05-05,Chase Plat Bus Checking 6106,Expense,Barclay Card,,-750.57,111969.86,N,Precision Blueprint Development_General Ledger.csv,2026-07-18T23:30:00-04:00,14c4b46cea8ae4fc
2026-05-07,Chase Plat Bus Checking 6106,Credit Card Payment,Chase,,-36770.11,75199.75,N,Precision Blueprint Development_General Ledger.csv,2026-07-18T23:30:00-04:00,77089f3fd23b01cd
2026-05-07,Chase Plat Bus Checking 6106,Expense,ADP,,-290.35,74909.4,N,Precision Blueprint Development_General Ledger.csv,2026-07-18T23:30:00-04:00,42822fd0b7f84df8
2026-05-08,Chase Plat Bus Checking 6106,Deposit,,,7400.0,82309.4,N,Precision Blueprint Development_General Ledger.csv,2026-07-18T23:30:00-04:00,994c25dc654da39e
2026-05-08,Chase Plat Bus Checking 6106,Expense,Anytime Dental,,-263.1,82046.3,N,Precision Blueprint Development_General Ledger.csv,2026-07-18T23:30:00-04:00,1ba9a9eb2e7236ec
2026-05-08,Chase Plat Bus Checking 6106,Expense,Mendoza Construction LLC - Jose Mendoza,,-700.0,81346.3,N,Precision Blueprint Development_General Ledger.csv,2026-07-18T23:30:00-04:00,1d4f38446fd0d153
2026-05-08,Chase Plat Bus Checking 6106,Expense,RayBen Design & Build - Raymond Bencomod,,-2000.0,79346.3,N,Precision Blueprint Development_General Ledger.csv,2026-07-18T23:30:00-04:00,631aeb05e39ba9c0
2026-05-08,Chase Plat Bus Checking 6106,Expense,Taylor Hagberg - Genco Consulting,,-200.0,79146.3,N,Precision Blueprint Development_General Ledger.csv,2026-07-18T23:30:00-04:00,c483bdd14c55e83c
2026-05-08,Chase Plat Bus Checking 6106,Expense,Taylor Hagberg - Genco Consulting,,-300.0,78846.3,N,Precision Blueprint Development_General Ledger.csv,2026-07-18T23:30:00-04:00,e3d981456d16f50c
2026-05-08,Chase Plat Bus Checking 6106,Expense,Taylor Hagberg - Genco Consulting,,-120.0,78726.3,N,Precision Blueprint Development_General Ledger.csv,2026-07-18T23:30:00-04:00,10d9c73349df386a
2026-05-08,Chase Plat Bus Checking 6106,Expense,Taylor Hagberg - Genco Consulting,,-150.0,78576.3,N,Precision Blueprint Development_General Ledger.csv,2026-07-18T23:30:00-04:00,136a933668ef5830
2026-05-08,Chase Plat Bus Checking 6106,Expense,Taylor Hagberg - Genco Consulting,,-100.0,78476.3,N,Precision Blueprint Development_General Ledger.csv,2026-07-18T23:30:00-04:00,94061bdf109269b0
2026-05-08,Chase Plat Bus Checking 6106,Expense,Taylor Hagberg - Genco Consulting,,-300.0,78176.3,N,Precision Blueprint Development_General Ledger.csv,2026-07-18T23:30:00-04:00,e3d981456d16f50c
2026-05-08,Chase Plat Bus Checking 6106,Expense,Taylor Hagberg - Genco Consulting,,-270.0,77906.3,N,Precision Blueprint Development_General Ledger.csv,2026-07-18T23:30:00-04:00,fecaf3e2a58c6253
2026-05-08,Chase Plat Bus Checking 6106,Expense,Taylor Hagberg - Genco Consulting,,-150.0,77756.3,N,Precision Blueprint Development_General Ledger.csv,2026-07-18T23:30:00-04:00,136a933668ef5830
2026-05-08,Chase Plat Bus Checking 6106,Expense,Taylor Hagberg - Genco Consulting,,-150.0,77606.3,N,Precision Blueprint Development_General Ledger.csv,2026-07-18T23:30:00-04:00,136a933668ef5830
2026-05-08,Chase Plat Bus Checking 6106,Expense,Taylor Hagberg - Genco Consulting,,-300.0,77306.3,N,Precision Blueprint Development_General Ledger.csv,2026-07-18T23:30:00-04:00,e3d981456d16f50c
2026-05-08,Chase Plat Bus Checking 6106,Journal Entry,,,-1262.29,76044.01,N,Precision Blueprint Development_General Ledger.csv,2026-07-18T23:30:00-04:00,fc0276b3ce3e018b
2026-05-08,Chase Plat Bus Checking 6106,Journal Entry,,Direct Deposit,1262.29,77306.3,N,Precision Blueprint Development_General Ledger.csv,2026-07-18T23:30:00-04:00,131033155843779b
2026-05-08,Chase Plat Bus Checking 6106,Journal Entry,,Direct Deposit,-1262.29,76044.01,N,Precision Blueprint Development_General Ledger.csv,2026-07-18T23:30:00-04:00,fc0276b3ce3e018b
2026-05-08,Chase Plat Bus Checking 6106,Expense,ADP,,-69.31,75974.7,N,Precision Blueprint Development_General Ledger.csv,2026-07-18T23:30:00-04:00,f544d13d77f680de
2026-05-09,Chase Plat Bus Checking 6106,Expense,Mendoza Construction LLC - Jose Mendoza,,-3000.0,72974.7,N,Precision Blueprint Development_General Ledger.csv,2026-07-18T23:30:00-04:00,4fc4c2da8347359a
2026-05-09,Chase Plat Bus Checking 6106,Check,Juan Diaz,,-1300.0,71674.7,N,Precision Blueprint Development_General Ledger.csv,2026-07-18T23:30:00-04:00,28f7072933a01ec7
2026-05-11,Chase Plat Bus Checking 6106,Deposit,,,5490.0,77164.7,N,Precision Blueprint Development_General Ledger.csv,2026-07-18T23:30:00-04:00,80ed6aabc077eb9b
2026-05-11,Chase Plat Bus Checking 6106,Expense,Transfer 3758,,-2000.0,75164.7,N,Precision Blueprint Development_General Ledger.csv,2026-07-18T23:30:00-04:00,f1da0f3b1cc6bb2f
2026-05-11,Chase Plat Bus Checking 6106,Expense,Desert Concrete Specialists/Edgar Ramirez,,-1922.5,73242.2,N,Precision Blueprint Development_General Ledger.csv,2026-07-18T23:30:00-04:00,14385a76a8eef482
2026-05-11,Chase Plat Bus Checking 6106,Expense,Mendoza Construction LLC - Jose Mendoza,,-1200.0,72042.2,N,Precision Blueprint Development_General Ledger.csv,2026-07-18T23:30:00-04:00,aba0254a4618b8bc
2026-05-11,Chase Plat Bus Checking 6106,Expense,Ramon Design,,-1200.0,70842.2,N,Precision Blueprint Development_General Ledger.csv,2026-07-18T23:30:00-04:00,a6433ad9dafd200a
2026-05-11,Chase Plat Bus Checking 6106,Check,Bill Fitzgerald,,-9500.0,61342.2,N,Precision Blueprint Development_General Ledger.csv,2026-07-18T23:30:00-04:00,40a97a8e84768466
2026-05-12,Chase Plat Bus Checking 6106,Deposit,,,61265.0,122607.2,N,Precision Blueprint Development_General Ledger.csv,2026-07-18T23:30:00-04:00,1b3bef1317539c90
2026-05-12,Chase Plat Bus Checking 6106,Deposit,Merchant Service,,2541.91,125149.11,N,Precision Blueprint Development_General Ledger.csv,2026-07-18T23:30:00-04:00,6843beaabe9c27c5
2026-05-12,Chase Plat Bus Checking 6106,Deposit,Jon Jenson,,2983.26,128132.37,N,Precision Blueprint Development_General Ledger.csv,2026-07-18T23:30:00-04:00,19b9788552c16179
2026-05-12,Chase Plat Bus Checking 6106,Deposit,Jon Jenson,,2983.26,131115.63,N,Precision Blueprint Development_General Ledger.csv,2026-07-18T23:30:00-04:00,19b9788552c16179
2026-05-12,Chase Plat Bus Checking 6106,Deposit,Nikki Jackson,,787.76,131903.39,N,Precision Blueprint Development_General Ledger.csv,2026-07-18T23:30:00-04:00,ea6209109af89654
2026-05-12,Chase Plat Bus Checking 6106,Check,Juan Diaz,,-6000.0,125903.39,N,Precision Blueprint Development_General Ledger.csv,2026-07-18T23:30:00-04:00,ea83d2e84f08bc5f
2026-05-13,Chase Plat Bus Checking 6106,Expense,Kelly Banuelos,,-100.0,125803.39,N,Precision Blueprint Development_General Ledger.csv,2026-07-18T23:30:00-04:00,d78f65f4b7f6c164
2026-05-14,Chase Plat Bus Checking 6106,Expense,Desert Concrete Specialists/Edgar Ramirez,,-1922.5,123880.89,N,Precision Blueprint Development_General Ledger.csv,2026-07-18T23:30:00-04:00,9d614788ce3a497b
2026-05-14,Chase Plat Bus Checking 6106,Expense,ADP,,-290.34,123590.55,N,Precision Blueprint Development_General Ledger.csv,2026-07-18T23:30:00-04:00,2d23e6b58b31da5e
2026-05-15,Chase Plat Bus Checking 6106,Expense,H & M Electric Company LLC - Herman Macharro,,-3000.0,120590.55,N,Precision Blueprint Development_General Ledger.csv,2026-07-18T23:30:00-04:00,1c5b10e9372f3104
2026-05-15,Chase Plat Bus Checking 6106,Journal Entry,,,-1262.3,119328.25,N,Precision Blueprint Development_General Ledger.csv,2026-07-18T23:30:00-04:00,bd6cc7f1766744f5
2026-05-15,Chase Plat Bus Checking 6106,Journal Entry,,Direct Deposit,1262.3,120590.55,N,Precision Blueprint Development_General Ledger.csv,2026-07-18T23:30:00-04:00,12baee954e45f2af
2026-05-15,Chase Plat Bus Checking 6106,Journal Entry,,Direct Deposit,-1262.3,119328.25,N,Precision Blueprint Development_General Ledger.csv,2026-07-18T23:30:00-04:00,bd6cc7f1766744f5
2026-05-15,Chase Plat Bus Checking 6106,Expense,ADP,,-69.31,119258.94,N,Precision Blueprint Development_General Ledger.csv,2026-07-18T23:30:00-04:00,43e9445f40a950de
2026-05-16,Chase Plat Bus Checking 6106,Expense,Mendoza Construction LLC - Jose Mendoza,,-800.0,118458.94,N,Precision Blueprint Development_General Ledger.csv,2026-07-18T23:30:00-04:00,d657613dc6aa2725
2026-05-18,Chase Plat Bus Checking 6106,Expense,City of Mesa (Utility Only),,-35.4,118423.54,N,Precision Blueprint Development_General Ledger.csv,2026-07-18T23:30:00-04:00,fedb306d98a60e75
2026-05-18,Chase Plat Bus Checking 6106,Expense,Transfer 3758,,-2000.0,116423.54,N,Precision Blueprint Development_General Ledger.csv,2026-07-18T23:30:00-04:00,6b250c4bdb2e83cd
2026-05-18,Chase Plat Bus Checking 6106,Expense,Kelly Banuelos,,-20.0,116403.54,N,Precision Blueprint Development_General Ledger.csv,2026-07-18T23:30:00-04:00,c47b514ecc68830e
2026-05-18,Chase Plat Bus Checking 6106,Expense,Montiel Windows and Door,,-1980.0,114423.54,N,Precision Blueprint Development_General Ledger.csv,2026-07-18T23:30:00-04:00,24291d8c15c42f91
2026-05-18,Chase Plat Bus Checking 6106,Expense,Montiel Windows and Door,,-2025.0,112398.54,N,Precision Blueprint Development_General Ledger.csv,2026-07-18T23:30:00-04:00,8dc9af89ca3ed2d5
2026-05-18,Chase Plat Bus Checking 6106,Expense,Ramon Design,,-1200.0,111198.54,N,Precision Blueprint Development_General Ledger.csv,2026-07-18T23:30:00-04:00,87de234b96036f2b
2026-05-18,Chase Plat Bus Checking 6106,Deposit,Lettye Harris // Church Addition,,8678.57,119877.11,N,Precision Blueprint Development_General Ledger.csv,2026-07-18T23:30:00-04:00,ae97b3c117b5c1bd
2026-05-20,Chase Plat Bus Checking 6106,Deposit,Merchant Service,,1047.54,120924.65,N,Precision Blueprint Development_General Ledger.csv,2026-07-18T23:30:00-04:00,397655aac6eeac4f
2026-05-20,Chase Plat Bus Checking 6106,Expense,,,-1300.0,119624.65,N,Precision Blueprint Development_General Ledger.csv,2026-07-18T23:30:00-04:00,42a02a9255f3b727
2026-05-21,Chase Plat Bus Checking 6106,Expense,Capital Premium INS.,,-482.93,119141.72,N,Precision Blueprint Development_General Ledger.csv,2026-07-18T23:30:00-04:00,39ceddc54151b919
2026-05-21,Chase Plat Bus Checking 6106,Expense,ADP,,-290.35,118851.37,N,Precision Blueprint Development_General Ledger.csv,2026-07-18T23:30:00-04:00,88ac62bf44cef779
2026-05-22,Chase Plat Bus Checking 6106,Expense,Transfer 3758,,-2000.0,116851.37,N,Precision Blueprint Development_General Ledger.csv,2026-07-18T23:30:00-04:00,c951243b5b50df1c
2026-05-22,Chase Plat Bus Checking 6106,Expense,RayBen Design & Build - Raymond Bencomod,,-2000.0,114851.37,N,Precision Blueprint Development_General Ledger.csv,2026-07-18T23:30:00-04:00,c61d3383f65b838b
2026-05-22,Chase Plat Bus Checking 6106,Expense,J's Plumbing,,-2000.0,112851.37,N,Precision Blueprint Development_General Ledger.csv,2026-07-18T23:30:00-04:00,c593c716026541ca
2026-05-22,Chase Plat Bus Checking 6106,Journal Entry,,,-1262.29,111589.08,N,Precision Blueprint Development_General Ledger.csv,2026-07-18T23:30:00-04:00,072653a97137403b
2026-05-22,Chase Plat Bus Checking 6106,Journal Entry,,Direct Deposit,1262.29,112851.37,N,Precision Blueprint Development_General Ledger.csv,2026-07-18T23:30:00-04:00,ebe9345209d1c315
2026-05-22,Chase Plat Bus Checking 6106,Journal Entry,,Direct Deposit,-1262.29,111589.08,N,Precision Blueprint Development_General Ledger.csv,2026-07-18T23:30:00-04:00,072653a97137403b
2026-05-22,Chase Plat Bus Checking 6106,Expense,ADP,,-69.31,111519.77,N,Precision Blueprint Development_General Ledger.csv,2026-07-18T23:30:00-04:00,d03402fd2f8a4b10
2026-05-22,Chase Plat Bus Checking 6106,Deposit,,,6995.0,118514.77,N,Precision Blueprint Development_General Ledger.csv,2026-07-18T23:30:00-04:00,030a6fd4697c29e4
2026-05-22,Chase Plat Bus Checking 6106,Expense,,,-200.0,118314.77,N,Precision Blueprint Development_General Ledger.csv,2026-07-18T23:30:00-04:00,65e13d89958e0b14
2026-05-26,Chase Plat Bus Checking 6106,Expense,Aqua Finance,,-200.0,118114.77,N,Precision Blueprint Development_General Ledger.csv,2026-07-18T23:30:00-04:00,9a53fcd3f69ad4c4
2026-05-26,Chase Plat Bus Checking 6106,Expense,Ramon Design,,-1200.0,116914.77,N,Precision Blueprint Development_General Ledger.csv,2026-07-18T23:30:00-04:00,40bf7169e4df9d08
2026-05-27,Chase Plat Bus Checking 6106,Expense,Anytime Dental,,-279.7,116635.07,N,Precision Blueprint Development_General Ledger.csv,2026-07-18T23:30:00-04:00,1cee607e372e3065
2026-05-27,Chase Plat Bus Checking 6106,Expense,,,-200.0,116435.07,N,Precision Blueprint Development_General Ledger.csv,2026-07-18T23:30:00-04:00,de9b23e4061d0d6b
2026-05-28,Chase Plat Bus Checking 6106,Deposit,Mike Baker,,3039.21,119474.28,N,Precision Blueprint Development_General Ledger.csv,2026-07-18T23:30:00-04:00,7e2fa87e419cae03
2026-05-28,Chase Plat Bus Checking 6106,Expense,ADP,,-290.35,119183.93,N,Precision Blueprint Development_General Ledger.csv,2026-07-18T23:30:00-04:00,116e973368afe1c1
2026-05-28,Chase Plat Bus Checking 6106,Deposit,,,34241.69,153425.62,N,Precision Blueprint Development_General Ledger.csv,2026-07-18T23:30:00-04:00,a6da28c5d15ae510
2026-05-29,Chase Plat Bus Checking 6106,Deposit,Kristi Kahler/Rodriguez,,291473.91,444899.53,N,Precision Blueprint Development_General Ledger.csv,2026-07-18T23:30:00-04:00,68c7a4d023049795
2026-05-29,Chase Plat Bus Checking 6106,Journal Entry,,,-1262.29,443637.24,N,Precision Blueprint Development_General Ledger.csv,2026-07-18T23:30:00-04:00,b07536cd4c7ed00a
2026-05-29,Chase Plat Bus Checking 6106,Journal Entry,,Direct Deposit,1262.29,444899.53,N,Precision Blueprint Development_General Ledger.csv,2026-07-18T23:30:00-04:00,2ebdd348e43831d4
2026-05-29,Chase Plat Bus Checking 6106,Journal Entry,,Direct Deposit,-1262.29,443637.24,N,Precision Blueprint Development_General Ledger.csv,2026-07-18T23:30:00-04:00,b07536cd4c7ed00a
2026-05-29,Chase Plat Bus Checking 6106,Expense,ADP,,-69.31,443567.93,N,Precision Blueprint Development_General Ledger.csv,2026-07-18T23:30:00-04:00,0c15f08423b647a8
2026-05-29,Chase Plat Bus Checking 6106,Deposit,Merchant Service,,4042.39,447610.32,N,Precision Blueprint Development_General Ledger.csv,2026-07-18T23:30:00-04:00,84937a5931c47ef4
2026-05-29,Chase Plat Bus Checking 6106,Expense,ADP,,-50.0,447560.32,N,Precision Blueprint Development_General Ledger.csv,2026-07-18T23:30:00-04:00,e7d98df980ef1ad2
2026-05-29,Chase Plat Bus Checking 6106,Expense,,,-1000.0,446560.32,N,Precision Blueprint Development_General Ledger.csv,2026-07-18T23:30:00-04:00,deb1c54cf6ae622e
2026-06-01,Chase Plat Bus Checking 6106,Bill Payment (Check),J's Plumbing,,-2000.0,444560.32,N,Precision Blueprint Development_General Ledger.csv,2026-07-18T23:30:00-04:00,5fbf87f89b00693e
2026-06-01,Chase Plat Bus Checking 6106,Expense,Kelly Banuelos,,-610.0,443950.32,N,Precision Blueprint Development_General Ledger.csv,2026-07-18T23:30:00-04:00,d8d3a221da8eeb2f
2026-06-01,Chase Plat Bus Checking 6106,Expense,Kelly Banuelos,,-520.0,443430.32,N,Precision Blueprint Development_General Ledger.csv,2026-07-18T23:30:00-04:00,da2cb00abf1b2bd7
2026-06-01,Chase Plat Bus Checking 6106,Expense,Ramon Design,,-1200.0,442230.32,N,Precision Blueprint Development_General Ledger.csv,2026-07-18T23:30:00-04:00,a3b3a8adddbc3612
2026-06-01,Chase Plat Bus Checking 6106,Expense,IRS,,-1060.0,441170.32,N,Precision Blueprint Development_General Ledger.csv,2026-07-18T23:30:00-04:00,05a3f3e1d5988d80
2026-06-02,Chase Plat Bus Checking 6106,Bill Payment (Check),Desert Concrete Specialists,,-15900.0,425270.32,N,Precision Blueprint Development_General Ledger.csv,2026-07-18T23:30:00-04:00,8e86fcd04e8efe18
2026-06-02,Chase Plat Bus Checking 6106,Expense,Taylor Hagberg - Genco Consulting,,-300.0,424970.32,N,Precision Blueprint Development_General Ledger.csv,2026-07-18T23:30:00-04:00,905cdbab0f50dec4
2026-06-02,Chase Plat Bus Checking 6106,Expense,Taylor Hagberg - Genco Consulting,,-150.0,424820.32,N,Precision Blueprint Development_General Ledger.csv,2026-07-18T23:30:00-04:00,b16990094386813a
2026-06-02,Chase Plat Bus Checking 6106,Expense,Taylor Hagberg - Genco Consulting,,-340.0,424480.32,N,Precision Blueprint Development_General Ledger.csv,2026-07-18T23:30:00-04:00,844afdeb102ae967
2026-06-02,Chase Plat Bus Checking 6106,Expense,Taylor Hagberg - Genco Consulting,,-150.0,424330.32,N,Precision Blueprint Development_General Ledger.csv,2026-07-18T23:30:00-04:00,b16990094386813a
2026-06-02,Chase Plat Bus Checking 6106,Expense,Taylor Hagberg - Genco Consulting,,-140.0,424190.32,N,Precision Blueprint Development_General Ledger.csv,2026-07-18T23:30:00-04:00,eba7af2cb95f6093
2026-06-02,Chase Plat Bus Checking 6106,Expense,Taylor Hagberg - Genco Consulting,,-240.0,423950.32,N,Precision Blueprint Development_General Ledger.csv,2026-07-18T23:30:00-04:00,5431cacb7a57dca0
2026-06-02,Chase Plat Bus Checking 6106,Expense,Taylor Hagberg - Genco Consulting,,-100.0,423850.32,N,Precision Blueprint Development_General Ledger.csv,2026-07-18T23:30:00-04:00,a541fbd2a058c12b
2026-06-02,Chase Plat Bus Checking 6106,Expense,,,-3886.0,419964.32,N,Precision Blueprint Development_General Ledger.csv,2026-07-18T23:30:00-04:00,9001d58bf2513574
2026-06-02,Chase Plat Bus Checking 6106,Expense,Platform Factory,,-7.86,419956.46,N,Precision Blueprint Development_General Ledger.csv,2026-07-18T23:30:00-04:00,d79e7c533caae539
2026-06-02,Chase Plat Bus Checking 6106,Expense,Taylor Hagberg - Genco Consulting,,-245.0,419711.46,N,Precision Blueprint Development_General Ledger.csv,2026-07-18T23:30:00-04:00,131cf8d36ef7c982
2026-06-02,Chase Plat Bus Checking 6106,Expense,Merchant Service,,-196.87,419514.59,N,Precision Blueprint Development_General Ledger.csv,2026-07-18T23:30:00-04:00,3aeb88ed6c890369
2026-06-02,Chase Plat Bus Checking 6106,Expense,Arizona Truss,,-300.0,419214.59,N,Precision Blueprint Development_General Ledger.csv,2026-07-18T23:30:00-04:00,58ebd8d8a3af5429
2026-06-02,Chase Plat Bus Checking 6106,Expense,Arizona Truss,,-300.0,418914.59,N,Precision Blueprint Development_General Ledger.csv,2026-07-18T23:30:00-04:00,58ebd8d8a3af5429
2026-06-02,Chase Plat Bus Checking 6106,Expense,Arizona Truss,,-225.0,418689.59,N,Precision Blueprint Development_General Ledger.csv,2026-07-18T23:30:00-04:00,f32c964bbd28a8a1
2026-06-03,Chase Plat Bus Checking 6106,Deposit,Merchant Service,,404.97,419094.56,N,Precision Blueprint Development_General Ledger.csv,2026-07-18T23:30:00-04:00,e62b249635862d4a
2026-06-04,Chase Plat Bus Checking 6106,Expense,Taylor Hagberg - Genco Consulting,,-7400.0,411694.56,N,Precision Blueprint Development_General Ledger.csv,2026-07-18T23:30:00-04:00,ddf0213a1bcb2896
2026-06-04,Chase Plat Bus Checking 6106,Expense,ADP,,-290.34,411404.22,N,Precision Blueprint Development_General Ledger.csv,2026-07-18T23:30:00-04:00,50ffc6225c113633
2026-06-05,Chase Plat Bus Checking 6106,Journal Entry,,,-1262.3,410141.92,N,Precision Blueprint Development_General Ledger.csv,2026-07-18T23:30:00-04:00,c83f4ae80eeb9414
2026-06-05,Chase Plat Bus Checking 6106,Journal Entry,,Direct Deposit,1262.3,411404.22,N,Precision Blueprint Development_General Ledger.csv,2026-07-18T23:30:00-04:00,aed5fb1e54e46a62
2026-06-05,Chase Plat Bus Checking 6106,Journal Entry,,Direct Deposit,-1262.3,410141.92,N,Precision Blueprint Development_General Ledger.csv,2026-07-18T23:30:00-04:00,c83f4ae80eeb9414
2026-06-05,Chase Plat Bus Checking 6106,Expense,ADP,,-69.31,410072.61,N,Precision Blueprint Development_General Ledger.csv,2026-07-18T23:30:00-04:00,b854f81622469ced
2026-06-05,Chase Plat Bus Checking 6106,Expense,Barclay Card,,-332.54,409740.07,N,Precision Blueprint Development_General Ledger.csv,2026-07-18T23:30:00-04:00,2d56382695cdf950
2026-06-05,Chase Plat Bus Checking 6106,Expense,Arizona Truss,,-800.0,408940.07,N,Precision Blueprint Development_General Ledger.csv,2026-07-18T23:30:00-04:00,4f016e1cf98a9089
2026-06-05,Chase Plat Bus Checking 6106,Expense,Arizona Truss,,-1200.0,407740.07,N,Precision Blueprint Development_General Ledger.csv,2026-07-18T23:30:00-04:00,1c9954c73e4dd967
2026-06-06,Chase Plat Bus Checking 6106,Expense,RayBen Design & Build - Raymond Bencomod,,-750.0,406990.07,N,Precision Blueprint Development_General Ledger.csv,2026-07-18T23:30:00-04:00,ff5705266dcf8c01
2026-06-08,Chase Plat Bus Checking 6106,Expense,Ramon Design,,-1200.0,405790.07,N,Precision Blueprint Development_General Ledger.csv,2026-07-18T23:30:00-04:00,c7dc9fe3d62c1c9a
2026-06-08,Chase Plat Bus Checking 6106,Credit Card Payment,Chase,,-40000.0,365790.07,N,Precision Blueprint Development_General Ledger.csv,2026-07-18T23:30:00-04:00,b1d5acd24ed3f027
2026-06-08,Chase Plat Bus Checking 6106,Expense,Montiel Windows and Door,,-2862.04,362928.03,N,Precision Blueprint Development_General Ledger.csv,2026-07-18T23:30:00-04:00,d495a2408ec53439
2026-06-08,Chase Plat Bus Checking 6106,Expense,Item Transfer,,-2000.0,360928.03,N,Precision Blueprint Development_General Ledger.csv,2026-07-18T23:30:00-04:00,58b4dc2e7b85638b
2026-06-08,Chase Plat Bus Checking 6106,Expense,RayBen Design & Build - Raymond Bencomod,,-1000.0,359928.03,N,Precision Blueprint Development_General Ledger.csv,2026-07-18T23:30:00-04:00,eeb186a808fe6f72
2026-06-08,Chase Plat Bus Checking 6106,Check,Our Lady of Guadalupe,,-200.0,359728.03,N,Precision Blueprint Development_General Ledger.csv,2026-07-18T23:30:00-04:00,b9649216d8f7603f
2026-06-10,Chase Plat Bus Checking 6106,Deposit,Patricia Crawford,,7465.35,367193.38,N,Precision Blueprint Development_General Ledger.csv,2026-07-18T23:30:00-04:00,cf2bb5c818f1c969
2026-06-10,Chase Plat Bus Checking 6106,Deposit,Scott Donaldson,,1924.4,369117.78,N,Precision Blueprint Development_General Ledger.csv,2026-07-18T23:30:00-04:00,bf15f97c75d32e40
2026-06-10,Chase Plat Bus Checking 6106,Deposit,,,2673.75,371791.53,N,Precision Blueprint Development_General Ledger.csv,2026-07-18T23:30:00-04:00,d795c38ef3c50011
2026-06-10,Chase Plat Bus Checking 6106,Deposit,,,1225.0,373016.53,N,Precision Blueprint Development_General Ledger.csv,2026-07-18T23:30:00-04:00,feae0844c0797c45
2026-06-10,Chase Plat Bus Checking 6106,Expense,Anytime Dental,,-263.1,372753.43,N,Precision Blueprint Development_General Ledger.csv,2026-07-18T23:30:00-04:00,7975f9e883691131
2026-06-11,Chase Plat Bus Checking 6106,Expense,J's Plumbing,,-2000.0,370753.43,N,Precision Blueprint Development_General Ledger.csv,2026-07-18T23:30:00-04:00,0a8324afcf88b68d
2026-06-11,Chase Plat Bus Checking 6106,Expense,J's Plumbing,,-2000.0,368753.43,N,Precision Blueprint Development_General Ledger.csv,2026-07-18T23:30:00-04:00,0a8324afcf88b68d
2026-06-11,Chase Plat Bus Checking 6106,Expense,ADP,,-290.35,368463.08,N,Precision Blueprint Development_General Ledger.csv,2026-07-18T23:30:00-04:00,c6c29f84588fe32c
2026-06-11,Chase Plat Bus Checking 6106,Deposit,Merchant Service,,1025.16,369488.24,N,Precision Blueprint Development_General Ledger.csv,2026-07-18T23:30:00-04:00,7aea6e319232e1a6
2026-06-12,Chase Plat Bus Checking 6106,Bill Payment (Check),Mendoza Construction LLC,,-600.0,368888.24,N,Precision Blueprint Development_General Ledger.csv,2026-07-18T23:30:00-04:00,7f6ff9947c97665e
2026-06-12,Chase Plat Bus Checking 6106,Journal Entry,,,-1262.29,367625.95,N,Precision Blueprint Development_General Ledger.csv,2026-07-18T23:30:00-04:00,86f052778535fd9c
2026-06-12,Chase Plat Bus Checking 6106,Journal Entry,,Direct Deposit,1262.29,368888.24,N,Precision Blueprint Development_General Ledger.csv,2026-07-18T23:30:00-04:00,a55b5ad7a45591f9
2026-06-12,Chase Plat Bus Checking 6106,Journal Entry,,Direct Deposit,-1262.29,367625.95,N,Precision Blueprint Development_General Ledger.csv,2026-07-18T23:30:00-04:00,86f052778535fd9c
2026-06-12,Chase Plat Bus Checking 6106,Expense,ADP,,-69.31,367556.64,N,Precision Blueprint Development_General Ledger.csv,2026-07-18T23:30:00-04:00,a092d4b6f76a972b
2026-06-12,Chase Plat Bus Checking 6106,Expense,Taylor Hagberg - Genco Consulting,,-5500.0,362056.64,N,Precision Blueprint Development_General Ledger.csv,2026-07-18T23:30:00-04:00,dba19d6ec0827778
2026-06-12,Chase Plat Bus Checking 6106,Expense,Montiel Windows and Door,,-950.79,361105.85,N,Precision Blueprint Development_General Ledger.csv,2026-07-18T23:30:00-04:00,239b33cc8e5b6abf
2026-06-12,Chase Plat Bus Checking 6106,Deposit,Merchant Service,,776.87,361882.72,N,Precision Blueprint Development_General Ledger.csv,2026-07-18T23:30:00-04:00,26698b0eeb34487c
2026-06-12,Chase Plat Bus Checking 6106,Deposit,,,27550.47,389433.19,N,Precision Blueprint Development_General Ledger.csv,2026-07-18T23:30:00-04:00,620092f6e877012d
2026-06-13,Chase Plat Bus Checking 6106,Expense,Taylor Hagberg - Genco Consulting,,-1000.0,388433.19,N,Precision Blueprint Development_General Ledger.csv,2026-07-18T23:30:00-04:00,91b2469f957a35a2
2026-06-13,Chase Plat Bus Checking 6106,Expense,RayBen Design & Build - Raymond Bencomod,,-1000.0,387433.19,N,Precision Blueprint Development_General Ledger.csv,2026-07-18T23:30:00-04:00,3d566e5364a63070
2026-06-13,Chase Plat Bus Checking 6106,Expense,RayBen Design & Build - Raymond Bencomod,,-1000.0,386433.19,N,Precision Blueprint Development_General Ledger.csv,2026-07-18T23:30:00-04:00,3d566e5364a63070
2026-06-15,Chase Plat Bus Checking 6106,Expense,Item Transfer,,-2000.0,384433.19,N,Precision Blueprint Development_General Ledger.csv,2026-07-18T23:30:00-04:00,4e19ab7b84051153
2026-06-15,Chase Plat Bus Checking 6106,Expense,Ramon Design,,-1200.0,383233.19,N,Precision Blueprint Development_General Ledger.csv,2026-07-18T23:30:00-04:00,3a0d47415bef39b2
2026-06-15,Chase Plat Bus Checking 6106,Deposit,Merchant Service,,3637.41,386870.6,N,Precision Blueprint Development_General Ledger.csv,2026-07-18T23:30:00-04:00,30bc4f11ac7b27da
2026-06-15,Chase Plat Bus Checking 6106,Expense,,,-1300.0,385570.6,N,Precision Blueprint Development_General Ledger.csv,2026-07-18T23:30:00-04:00,803076a35a39c360
2026-06-16,Chase Plat Bus Checking 6106,Bill Payment (Check),Desert Concrete Specialists,,-900.0,384670.6,N,Precision Blueprint Development_General Ledger.csv,2026-07-18T23:30:00-04:00,3554752885ec8600
2026-06-16,Chase Plat Bus Checking 6106,Expense,J's Plumbing LLC - Juan Garcia,,-3500.0,381170.6,N,Precision Blueprint Development_General Ledger.csv,2026-07-18T23:30:00-04:00,d0c796ed3a671f20
2026-06-16,Chase Plat Bus Checking 6106,Expense,City of Mesa (Utility Only),,-32.13,381138.47,N,Precision Blueprint Development_General Ledger.csv,2026-07-18T23:30:00-04:00,d4d4465db9daceac
2026-06-17,Chase Plat Bus Checking 6106,Expense,ADP,,-290.35,380848.12,N,Precision Blueprint Development_General Ledger.csv,2026-07-18T23:30:00-04:00,bd91d0baa589af08
2026-06-18,Chase Plat Bus Checking 6106,Deposit,Ann Purcell,,753.64,381601.76,N,Precision Blueprint Development_General Ledger.csv,2026-07-18T23:30:00-04:00,c8b089aeee333485
2026-06-18,Chase Plat Bus Checking 6106,Journal Entry,,,-1262.29,380339.47,N,Precision Blueprint Development_General Ledger.csv,2026-07-18T23:30:00-04:00,bc74f7aabae11caa
2026-06-18,Chase Plat Bus Checking 6106,Journal Entry,,Direct Deposit,1262.29,381601.76,N,Precision Blueprint Development_General Ledger.csv,2026-07-18T23:30:00-04:00,ff7e8f94f2fdeb06
2026-06-18,Chase Plat Bus Checking 6106,Journal Entry,,Direct Deposit,-1262.29,380339.47,N,Precision Blueprint Development_General Ledger.csv,2026-07-18T23:30:00-04:00,bc74f7aabae11caa
2026-06-19,Chase Plat Bus Checking 6106,Deposit,Jeff Berning,,500.0,380839.47,N,Precision Blueprint Development_General Ledger.csv,2026-07-18T23:30:00-04:00,2a3d20b7b4649b69
2026-06-19,Chase Plat Bus Checking 6106,Expense,Taylor Hagberg - Genco Consulting,,-300.0,380539.47,N,Precision Blueprint Development_General Ledger.csv,2026-07-18T23:30:00-04:00,d1447be285c2cc8d
2026-06-19,Chase Plat Bus Checking 6106,Expense,Taylor Hagberg - Genco Consulting,,-260.0,380279.47,N,Precision Blueprint Development_General Ledger.csv,2026-07-18T23:30:00-04:00,572970bc96af0b69
2026-06-19,Chase Plat Bus Checking 6106,Expense,Taylor Hagberg - Genco Consulting,,-125.0,380154.47,N,Precision Blueprint Development_General Ledger.csv,2026-07-18T23:30:00-04:00,8824c8888db518bd
2026-06-19,Chase Plat Bus Checking 6106,Expense,Taylor Hagberg - Genco Consulting,,-150.0,380004.47,N,Precision Blueprint Development_General Ledger.csv,2026-07-18T23:30:00-04:00,86852efc543eaa1e
2026-06-19,Chase Plat Bus Checking 6106,Expense,Taylor Hagberg - Genco Consulting,,-70.0,379934.47,N,Precision Blueprint Development_General Ledger.csv,2026-07-18T23:30:00-04:00,d80387c1e60e685b
2026-06-19,Chase Plat Bus Checking 6106,Expense,Taylor Hagberg - Genco Consulting,,-120.0,379814.47,N,Precision Blueprint Development_General Ledger.csv,2026-07-18T23:30:00-04:00,9e3cd7769245a98b
2026-06-19,Chase Plat Bus Checking 6106,Expense,Taylor Hagberg - Genco Consulting,,-1700.0,378114.47,N,Precision Blueprint Development_General Ledger.csv,2026-07-18T23:30:00-04:00,9f715eba9d5591c2
2026-06-19,Chase Plat Bus Checking 6106,Expense,Taylor Hagberg - Genco Consulting,,-300.0,377814.47,N,Precision Blueprint Development_General Ledger.csv,2026-07-18T23:30:00-04:00,d1447be285c2cc8d
2026-06-20,Chase Plat Bus Checking 6106,Expense,Kelly Banuelos,,-100.0,377714.47,N,Precision Blueprint Development_General Ledger.csv,2026-07-18T23:30:00-04:00,3a6ee4955b526247
2026-06-20,Chase Plat Bus Checking 6106,Deposit,Jeff Berning,,500.0,378214.47,N,Precision Blueprint Development_General Ledger.csv,2026-07-18T23:30:00-04:00,790e920fbefdb2ef
2026-06-21,Chase Plat Bus Checking 6106,Expense,Mendoza Construction LLC - Jose Mendoza,,-3000.0,375214.47,N,Precision Blueprint Development_General Ledger.csv,2026-07-18T23:30:00-04:00,7e20aea94906223a
2026-06-21,Chase Plat Bus Checking 6106,Expense,RayBen Design & Build - Raymond Bencomod,,-1500.0,373714.47,N,Precision Blueprint Development_General Ledger.csv,2026-07-18T23:30:00-04:00,5de6bc61dcafe89a
2026-06-21,Chase Plat Bus Checking 6106,Deposit,,,500.0,374214.47,N,Precision Blueprint Development_General Ledger.csv,2026-07-18T23:30:00-04:00,af86dff7fd5822ca
2026-06-21,Chase Plat Bus Checking 6106,Expense,brian vitale,,-500.0,373714.47,N,Precision Blueprint Development_General Ledger.csv,2026-07-18T23:30:00-04:00,85fd3d8cec172756
2026-06-21,Chase Plat Bus Checking 6106,Expense,brian vitale,,-800.0,372914.47,N,Precision Blueprint Development_General Ledger.csv,2026-07-18T23:30:00-04:00,4a9f8d05dc145693
2026-06-22,Chase Plat Bus Checking 6106,Expense,Ramon Design,,-1200.0,371714.47,N,Precision Blueprint Development_General Ledger.csv,2026-07-18T23:30:00-04:00,8018ff1a4c7b5a53
2026-06-22,Chase Plat Bus Checking 6106,Deposit,Jeff Berning,,68.0,371782.47,N,Precision Blueprint Development_General Ledger.csv,2026-07-18T23:30:00-04:00,3cae9916bc4e9c21
2026-06-22,Chase Plat Bus Checking 6106,Bill Payment (Check),Desert Concrete Specialists,,-3800.0,367982.47,N,Precision Blueprint Development_General Ledger.csv,2026-07-18T23:30:00-04:00,09298cd4b460029e
2026-06-22,Chase Plat Bus Checking 6106,Expense,ADP,,-69.31,367913.16,N,Precision Blueprint Development_General Ledger.csv,2026-07-18T23:30:00-04:00,a87edd61543b5eed
2026-06-22,Chase Plat Bus Checking 6106,Expense,Item Transfer,,-2000.0,365913.16,N,Precision Blueprint Development_General Ledger.csv,2026-07-18T23:30:00-04:00,c25f2dc05fddde29
2026-06-22,Chase Plat Bus Checking 6106,Expense,brian vitale,,-200.0,365713.16,N,Precision Blueprint Development_General Ledger.csv,2026-07-18T23:30:00-04:00,1b3d59796b0285e4
2026-06-22,Chase Plat Bus Checking 6106,Deposit,brian vitale,,200.0,365913.16,N,Precision Blueprint Development_General Ledger.csv,2026-07-18T23:30:00-04:00,482950d8b752b4b9
2026-06-23,Chase Plat Bus Checking 6106,Deposit,Leslie Davidson,,899.34,366812.5,N,Precision Blueprint Development_General Ledger.csv,2026-07-18T23:30:00-04:00,93ff86575d6b7b00
2026-06-23,Chase Plat Bus Checking 6106,Expense,Aqua Finance,,-200.0,366612.5,N,Precision Blueprint Development_General Ledger.csv,2026-07-18T23:30:00-04:00,2a0c2ab02212cf52
2026-06-24,Chase Plat Bus Checking 6106,Expense,Capital Premium INS.,,-482.93,366129.57,N,Precision Blueprint Development_General Ledger.csv,2026-07-18T23:30:00-04:00,a7c5cec1736305c7
2026-06-25,Chase Plat Bus Checking 6106,Expense,ADP,,-290.34,365839.23,N,Precision Blueprint Development_General Ledger.csv,2026-07-18T23:30:00-04:00,1165aaa20859a382
2026-06-26,Chase Plat Bus Checking 6106,Deposit,Patricia Crawford,,10192.85,376032.08,N,Precision Blueprint Development_General Ledger.csv,2026-07-18T23:30:00-04:00,055fad7a47cbdd39
2026-06-26,Chase Plat Bus Checking 6106,Journal Entry,,,-1262.3,374769.78,N,Precision Blueprint Development_General Ledger.csv,2026-07-18T23:30:00-04:00,aac21f4f53ff4c8a
2026-06-26,Chase Plat Bus Checking 6106,Journal Entry,,Direct Deposit,1262.3,376032.08,N,Precision Blueprint Development_General Ledger.csv,2026-07-18T23:30:00-04:00,f7a9eddf63825890
2026-06-26,Chase Plat Bus Checking 6106,Journal Entry,,Direct Deposit,-1262.3,374769.78,N,Precision Blueprint Development_General Ledger.csv,2026-07-18T23:30:00-04:00,aac21f4f53ff4c8a
2026-06-26,Chase Plat Bus Checking 6106,Expense,ADP,,-69.31,374700.47,N,Precision Blueprint Development_General Ledger.csv,2026-07-18T23:30:00-04:00,88f178d4c845b9c5
2026-06-26,Chase Plat Bus Checking 6106,Deposit,,,979.42,375679.89,N,Precision Blueprint Development_General Ledger.csv,2026-07-18T23:30:00-04:00,b27682612f2fb2c6
2026-06-27,Chase Plat Bus Checking 6106,Bill Payment (Check),J's Plumbing,,-300.0,375379.89,N,Precision Blueprint Development_General Ledger.csv,2026-07-18T23:30:00-04:00,8f9dd01f7423988e
2026-06-28,Chase Plat Bus Checking 6106,Expense,Spotify,,-14.15,375365.74,N,Precision Blueprint Development_General Ledger.csv,2026-07-18T23:30:00-04:00,ee6d369ff91049e8
2026-06-29,Chase Plat Bus Checking 6106,Deposit,Brent Wookey,,16872.7,392238.44,N,Precision Blueprint Development_General Ledger.csv,2026-07-18T23:30:00-04:00,e6e403122e589525
2026-06-29,Chase Plat Bus Checking 6106,Expense,Item Transfer,,-2000.0,390238.44,N,Precision Blueprint Development_General Ledger.csv,2026-07-18T23:30:00-04:00,32dd95821f311b0c
2026-06-29,Chase Plat Bus Checking 6106,Expense,Ramon Design,,-1200.0,389038.44,N,Precision Blueprint Development_General Ledger.csv,2026-07-18T23:30:00-04:00,4b56e0120c70eb4f
2026-06-29,Chase Plat Bus Checking 6106,Deposit,Merchant Service,,257.71,389296.15,N,Precision Blueprint Development_General Ledger.csv,2026-07-18T23:30:00-04:00,65b8f30b9c003a9d
2026-06-29,Chase Plat Bus Checking 6106,Deposit,Merchant Service,,1025.16,390321.31,N,Precision Blueprint Development_General Ledger.csv,2026-07-18T23:30:00-04:00,b6d0205f9dfde85a
2026-06-30,Chase Plat Bus Checking 6106,Bill Payment (Check),Rayben Design and Build,,-1000.0,389321.31,N,Precision Blueprint Development_General Ledger.csv,2026-07-18T23:30:00-04:00,1e5b84d7976179ef
2026-06-30,Chase Plat Bus Checking 6106,Bill Payment (Check),J's Plumbing,,-600.0,388721.31,N,Precision Blueprint Development_General Ledger.csv,2026-07-18T23:30:00-04:00,1bf26362edd70fb7
2026-01-28,MACU Savings 6934,Deposit,,,1000.0,1365.79,N,Precision Blueprint Development_General Ledger.csv,2026-07-18T23:30:00-04:00,b5924ed04de4bd01
2026-01-28,MACU Savings 6934,Expense,MACU,,-1000.0,365.79,N,Precision Blueprint Development_General Ledger.csv,2026-07-18T23:30:00-04:00,46d64e4430221f4b
2026-01-31,MACU Savings 6934,Deposit,MACU,,0.02,365.81,N,Precision Blueprint Development_General Ledger.csv,2026-07-18T23:30:00-04:00,e6dfb06372cdb1d1
2026-02-27,MACU Savings 6934,Expense,MACU,,-1000.0,-634.19,N,Precision Blueprint Development_General Ledger.csv,2026-07-18T23:30:00-04:00,dba8e95cc713152e
2026-02-27,MACU Savings 6934,Deposit,,,1000.0,365.81,N,Precision Blueprint Development_General Ledger.csv,2026-07-18T23:30:00-04:00,5260307e8d1ee89b
2026-02-28,MACU Savings 6934,Deposit,,,0.02,365.83,N,Precision Blueprint Development_General Ledger.csv,2026-07-18T23:30:00-04:00,f02527e5877b5a59
2026-03-27,MACU Savings 6934,Deposit,,,1000.0,1365.83,N,Precision Blueprint Development_General Ledger.csv,2026-07-18T23:30:00-04:00,6e67042eb80eb72f
2026-03-27,MACU Savings 6934,Expense,MACU,,-1000.0,365.83,N,Precision Blueprint Development_General Ledger.csv,2026-07-18T23:30:00-04:00,42c9b486ba9e4ec1
2026-03-27,MACU Savings 6934,Deposit,,,0.02,365.85,N,Precision Blueprint Development_General Ledger.csv,2026-07-18T23:30:00-04:00,ab89dd2128542dec
2026-01-02,Wells Fargo Operating 9366,Expense,BASC Expertise,,-2828.0,2045.94,N,Precision Blueprint Development_General Ledger.csv,2026-07-18T23:30:00-04:00,795cc49b98e7bbfb
2026-01-09,Wells Fargo Operating 9366,Deposit,Transfer,,5000.0,7045.94,N,Precision Blueprint Development_General Ledger.csv,2026-07-18T23:30:00-04:00,0b6d7101dfac763e
2026-01-23,Wells Fargo Operating 9366,Expense,Wells Fargo Auto,,-1087.21,5958.73,N,Precision Blueprint Development_General Ledger.csv,2026-07-18T23:30:00-04:00,6589e53cd8aecdb8
2026-01-28,Wells Fargo Operating 9366,Expense,BASC Expertise,,-1297.85,4660.88,N,Precision Blueprint Development_General Ledger.csv,2026-07-18T23:30:00-04:00,48f420645c313129
2026-01-29,Wells Fargo Operating 9366,Expense,BASC Expertise,,-358.55,4302.33,N,Precision Blueprint Development_General Ledger.csv,2026-07-18T23:30:00-04:00,b998d288dd86a318
2026-02-02,Wells Fargo Operating 9366,Expense,BASC Expertise,,-2828.0,1474.33,N,Precision Blueprint Development_General Ledger.csv,2026-07-18T23:30:00-04:00,b4e4a0eeb33cd17d
2026-02-03,Wells Fargo Operating 9366,Deposit,,,5875.0,7349.33,N,Precision Blueprint Development_General Ledger.csv,2026-07-18T23:30:00-04:00,3e99184e818a0aef
2026-02-03,Wells Fargo Operating 9366,Deposit,Transfer,,5000.0,12349.33,N,Precision Blueprint Development_General Ledger.csv,2026-07-18T23:30:00-04:00,0085129ed365c2fa
2026-02-18,Wells Fargo Operating 9366,Expense,Transfer to Banuelos Checking,,-5000.0,7349.33,N,Precision Blueprint Development_General Ledger.csv,2026-07-18T23:30:00-04:00,b3570893a7a42513
2026-02-23,Wells Fargo Operating 9366,Expense,Wells Fargo Auto,,-1087.21,6262.12,N,Precision Blueprint Development_General Ledger.csv,2026-07-18T23:30:00-04:00,49417c59a57778b6
2026-02-23,Wells Fargo Operating 9366,Expense,Wells Fargo Auto,,-1300.0,4962.12,N,Precision Blueprint Development_General Ledger.csv,2026-07-18T23:30:00-04:00,7f7886c22c0a47df
2026-03-02,Wells Fargo Operating 9366,Expense,BASC Expertise,,-2828.0,2134.12,N,Precision Blueprint Development_General Ledger.csv,2026-07-18T23:30:00-04:00,9376a9cea80514d4
2026-03-23,Wells Fargo Operating 9366,Deposit,,,746.61,2880.73,N,Precision Blueprint Development_General Ledger.csv,2026-07-18T23:30:00-04:00,7cf261979f172157
2026-03-23,Wells Fargo Operating 9366,Deposit,,,2500.0,5380.73,N,Precision Blueprint Development_General Ledger.csv,2026-07-18T23:30:00-04:00,6b603944b85dbb55
2026-03-23,Wells Fargo Operating 9366,Expense,Wells Fargo Auto,,-1400.0,3980.73,N,Precision Blueprint Development_General Ledger.csv,2026-07-18T23:30:00-04:00,074e62f4e7575b01
2026-03-23,Wells Fargo Operating 9366,Deposit,Transfer,,5000.0,8980.73,N,Precision Blueprint Development_General Ledger.csv,2026-07-18T23:30:00-04:00,c960c5eba65abc35
2026-04-01,Wells Fargo Operating 9366,Expense,BASC Expertise,,-2828.0,6152.73,N,Precision Blueprint Development_General Ledger.csv,2026-07-18T23:30:00-04:00,0991dd47c8fc45f8
2026-04-08,Wells Fargo Operating 9366,Deposit,,Per client call 4/22/26,371.11,6523.84,N,Precision Blueprint Development_General Ledger.csv,2026-07-18T23:30:00-04:00,8ea8e639401cab93
2026-04-23,Wells Fargo Operating 9366,Expense,Wells Fargo Auto,,-1400.0,5123.84,N,Precision Blueprint Development_General Ledger.csv,2026-07-18T23:30:00-04:00,5bd8b41b7efa6257
2026-05-14,Wells Fargo Operating 9366,Expense,Wells Fargo Auto,,-502.34,4621.5,N,Precision Blueprint Development_General Ledger.csv,2026-07-18T23:30:00-04:00,d1110625de8badb7
2026-05-26,Wells Fargo Operating 9366,Expense,Wells Fargo Auto,,-1400.0,3221.5,N,Precision Blueprint Development_General Ledger.csv,2026-07-18T23:30:00-04:00,748e8261ccb014a7
2026-06-15,Wells Fargo Operating 9366,Expense,Wells Fargo Auto,,-118.75,3102.75,N,Precision Blueprint Development_General Ledger.csv,2026-07-18T23:30:00-04:00,9e94d93bdb4ee2bd
2026-06-23,Wells Fargo Operating 9366,Expense,Wells Fargo Auto,,-1400.0,1702.75,N,Precision Blueprint Development_General Ledger.csv,2026-07-18T23:30:00-04:00,040e9286dda5931b
2026-06-30,Wells Fargo Operating 9366,Expense,Wells Fargo,,-15.0,1687.75,N,Precision Blueprint Development_General Ledger.csv,2026-07-18T23:30:00-04:00,3ce627c1d7f0747a
2026-01-31,Best Buy Store Credit,Journal Entry,,Client used gift card funds for personal use in the beginning of 2026.,-852.59,0.0,N,Precision Blueprint Development_General Ledger.csv,2026-07-18T23:30:00-04:00,bc9f69ffa90e3958
2026-01-05,Loan to Cindy & Paul,Expense,Withdrawal,WITHDRAWAL,5000.0,5000.0,N,Precision Blueprint Development_General Ledger.csv,2026-07-18T23:30:00-04:00,6a7cb142fb22a316
2026-01-07,Loan to Cindy & Paul,Expense,Withdrawal,WITHDRAWAL,5000.0,10000.0,N,Precision Blueprint Development_General Ledger.csv,2026-07-18T23:30:00-04:00,b6120d8f012051fa
2026-01-13,Loan to Cindy & Paul,Expense,Withdrawal,WITHDRAWAL,5000.0,15000.0,N,Precision Blueprint Development_General Ledger.csv,2026-07-18T23:30:00-04:00,cdf2b1af0fcb9043
2026-01-14,Loan to Cindy & Paul,Expense,Withdrawal,WITHDRAWAL,5000.0,20000.0,N,Precision Blueprint Development_General Ledger.csv,2026-07-18T23:30:00-04:00,7e3d58994a3877ee
2026-01-22,Loan to Cindy & Paul,Expense,Withdrawal,WITHDRAWAL,5000.0,25000.0,N,Precision Blueprint Development_General Ledger.csv,2026-07-18T23:30:00-04:00,42e0f140d92bb788
2026-01-29,Loan to Cindy & Paul,Expense,Withdrawal,WITHDRAWAL,2000.0,27000.0,N,Precision Blueprint Development_General Ledger.csv,2026-07-18T23:30:00-04:00,dfbf557dafb1ff08
2026-02-12,Loan to Cindy & Paul,Expense,Withdrawal,WITHDRAWAL,4000.0,31000.0,N,Precision Blueprint Development_General Ledger.csv,2026-07-18T23:30:00-04:00,07341901ce23565e
2026-02-28,Loan to Cindy & Paul,Journal Entry,,"Loan to Cindy & Paul 2026 Adjustment   
Per client email 3/17/26, see attachment.",-31000.0,0.0,N,Precision Blueprint Development_General Ledger.csv,2026-07-18T23:30:00-04:00,df7db794d0665925
2026-01-02,Prepaid Payroll,Journal Entry,,"JE is to move the 12/31/25 ADP Payroll run into 2026, when it ran thru ADP. Funds debited bank account early. - REVERSAL",-1590.14,0.0,N,Precision Blueprint Development_General Ledger.csv,2026-07-18T23:30:00-04:00,a6a827f8cbd12cae
2026-01-04,Barclay CC 0333,Credit Card Credit,Chase Bank,,-306.75,70.99,N,Precision Blueprint Development_General Ledger.csv,2026-07-18T23:30:00-04:00,1cf36a4f34508d53
2026-01-04,Barclay CC 0333,Credit Card Expense,Origen,,302.58,373.57,N,Precision Blueprint Development_General Ledger.csv,2026-07-18T23:30:00-04:00,eb221ab23a2f01c8
2026-01-06,Barclay CC 0333,Credit Card Expense,Filibertos Mexican Restaurant,,71.17,444.74,N,Precision Blueprint Development_General Ledger.csv,2026-07-18T23:30:00-04:00,4d09fa6caef7bd99
2026-01-06,Barclay CC 0333,Credit Card Expense,Home Depot,,113.71,558.45,N,Precision Blueprint Development_General Ledger.csv,2026-07-18T23:30:00-04:00,254fda373817dacd
2026-01-07,Barclay CC 0333,Expense,Home Depot,,75.65,634.1,N,Precision Blueprint Development_General Ledger.csv,2026-07-18T23:30:00-04:00,68ac91f93060b3b3
2026-01-07,Barclay CC 0333,Expense,El Pollo Loco,,27.65,661.75,N,Precision Blueprint Development_General Ledger.csv,2026-07-18T23:30:00-04:00,b6b17c42468c6b96
2026-01-08,Barclay CC 0333,Expense,KC Diesel Shop,Per client call 2/25/26.,201.05,862.8,N,Precision Blueprint Development_General Ledger.csv,2026-07-18T23:30:00-04:00,ce49017354a1800a
2026-01-08,Barclay CC 0333,Expense,QuikTrip,,16.38,879.18,N,Precision Blueprint Development_General Ledger.csv,2026-07-18T23:30:00-04:00,7c4fb3d1d8008c56
2026-01-09,Barclay CC 0333,Expense,Circle K,,115.82,995.0,N,Precision Blueprint Development_General Ledger.csv,2026-07-18T23:30:00-04:00,6b687c7d0c95979a
2026-01-09,Barclay CC 0333,Expense,Tires & Wheels,,110.0,1105.0,N,Precision Blueprint Development_General Ledger.csv,2026-07-18T23:30:00-04:00,e6d62f44c9a0f68c
2026-01-09,Barclay CC 0333,Expense,Ford Parts,,90.56,1195.56,N,Precision Blueprint Development_General Ledger.csv,2026-07-18T23:30:00-04:00,4fc41f3a146cb9f2
2026-01-09,Barclay CC 0333,Expense,Home Depot,,155.27,1350.83,N,Precision Blueprint Development_General Ledger.csv,2026-07-18T23:30:00-04:00,ff41bb813e8d0df1
2026-01-12,Barclay CC 0333,Expense,Law Offices of Adam Rieth,,500.0,1850.83,N,Precision Blueprint Development_General Ledger.csv,2026-07-18T23:30:00-04:00,27ac2bcbf818cc01
2026-01-12,Barclay CC 0333,Expense,Sherwin Williams,,53.69,1904.52,N,Precision Blueprint Development_General Ledger.csv,2026-07-18T23:30:00-04:00,884c505cd1df329a
2026-01-13,Barclay CC 0333,Expense,Circle K,,96.17,2000.69,N,Precision Blueprint Development_General Ledger.csv,2026-07-18T23:30:00-04:00,6ed50157663629ab
2026-01-14,Barclay CC 0333,Expense,Taqueria Blue Tortilla,,25.96,2026.65,N,Precision Blueprint Development_General Ledger.csv,2026-07-18T23:30:00-04:00,00ac4a6a49480bdb
2026-01-14,Barclay CC 0333,Expense,San Tan Flats,,186.45,2213.1,N,Precision Blueprint Development_General Ledger.csv,2026-07-18T23:30:00-04:00,d93d842a92f54ecf
2026-01-15,Barclay CC 0333,Expense,Circle K,,34.53,2247.63,N,Precision Blueprint Development_General Ledger.csv,2026-07-18T23:30:00-04:00,882ed7ef48d3df9d
2026-01-15,Barclay CC 0333,Expense,Starbucks,,28.46,2276.09,N,Precision Blueprint Development_General Ledger.csv,2026-07-18T23:30:00-04:00,4f36469520831f36
2026-01-16,Barclay CC 0333,Expense,Evans Professional,Per client call 2/25/26.,1390.0,3666.09,N,Precision Blueprint Development_General Ledger.csv,2026-07-18T23:30:00-04:00,17ff33de5e3a2096
2026-01-16,Barclay CC 0333,Credit Card Credit,Evans Professional,,-1390.0,2276.09,N,Precision Blueprint Development_General Ledger.csv,2026-07-18T23:30:00-04:00,de232831d4833e97
2026-01-17,Barclay CC 0333,Expense,Circle K,,46.44,2322.53,N,Precision Blueprint Development_General Ledger.csv,2026-07-18T23:30:00-04:00,056e2d5aac54f384
2026-01-19,Barclay CC 0333,Expense,Circle K,,35.71,2358.24,N,Precision Blueprint Development_General Ledger.csv,2026-07-18T23:30:00-04:00,d84f1f6d5fc219ec
2026-01-19,Barclay CC 0333,Expense,Enterprise Rent-A-Car,,547.7,2905.94,N,Precision Blueprint Development_General Ledger.csv,2026-07-18T23:30:00-04:00,20cec54db0a72b26
2026-01-20,Barclay CC 0333,Expense,Circle K,,97.49,3003.43,N,Precision Blueprint Development_General Ledger.csv,2026-07-18T23:30:00-04:00,203dae098904089d
2026-01-20,Barclay CC 0333,Expense,Gardel Engineering,,1800.0,4803.43,N,Precision Blueprint Development_General Ledger.csv,2026-07-18T23:30:00-04:00,825af73a87a840e9
2026-01-30,Barclay CC 0333,Credit Card Credit,"Box, Inc","Per client call 2/25/26, fraud but it needs to wash somewhere.",-105.63,4697.8,N,Precision Blueprint Development_General Ledger.csv,2026-07-18T23:30:00-04:00,98f675045b338208
2026-01-30,Barclay CC 0333,Expense,"Box, Inc","Per client call 2/25/26, fraud but it needs to wash somewhere.",124.84,4822.64,N,Precision Blueprint Development_General Ledger.csv,2026-07-18T23:30:00-04:00,d11d5a90ec8564ac
2026-01-30,Barclay CC 0333,Expense,"Box, Inc","Per client call 2/25/26, fraud but it needs to wash somewhere.",105.63,4928.27,N,Precision Blueprint Development_General Ledger.csv,2026-07-18T23:30:00-04:00,9daed166ea8a5946
2026-01-30,Barclay CC 0333,Expense,"Box, Inc","Per client call 2/25/26, fraud but it needs to wash somewhere.",105.63,5033.9,N,Precision Blueprint Development_General Ledger.csv,2026-07-18T23:30:00-04:00,9daed166ea8a5946
2026-01-30,Barclay CC 0333,Credit Card Credit,"Box, Inc",,-124.84,4909.06,N,Precision Blueprint Development_General Ledger.csv,2026-07-18T23:30:00-04:00,076b4768ecdf1de0
2026-01-30,Barclay CC 0333,Credit Card Credit,"Box, Inc",,-105.63,4803.43,N,Precision Blueprint Development_General Ledger.csv,2026-07-18T23:30:00-04:00,98f675045b338208
2026-01-30,Barclay CC 0333,Expense,"Box, Inc",,105.63,4909.06,N,Precision Blueprint Development_General Ledger.csv,2026-07-18T23:30:00-04:00,9daed166ea8a5946
2026-01-31,Barclay CC 0333,Credit Card Credit,"Box, Inc","Per client call 2/25/26, fraud but it needs to wash somewhere.",-124.84,4784.22,N,Precision Blueprint Development_General Ledger.csv,2026-07-18T23:30:00-04:00,748b9a5d761b1694
2026-01-31,Barclay CC 0333,Expense,"Box, Inc",,124.84,4909.06,N,Precision Blueprint Development_General Ledger.csv,2026-07-18T23:30:00-04:00,71797822f8e7cc42
2026-02-02,Barclay CC 0333,Credit Card Credit,"Box, Inc",,-105.63,4803.43,N,Precision Blueprint Development_General Ledger.csv,2026-07-18T23:30:00-04:00,9b0f77bfcc4332a3
2026-02-02,Barclay CC 0333,Expense,"Box, Inc",,105.63,4909.06,N,Precision Blueprint Development_General Ledger.csv,2026-07-18T23:30:00-04:00,536153298ee774fa
2026-02-03,Barclay CC 0333,Credit Card Credit,"Box, Inc",,-105.63,4803.43,N,Precision Blueprint Development_General Ledger.csv,2026-07-18T23:30:00-04:00,290f4f639a490e6e
2026-02-04,Barclay CC 0333,Credit Card Credit,Barclay Card,,-558.45,4244.98,N,Precision Blueprint Development_General Ledger.csv,2026-07-18T23:30:00-04:00,315827d93de199c9
2026-02-12,Barclay CC 0333,Expense,Ojos Locos Sports Cantina,,40.39,4285.37,N,Precision Blueprint Development_General Ledger.csv,2026-07-18T23:30:00-04:00,0cece6f62a909a89
2026-02-14,Barclay CC 0333,Expense,Origen,,395.54,4680.91,N,Precision Blueprint Development_General Ledger.csv,2026-07-18T23:30:00-04:00,6c7b089dec7c06e2
2026-02-19,Barclay CC 0333,Expense,Circle K,,111.72,4792.63,N,Precision Blueprint Development_General Ledger.csv,2026-07-18T23:30:00-04:00,fff8e2b6a9a1ea2d
2026-02-20,Barclay CC 0333,Expense,Home Depot,,12.95,4805.58,N,Precision Blueprint Development_General Ledger.csv,2026-07-18T23:30:00-04:00,97f6f8d59bd1d6d3
2026-02-22,Barclay CC 0333,Expense,Our Lady of Guadalupe,,60.0,4865.58,N,Precision Blueprint Development_General Ledger.csv,2026-07-18T23:30:00-04:00,d86f50f7fd1fe686
2026-02-26,Barclay CC 0333,Expense,Circle K,,108.39,4973.97,N,Precision Blueprint Development_General Ledger.csv,2026-07-18T23:30:00-04:00,d80617a43a974a7d
2026-02-28,Barclay CC 0333,Expense,High Tide Seafood Bar,,149.42,5123.39,N,Precision Blueprint Development_General Ledger.csv,2026-07-18T23:30:00-04:00,8e1a058c4aa54f41
2026-02-28,Barclay CC 0333,Expense,Circle K,,60.82,5184.21,N,Precision Blueprint Development_General Ledger.csv,2026-07-18T23:30:00-04:00,c1e0f3a444eff3bd
2026-03-03,Barclay CC 0333,Expense,Circle K,,138.22,5322.43,N,Precision Blueprint Development_General Ledger.csv,2026-07-18T23:30:00-04:00,9c0a7893940ed352
2026-03-03,Barclay CC 0333,Expense,Cheesecake Factory,,347.37,5669.8,N,Precision Blueprint Development_General Ledger.csv,2026-07-18T23:30:00-04:00,ccaadbf7e5905be2
2026-03-04,Barclay CC 0333,Credit Card Credit,Barclay Card,,-3908.88,1760.92,N,Precision Blueprint Development_General Ledger.csv,2026-07-18T23:30:00-04:00,58efcd0c031ffa9b
2026-03-04,Barclay CC 0333,Expense,Walgreens,,21.02,1781.94,N,Precision Blueprint Development_General Ledger.csv,2026-07-18T23:30:00-04:00,7f0e7e736ca10e93
2026-03-05,Barclay CC 0333,Expense,Yogis Grill,,14.94,1796.88,N,Precision Blueprint Development_General Ledger.csv,2026-07-18T23:30:00-04:00,ba7aa727d89ea2a4
2026-03-05,Barclay CC 0333,Expense,Ghost Ranch,,64.06,1860.94,N,Precision Blueprint Development_General Ledger.csv,2026-07-18T23:30:00-04:00,68cfbce12f62e76a
2026-03-06,Barclay CC 0333,Expense,Salad and Go,,16.14,1877.08,N,Precision Blueprint Development_General Ledger.csv,2026-07-18T23:30:00-04:00,a812d9da556236ea
2026-03-06,Barclay CC 0333,Expense,Home Depot,,46.49,1923.57,N,Precision Blueprint Development_General Ledger.csv,2026-07-18T23:30:00-04:00,bbda7f1f95f4074f
2026-03-06,Barclay CC 0333,Expense,Home Depot,,24.46,1948.03,N,Precision Blueprint Development_General Ledger.csv,2026-07-18T23:30:00-04:00,fc54b5c101aeee4a
2026-03-08,Barclay CC 0333,Credit Card Expense,Fry's Food,Per client call 4/22/26,29.96,1977.99,N,Precision Blueprint Development_General Ledger.csv,2026-07-18T23:30:00-04:00,5b9a6482937f0150
2026-03-08,Barclay CC 0333,Credit Card Expense,Gifts from Bethlehem,Per client call 4/22/26,145.0,2122.99,N,Precision Blueprint Development_General Ledger.csv,2026-07-18T23:30:00-04:00,5216d158c50f8072
2026-03-09,Barclay CC 0333,Credit Card Expense,Circle K,,162.72,2285.71,N,Precision Blueprint Development_General Ledger.csv,2026-07-18T23:30:00-04:00,a05201fd39630570
2026-03-10,Barclay CC 0333,Credit Card Expense,Tailgaters,,197.92,2483.63,N,Precision Blueprint Development_General Ledger.csv,2026-07-18T23:30:00-04:00,7518934d49df248f
2026-03-15,Barclay CC 0333,Credit Card Expense,Tacos Y Mariscos,,106.72,2590.35,N,Precision Blueprint Development_General Ledger.csv,2026-07-18T23:30:00-04:00,4a20f8d89dd72727
2026-04-02,Barclay CC 0333,Credit Card Expense,Mariscos Sinaloa,,72.0,2662.35,N,Precision Blueprint Development_General Ledger.csv,2026-07-18T23:30:00-04:00,9a594a47d4cefddc
2026-04-03,Barclay CC 0333,Credit Card Expense,Ojos Locos Sports Cantina,,36.25,2698.6,N,Precision Blueprint Development_General Ledger.csv,2026-07-18T23:30:00-04:00,9b99053e797918f8
2026-04-04,Barclay CC 0333,Credit Card Credit,Barclay Card,,-1948.03,750.57,N,Precision Blueprint Development_General Ledger.csv,2026-07-18T23:30:00-04:00,53b5a2fe882e07fc
2026-01-01,Chase Business Card 3140 (9274)(7687),Credit Card Expense,Sherwin Williams,,29.82,57085.08,N,Precision Blueprint Development_General Ledger.csv,2026-07-18T23:30:00-04:00,367bf8b96eb027fb
2026-01-01,Chase Business Card 3140 (9274)(7687),Credit Card Expense,Sherwin Williams,,29.81,57114.89,N,Precision Blueprint Development_General Ledger.csv,2026-07-18T23:30:00-04:00,413882238afe241d
2026-01-01,Chase Business Card 3140 (9274)(7687),Expense,Diamond Kitchen & Bath,Per client call 2/25/26.,10000.0,67114.89,N,Precision Blueprint Development_General Ledger.csv,2026-07-18T23:30:00-04:00,68ff99aafed2cf01
2026-01-01,Chase Business Card 3140 (9274)(7687),Expense,Barro's Pizza,,110.13,67225.02,N,Precision Blueprint Development_General Ledger.csv,2026-07-18T23:30:00-04:00,26086035f7ac2861
2026-01-02,Chase Business Card 3140 (9274)(7687),Expense,Home Depot,,14.85,67239.87,N,Precision Blueprint Development_General Ledger.csv,2026-07-18T23:30:00-04:00,b407aeb03f605d63
2026-01-02,Chase Business Card 3140 (9274)(7687),Expense,Google,,72.44,67312.31,N,Precision Blueprint Development_General Ledger.csv,2026-07-18T23:30:00-04:00,74c18601ec730938
2026-01-02,Chase Business Card 3140 (9274)(7687),Expense,Google,,164.36,67476.67,N,Precision Blueprint Development_General Ledger.csv,2026-07-18T23:30:00-04:00,e75104d5b623ba22
2026-01-02,Chase Business Card 3140 (9274)(7687),Expense,Google Ads,,201.29,67677.96,N,Precision Blueprint Development_General Ledger.csv,2026-07-18T23:30:00-04:00,4870e9e1af2e809c
2026-01-04,Chase Business Card 3140 (9274)(7687),Credit Card Expense,Circle K,,117.22,67795.18,N,Precision Blueprint Development_General Ledger.csv,2026-07-18T23:30:00-04:00,7c8a2f7fbfb11a9c
2026-01-04,Chase Business Card 3140 (9274)(7687),Credit Card Expense,Sherwin Williams,,118.13,67913.31,N,Precision Blueprint Development_General Ledger.csv,2026-07-18T23:30:00-04:00,3f635f869429ffd8
2026-01-04,Chase Business Card 3140 (9274)(7687),Expense,Home Depot,,211.23,68124.54,N,Precision Blueprint Development_General Ledger.csv,2026-07-18T23:30:00-04:00,0582e7db78a517a8
2026-01-04,Chase Business Card 3140 (9274)(7687),Expense,Home Depot,,9.28,68133.82,N,Precision Blueprint Development_General Ledger.csv,2026-07-18T23:30:00-04:00,dcb69c0bc30eb517
2026-01-04,Chase Business Card 3140 (9274)(7687),Expense,Home Depot,,22.9,68156.72,N,Precision Blueprint Development_General Ledger.csv,2026-07-18T23:30:00-04:00,d46bb38add93fca0
2026-01-04,Chase Business Card 3140 (9274)(7687),Expense,Spotify,,12.79,68169.51,N,Precision Blueprint Development_General Ledger.csv,2026-07-18T23:30:00-04:00,e3010bb419c61d5e
2026-01-04,Chase Business Card 3140 (9274)(7687),Expense,Ash Parchment,Per client call 2/25/26,79.98,68249.49,N,Precision Blueprint Development_General Ledger.csv,2026-07-18T23:30:00-04:00,6aaa7ea475ee8506
2026-01-04,Chase Business Card 3140 (9274)(7687),Expense,Costco,,412.4,68661.89,N,Precision Blueprint Development_General Ledger.csv,2026-07-18T23:30:00-04:00,62b0e5df12b772eb
2026-01-06,Chase Business Card 3140 (9274)(7687),Expense,Filibertos Mexican Restaurant,,45.46,68707.35,N,Precision Blueprint Development_General Ledger.csv,2026-07-18T23:30:00-04:00,b5fe1005ddd4060e
2026-01-07,Chase Business Card 3140 (9274)(7687),Expense,Chase,ORIG CO NAME:CHASE CREDIT CRD ORIG ID:4760039224 DESC DATE:260,-25000.0,43707.35,N,Precision Blueprint Development_General Ledger.csv,2026-07-18T23:30:00-04:00,84a51382fb93130d
2026-01-07,Chase Business Card 3140 (9274)(7687),Expense,Home Depot,,23.22,43730.57,N,Precision Blueprint Development_General Ledger.csv,2026-07-18T23:30:00-04:00,152de794989ecabd
2026-01-07,Chase Business Card 3140 (9274)(7687),Expense,Home Depot,,21.62,43752.19,N,Precision Blueprint Development_General Ledger.csv,2026-07-18T23:30:00-04:00,06f62db99da4068f
2026-01-07,Chase Business Card 3140 (9274)(7687),Expense,Home Depot,,31.35,43783.54,N,Precision Blueprint Development_General Ledger.csv,2026-07-18T23:30:00-04:00,fa0df0c4e67f6677
2026-01-07,Chase Business Card 3140 (9274)(7687),Expense,Home Depot,,127.26,43910.8,N,Precision Blueprint Development_General Ledger.csv,2026-07-18T23:30:00-04:00,30df9e8a2e53140a
2026-01-07,Chase Business Card 3140 (9274)(7687),Expense,Apple,,8.53,43919.33,N,Precision Blueprint Development_General Ledger.csv,2026-07-18T23:30:00-04:00,b6ab46fcd904735b
2026-01-07,Chase Business Card 3140 (9274)(7687),Expense,Apple,,17.06,43936.39,N,Precision Blueprint Development_General Ledger.csv,2026-07-18T23:30:00-04:00,a525cbf07157a584
2026-01-07,Chase Business Card 3140 (9274)(7687),Expense,Total Drive,,1.99,43938.38,N,Precision Blueprint Development_General Ledger.csv,2026-07-18T23:30:00-04:00,a957848836d16923
2026-01-09,Chase Business Card 3140 (9274)(7687),Expense,Total Drive,,38.96,43977.34,N,Precision Blueprint Development_General Ledger.csv,2026-07-18T23:30:00-04:00,1e0425ca563e2cef
2026-01-12,Chase Business Card 3140 (9274)(7687),Expense,Chase,,750.95,44728.29,N,Precision Blueprint Development_General Ledger.csv,2026-07-18T23:30:00-04:00,08ce12430b8dd8b4
2026-01-12,Chase Business Card 3140 (9274)(7687),Expense,Cobblestone Auto Spa,,37.0,44765.29,N,Precision Blueprint Development_General Ledger.csv,2026-07-18T23:30:00-04:00,0f1a08f392d91ae1
2026-01-13,Chase Business Card 3140 (9274)(7687),Expense,Adobe,,104.16,44869.45,N,Precision Blueprint Development_General Ledger.csv,2026-07-18T23:30:00-04:00,8b97a1dc22523617
2026-01-13,Chase Business Card 3140 (9274)(7687),Expense,Cox Communications,,100.0,44969.45,N,Precision Blueprint Development_General Ledger.csv,2026-07-18T23:30:00-04:00,b74132a8aba25879
2026-01-14,Chase Business Card 3140 (9274)(7687),Expense,All State,,524.89,45494.34,N,Precision Blueprint Development_General Ledger.csv,2026-07-18T23:30:00-04:00,b40b0b31128cdda6
2026-01-16,Chase Business Card 3140 (9274)(7687),Expense,Intuit,,122.71,45617.05,N,Precision Blueprint Development_General Ledger.csv,2026-07-18T23:30:00-04:00,df9884e8ae18254e
2026-01-20,Chase Business Card 3140 (9274)(7687),Expense,Angi Leads,,550.0,46167.05,N,Precision Blueprint Development_General Ledger.csv,2026-07-18T23:30:00-04:00,98e8dfa692be340f
2026-01-20,Chase Business Card 3140 (9274)(7687),Expense,National Construction Rentals,,169.11,46336.16,N,Precision Blueprint Development_General Ledger.csv,2026-07-18T23:30:00-04:00,34aa865af8b0beeb
2026-01-22,Chase Business Card 3140 (9274)(7687),Credit Card Expense,Circle K,,97.46,46433.62,N,Precision Blueprint Development_General Ledger.csv,2026-07-18T23:30:00-04:00,187f903d8cf21597
2026-01-22,Chase Business Card 3140 (9274)(7687),Expense,Canva,,15.0,46448.62,N,Precision Blueprint Development_General Ledger.csv,2026-07-18T23:30:00-04:00,5a572fe24f6a2af5
2026-01-22,Chase Business Card 3140 (9274)(7687),Expense,Discount Door and Trim,,376.2,46824.82,N,Precision Blueprint Development_General Ledger.csv,2026-07-18T23:30:00-04:00,55ce682b85366de3
2026-01-22,Chase Business Card 3140 (9274)(7687),Expense,Google One,,3.19,46828.01,N,Precision Blueprint Development_General Ledger.csv,2026-07-18T23:30:00-04:00,b4f6c17c14d27d60
2026-01-23,Chase Business Card 3140 (9274)(7687),Credit Card Expense,Circle K,,50.97,46878.98,N,Precision Blueprint Development_General Ledger.csv,2026-07-18T23:30:00-04:00,3a8305746c2e61d5
2026-01-25,Chase Business Card 3140 (9274)(7687),Expense,Verizon Wireless,,175.02,47054.0,N,Precision Blueprint Development_General Ledger.csv,2026-07-18T23:30:00-04:00,29e040d2037c606c
2026-01-25,Chase Business Card 3140 (9274)(7687),Credit Card Expense,Home Depot,,32.71,47086.71,N,Precision Blueprint Development_General Ledger.csv,2026-07-18T23:30:00-04:00,15a9883c8e4f65ae
2026-01-25,Chase Business Card 3140 (9274)(7687),Credit Card Expense,Sherwin Williams,,197.6,47284.31,N,Precision Blueprint Development_General Ledger.csv,2026-07-18T23:30:00-04:00,5e70f28e121671ed
2026-01-25,Chase Business Card 3140 (9274)(7687),Credit Card Expense,Sherwin Williams,,299.44,47583.75,N,Precision Blueprint Development_General Ledger.csv,2026-07-18T23:30:00-04:00,d9084e5b1531c734
2026-01-25,Chase Business Card 3140 (9274)(7687),Expense,Circle K,,0.22,47583.97,N,Precision Blueprint Development_General Ledger.csv,2026-07-18T23:30:00-04:00,e53c5a90e6fc4506
2026-01-25,Chase Business Card 3140 (9274)(7687),Expense,84 Lumber,,8250.58,55834.55,N,Precision Blueprint Development_General Ledger.csv,2026-07-18T23:30:00-04:00,8055bb2a1d686d56
2026-01-25,Chase Business Card 3140 (9274)(7687),Expense,Costco,,317.37,56151.92,N,Precision Blueprint Development_General Ledger.csv,2026-07-18T23:30:00-04:00,00b7f069ed6d6362
2026-01-25,Chase Business Card 3140 (9274)(7687),Expense,Discount Door and Trim,,992.03,57143.95,N,Precision Blueprint Development_General Ledger.csv,2026-07-18T23:30:00-04:00,15b16ba30be486f5
2026-01-25,Chase Business Card 3140 (9274)(7687),Expense,Juan Carlos Hernandez/Fly Promotions,,400.0,57543.95,N,Precision Blueprint Development_General Ledger.csv,2026-07-18T23:30:00-04:00,059e431ff6f8d086
2026-01-26,Chase Business Card 3140 (9274)(7687),Expense,Barro's Pizza,,100.62,57644.57,N,Precision Blueprint Development_General Ledger.csv,2026-07-18T23:30:00-04:00,24107e9d2c5ce0f4
2026-01-27,Chase Business Card 3140 (9274)(7687),Credit Card Expense,Circle K,,112.32,57756.89,N,Precision Blueprint Development_General Ledger.csv,2026-07-18T23:30:00-04:00,b113bc4029318391
2026-01-27,Chase Business Card 3140 (9274)(7687),Expense,RayBen Design & Build - Raymond Bencomod,,3501.22,61258.11,N,Precision Blueprint Development_General Ledger.csv,2026-07-18T23:30:00-04:00,64a8608174d8e59c
2026-01-27,Chase Business Card 3140 (9274)(7687),Expense,Google One,,3.19,61261.3,N,Precision Blueprint Development_General Ledger.csv,2026-07-18T23:30:00-04:00,816888d1c9f12355
2026-01-27,Chase Business Card 3140 (9274)(7687),Expense,Juan Carlos Hernandez/Fly Promotions,,400.0,61661.3,N,Precision Blueprint Development_General Ledger.csv,2026-07-18T23:30:00-04:00,2a6b7aa265b0e1ae
2026-01-28,Chase Business Card 3140 (9274)(7687),Expense,84 Lumber,,2939.74,64601.04,N,Precision Blueprint Development_General Ledger.csv,2026-07-18T23:30:00-04:00,56c26a6b2839f841
2026-01-28,Chase Business Card 3140 (9274)(7687),Expense,Budget Brothers Termite,Per client 3/25/26,1595.0,66196.04,N,Precision Blueprint Development_General Ledger.csv,2026-07-18T23:30:00-04:00,7883f0edae769be5
2026-02-01,Chase Business Card 3140 (9274)(7687),Expense,Arizona Tile,,337.77,66533.81,N,Precision Blueprint Development_General Ledger.csv,2026-07-18T23:30:00-04:00,1da782e225d10631
2026-02-01,Chase Business Card 3140 (9274)(7687),Expense,Filibertos Mexican Restaurant,,51.9,66585.71,N,Precision Blueprint Development_General Ledger.csv,2026-07-18T23:30:00-04:00,d1121a20758827b6
2026-02-01,Chase Business Card 3140 (9274)(7687),Expense,Filibertos Mexican Restaurant,,25.51,66611.22,N,Precision Blueprint Development_General Ledger.csv,2026-07-18T23:30:00-04:00,1a7b3c8c1c722285
2026-02-01,Chase Business Card 3140 (9274)(7687),Expense,Lowe's,,58.08,66669.3,N,Precision Blueprint Development_General Ledger.csv,2026-07-18T23:30:00-04:00,e8b172ed2b269ce1
2026-02-01,Chase Business Card 3140 (9274)(7687),Expense,Staples,,49.23,66718.53,N,Precision Blueprint Development_General Ledger.csv,2026-07-18T23:30:00-04:00,3f5e8369a97e578a
2026-02-02,Chase Business Card 3140 (9274)(7687),Expense,Google Ads,,185.29,66903.82,N,Precision Blueprint Development_General Ledger.csv,2026-07-18T23:30:00-04:00,5baecc03597f8460
2026-02-02,Chase Business Card 3140 (9274)(7687),Expense,Bosa Donuts,,24.99,66928.81,N,Precision Blueprint Development_General Ledger.csv,2026-07-18T23:30:00-04:00,182448b47d7fec13
2026-02-02,Chase Business Card 3140 (9274)(7687),Expense,Bosa Donuts,,45.64,66974.45,N,Precision Blueprint Development_General Ledger.csv,2026-07-18T23:30:00-04:00,38383e217e02c52e
2026-02-02,Chase Business Card 3140 (9274)(7687),Expense,Google,,72.44,67046.89,N,Precision Blueprint Development_General Ledger.csv,2026-07-18T23:30:00-04:00,d677d46ea46902fc
2026-02-02,Chase Business Card 3140 (9274)(7687),Expense,Google,,164.36,67211.25,N,Precision Blueprint Development_General Ledger.csv,2026-07-18T23:30:00-04:00,3b51c623e39052b6
2026-02-03,Chase Business Card 3140 (9274)(7687),Credit Card Expense,Home Depot,,52.8,67264.05,N,Precision Blueprint Development_General Ledger.csv,2026-07-18T23:30:00-04:00,ad894f6ec638ce1d
2026-02-03,Chase Business Card 3140 (9274)(7687),Credit Card Expense,Circle K,,117.22,67381.27,N,Precision Blueprint Development_General Ledger.csv,2026-07-18T23:30:00-04:00,818e89fbedd97fc0
2026-02-03,Chase Business Card 3140 (9274)(7687),Expense,Discount Door and Trim,,59.4,67440.67,N,Precision Blueprint Development_General Ledger.csv,2026-07-18T23:30:00-04:00,d05a501e427d057e
2026-02-03,Chase Business Card 3140 (9274)(7687),Expense,Filibertos Mexican Restaurant,,39.01,67479.68,N,Precision Blueprint Development_General Ledger.csv,2026-07-18T23:30:00-04:00,825a5532b90929c5
2026-02-04,Chase Business Card 3140 (9274)(7687),Credit Card Expense,Home Depot,,21.09,67500.77,N,Precision Blueprint Development_General Ledger.csv,2026-07-18T23:30:00-04:00,456af6ba64cbda00
2026-02-04,Chase Business Card 3140 (9274)(7687),Credit Card Expense,Home Depot,,186.92,67687.69,N,Precision Blueprint Development_General Ledger.csv,2026-07-18T23:30:00-04:00,d5c26921d66a6f11
2026-02-04,Chase Business Card 3140 (9274)(7687),Expense,Spotify,,12.79,67700.48,N,Precision Blueprint Development_General Ledger.csv,2026-07-18T23:30:00-04:00,1a34ef9d6c1fbdd5
2026-02-05,Chase Business Card 3140 (9274)(7687),Credit Card Expense,Home Depot,,52.12,67752.6,N,Precision Blueprint Development_General Ledger.csv,2026-07-18T23:30:00-04:00,cff5632ee592a06f
2026-02-05,Chase Business Card 3140 (9274)(7687),Credit Card Expense,Home Depot,,307.8,68060.4,N,Precision Blueprint Development_General Ledger.csv,2026-07-18T23:30:00-04:00,1496129a314f5157
2026-02-05,Chase Business Card 3140 (9274)(7687),Expense,Amazon,Per client 3/25/26,167.87,68228.27,N,Precision Blueprint Development_General Ledger.csv,2026-07-18T23:30:00-04:00,fe2bb0125b6fcc20
2026-02-05,Chase Business Card 3140 (9274)(7687),Expense,Miller Wholesale Lumber,,817.41,69045.68,N,Precision Blueprint Development_General Ledger.csv,2026-07-18T23:30:00-04:00,888fb1a522125de0
2026-02-06,Chase Business Card 3140 (9274)(7687),Credit Card Expense,Home Depot,,17.73,69063.41,N,Precision Blueprint Development_General Ledger.csv,2026-07-18T23:30:00-04:00,946e53859dab96a5
2026-02-06,Chase Business Card 3140 (9274)(7687),Credit Card Expense,Home Depot,,40.21,69103.62,N,Precision Blueprint Development_General Ledger.csv,2026-07-18T23:30:00-04:00,bc966e2569142121
2026-02-06,Chase Business Card 3140 (9274)(7687),Credit Card Expense,Home Depot,,9.3,69112.92,N,Precision Blueprint Development_General Ledger.csv,2026-07-18T23:30:00-04:00,511863878f000497
2026-02-06,Chase Business Card 3140 (9274)(7687),Credit Card Expense,Sherwin Williams,,124.62,69237.54,N,Precision Blueprint Development_General Ledger.csv,2026-07-18T23:30:00-04:00,e96274294ee79b99
2026-02-06,Chase Business Card 3140 (9274)(7687),Expense,Edible Arrangements,,102.33,69339.87,N,Precision Blueprint Development_General Ledger.csv,2026-07-18T23:30:00-04:00,f9fae56f9a5ca21b
2026-02-06,Chase Business Card 3140 (9274)(7687),Expense,Mynd Block LLC,,680.0,70019.87,N,Precision Blueprint Development_General Ledger.csv,2026-07-18T23:30:00-04:00,6c2c3bc569331152
2026-02-08,Chase Business Card 3140 (9274)(7687),Credit Card Expense,Home Depot,,19.01,70038.88,N,Precision Blueprint Development_General Ledger.csv,2026-07-18T23:30:00-04:00,6ad9bf126f0bbf34
2026-02-08,Chase Business Card 3140 (9274)(7687),Credit Card Expense,Sherwin Williams,,320.84,70359.72,N,Precision Blueprint Development_General Ledger.csv,2026-07-18T23:30:00-04:00,867257409d1464e0
2026-02-08,Chase Business Card 3140 (9274)(7687),Credit Card Expense,Sherwin Williams,,88.27,70447.99,N,Precision Blueprint Development_General Ledger.csv,2026-07-18T23:30:00-04:00,80a63184a63709ac
2026-02-08,Chase Business Card 3140 (9274)(7687),Credit Card Expense,Circle K,,117.22,70565.21,N,Precision Blueprint Development_General Ledger.csv,2026-07-18T23:30:00-04:00,92b1287d5c288a24
2026-02-09,Chase Business Card 3140 (9274)(7687),Expense,Chase,ORIG CO NAME:CHASE CREDIT CRD ORIG ID:4760039224 DESC DATE:260,-35000.0,35565.21,N,Precision Blueprint Development_General Ledger.csv,2026-07-18T23:30:00-04:00,4eca0345f5f26ab0
2026-02-10,Chase Business Card 3140 (9274)(7687),Credit Card Credit,Home Depot,,-32.6,35532.61,N,Precision Blueprint Development_General Ledger.csv,2026-07-18T23:30:00-04:00,3b6b7728012e9f5a
2026-02-10,Chase Business Card 3140 (9274)(7687),Credit Card Credit,Home Depot,,-18.36,35514.25,N,Precision Blueprint Development_General Ledger.csv,2026-07-18T23:30:00-04:00,b0f99572954da9ef
2026-02-10,Chase Business Card 3140 (9274)(7687),Credit Card Expense,Home Depot,,54.74,35568.99,N,Precision Blueprint Development_General Ledger.csv,2026-07-18T23:30:00-04:00,aad2a78820c3b7c2
2026-02-10,Chase Business Card 3140 (9274)(7687),Credit Card Expense,Home Depot,,179.25,35748.24,N,Precision Blueprint Development_General Ledger.csv,2026-07-18T23:30:00-04:00,761d7d87fa5072d9
2026-02-10,Chase Business Card 3140 (9274)(7687),Credit Card Expense,Sherwin Williams,,37.77,35786.01,N,Precision Blueprint Development_General Ledger.csv,2026-07-18T23:30:00-04:00,a0f6f0e71332d5b8
2026-02-10,Chase Business Card 3140 (9274)(7687),Expense,84 Lumber,,366.12,36152.13,N,Precision Blueprint Development_General Ledger.csv,2026-07-18T23:30:00-04:00,783704483170a01f
2026-02-10,Chase Business Card 3140 (9274)(7687),Expense,Total Drive,,9.99,36162.12,N,Precision Blueprint Development_General Ledger.csv,2026-07-18T23:30:00-04:00,faff8a341f591ecc
2026-02-11,Chase Business Card 3140 (9274)(7687),Credit Card Expense,Circle K,,67.65,36229.77,N,Precision Blueprint Development_General Ledger.csv,2026-07-18T23:30:00-04:00,c665720db03daeba
2026-02-11,Chase Business Card 3140 (9274)(7687),Expense,First Watch,,80.11,36309.88,N,Precision Blueprint Development_General Ledger.csv,2026-07-18T23:30:00-04:00,d2c10b7cb9abb4cc
2026-02-11,Chase Business Card 3140 (9274)(7687),Expense,4 Freedom Construction,,81.22,36391.1,N,Precision Blueprint Development_General Ledger.csv,2026-07-18T23:30:00-04:00,f763bcd7af02c12c
2026-02-12,Chase Business Card 3140 (9274)(7687),Expense,Cobblestone Auto Spa,,37.0,36428.1,N,Precision Blueprint Development_General Ledger.csv,2026-07-18T23:30:00-04:00,7ef88f22d7fbd10b
2026-02-12,Chase Business Card 3140 (9274)(7687),Expense,Facebook,,33.64,36461.74,N,Precision Blueprint Development_General Ledger.csv,2026-07-18T23:30:00-04:00,82595bad69e11938
2026-02-12,Chase Business Card 3140 (9274)(7687),Expense,Floor & Decor,,47.55,36509.29,N,Precision Blueprint Development_General Ledger.csv,2026-07-18T23:30:00-04:00,c95455804c2d58c3
2026-02-12,Chase Business Card 3140 (9274)(7687),Expense,Chase,,748.48,37257.77,N,Precision Blueprint Development_General Ledger.csv,2026-07-18T23:30:00-04:00,e5b202fa80306f50
2026-02-12,Chase Business Card 3140 (9274)(7687),Expense,Schneider Structural,,350.0,37607.77,N,Precision Blueprint Development_General Ledger.csv,2026-07-18T23:30:00-04:00,88211b6093da861c
2026-02-13,Chase Business Card 3140 (9274)(7687),Expense,RWC Building Products,Per client call 4/22/26,8160.64,45768.41,N,Precision Blueprint Development_General Ledger.csv,2026-07-18T23:30:00-04:00,e1dc923bd6a26315
2026-02-13,Chase Business Card 3140 (9274)(7687),Expense,Cox Communications,,100.0,45868.41,N,Precision Blueprint Development_General Ledger.csv,2026-07-18T23:30:00-04:00,c5dd87a2b6555f9c
2026-02-13,Chase Business Card 3140 (9274)(7687),Expense,Boostiva,,71.99,45940.4,N,Precision Blueprint Development_General Ledger.csv,2026-07-18T23:30:00-04:00,4c73a183a5fbf24f
2026-02-15,Chase Business Card 3140 (9274)(7687),Expense,Law Offices of Adam Rieth,,500.0,46440.4,N,Precision Blueprint Development_General Ledger.csv,2026-07-18T23:30:00-04:00,10e5abdbd73ec90e
2026-02-15,Chase Business Card 3140 (9274)(7687),Expense,Adobe,,104.16,46544.56,N,Precision Blueprint Development_General Ledger.csv,2026-07-18T23:30:00-04:00,4a5ac2f6b1adbba6
2026-02-15,Chase Business Card 3140 (9274)(7687),Expense,All State,,524.89,47069.45,N,Precision Blueprint Development_General Ledger.csv,2026-07-18T23:30:00-04:00,bc160914ebb403a1
2026-02-15,Chase Business Card 3140 (9274)(7687),Expense,Body Clinic,,2000.0,49069.45,N,Precision Blueprint Development_General Ledger.csv,2026-07-18T23:30:00-04:00,40a969df86c92525
2026-02-15,Chase Business Card 3140 (9274)(7687),Expense,Circle K,,101.67,49171.12,N,Precision Blueprint Development_General Ledger.csv,2026-07-18T23:30:00-04:00,55f1399ea8de444b
2026-02-15,Chase Business Card 3140 (9274)(7687),Expense,National Construction Rentals,,196.38,49367.5,N,Precision Blueprint Development_General Ledger.csv,2026-07-18T23:30:00-04:00,23702a15401a23a0
2026-02-15,Chase Business Card 3140 (9274)(7687),Expense,National Construction Rentals,,169.11,49536.61,N,Precision Blueprint Development_General Ledger.csv,2026-07-18T23:30:00-04:00,05927dcb0acad057
2026-02-16,Chase Business Card 3140 (9274)(7687),Expense,Intuit,,122.71,49659.32,N,Precision Blueprint Development_General Ledger.csv,2026-07-18T23:30:00-04:00,0dee8befdb92d306
2026-02-16,Chase Business Card 3140 (9274)(7687),Expense,Greenleaf Pest Control,,180.0,49839.32,N,Precision Blueprint Development_General Ledger.csv,2026-07-18T23:30:00-04:00,3473d6dc8f0e1dea
2026-02-18,Chase Business Card 3140 (9274)(7687),Expense,True North Air Conditioning LLC,,15300.0,65139.32,N,Precision Blueprint Development_General Ledger.csv,2026-07-18T23:30:00-04:00,9431cae21f27785d
2026-02-18,Chase Business Card 3140 (9274)(7687),Expense,Schneider Structural,,350.0,65489.32,N,Precision Blueprint Development_General Ledger.csv,2026-07-18T23:30:00-04:00,5d36c831ed38d3a7
2026-02-20,Chase Business Card 3140 (9274)(7687),Expense,Angi Leads,,550.0,66039.32,N,Precision Blueprint Development_General Ledger.csv,2026-07-18T23:30:00-04:00,fdac7ce31c9abefb
2026-02-20,Chase Business Card 3140 (9274)(7687),Expense,Miller Wholesale Lumber,,159.9,66199.22,N,Precision Blueprint Development_General Ledger.csv,2026-07-18T23:30:00-04:00,8022e9ef4de71d2e
2026-02-22,Chase Business Card 3140 (9274)(7687),Expense,84 Lumber,,166.88,66366.1,N,Precision Blueprint Development_General Ledger.csv,2026-07-18T23:30:00-04:00,fcb8588aba282b12
2026-02-22,Chase Business Card 3140 (9274)(7687),Expense,Canva,,15.0,66381.1,N,Precision Blueprint Development_General Ledger.csv,2026-07-18T23:30:00-04:00,9d89a0382e4be020
2026-02-23,Chase Business Card 3140 (9274)(7687),Expense,Chase,Payment to Chase card ending in 7687,-37607.77,28773.33,N,Precision Blueprint Development_General Ledger.csv,2026-07-18T23:30:00-04:00,9e00020f0868dae3
2026-02-24,Chase Business Card 3140 (9274)(7687),Expense,Ecoscore Rescheck,,718.0,29491.33,N,Precision Blueprint Development_General Ledger.csv,2026-07-18T23:30:00-04:00,4682ed4844a4ca24
2026-02-25,Chase Business Card 3140 (9274)(7687),Expense,4 Freedom Construction,,456.13,29947.46,N,Precision Blueprint Development_General Ledger.csv,2026-07-18T23:30:00-04:00,cb937b77372d50de
2026-02-25,Chase Business Card 3140 (9274)(7687),Expense,Verizon Wireless,,175.02,30122.48,N,Precision Blueprint Development_General Ledger.csv,2026-07-18T23:30:00-04:00,0440ddc88f2ccf55
2026-02-25,Chase Business Card 3140 (9274)(7687),Expense,Overhead Doors,,13242.6,43365.08,N,Precision Blueprint Development_General Ledger.csv,2026-07-18T23:30:00-04:00,9530aaa61ea440c4
2026-02-26,Chase Business Card 3140 (9274)(7687),Expense,Evans Professional,,2780.0,46145.08,N,Precision Blueprint Development_General Ledger.csv,2026-07-18T23:30:00-04:00,b54271f546e84ae2
2026-02-26,Chase Business Card 3140 (9274)(7687),Credit Card Credit,Overhead Doors,,-13242.6,32902.48,N,Precision Blueprint Development_General Ledger.csv,2026-07-18T23:30:00-04:00,453bad4b773786ec
2026-02-27,Chase Business Card 3140 (9274)(7687),Expense,True North Air Conditioning LLC,,9660.5,42562.98,N,Precision Blueprint Development_General Ledger.csv,2026-07-18T23:30:00-04:00,7ac0ae378b4375d5
2026-02-27,Chase Business Card 3140 (9274)(7687),Expense,Job Tread,,259.0,42821.98,N,Precision Blueprint Development_General Ledger.csv,2026-07-18T23:30:00-04:00,71165513a4465182
2026-03-02,Chase Business Card 3140 (9274)(7687),Expense,Google Ads,,159.3,42981.28,N,Precision Blueprint Development_General Ledger.csv,2026-07-18T23:30:00-04:00,a9e69a46e2a5d7e3
2026-03-02,Chase Business Card 3140 (9274)(7687),Expense,Google,,72.44,43053.72,N,Precision Blueprint Development_General Ledger.csv,2026-07-18T23:30:00-04:00,3f3ce40158a45c48
2026-03-02,Chase Business Card 3140 (9274)(7687),Expense,Google,,164.36,43218.08,N,Precision Blueprint Development_General Ledger.csv,2026-07-18T23:30:00-04:00,43b7ca9d5be9cf42
2026-03-04,Chase Business Card 3140 (9274)(7687),Expense,Spotify,,13.86,43231.94,N,Precision Blueprint Development_General Ledger.csv,2026-07-18T23:30:00-04:00,46ef6e91ad44e0c2
2026-03-04,Chase Business Card 3140 (9274)(7687),Expense,Google One,,3.19,43235.13,N,Precision Blueprint Development_General Ledger.csv,2026-07-18T23:30:00-04:00,b0cdc84d6e037a4a
2026-03-06,Chase Business Card 3140 (9274)(7687),Expense,4 Freedom Construction,,456.13,43691.26,N,Precision Blueprint Development_General Ledger.csv,2026-07-18T23:30:00-04:00,0dfd00dea606f1b4
2026-03-06,Chase Business Card 3140 (9274)(7687),Expense,Mountain West Windows,Per client call 4/22/26,4727.16,48418.42,N,Precision Blueprint Development_General Ledger.csv,2026-07-18T23:30:00-04:00,de1e1e6203cd1b52
2026-03-06,Chase Business Card 3140 (9274)(7687),Expense,Lang Thal King Hanso,,3500.0,51918.42,N,Precision Blueprint Development_General Ledger.csv,2026-07-18T23:30:00-04:00,39a7420d0d531831
2026-03-10,Chase Business Card 3140 (9274)(7687),Expense,4 Freedom Construction,,81.23,51999.65,N,Precision Blueprint Development_General Ledger.csv,2026-07-18T23:30:00-04:00,e18a66e2f9e6fa34
2026-03-10,Chase Business Card 3140 (9274)(7687),Expense,Total Drive,,14.99,52014.64,N,Precision Blueprint Development_General Ledger.csv,2026-07-18T23:30:00-04:00,03f4f247eac511a4
2026-03-12,Chase Business Card 3140 (9274)(7687),Expense,ABC Supply Interiors,Per client call 4/22/26,3941.97,55956.61,N,Precision Blueprint Development_General Ledger.csv,2026-07-18T23:30:00-04:00,7a4127993723bc86
2026-03-12,Chase Business Card 3140 (9274)(7687),Expense,Cobblestone Auto Spa,,37.0,55993.61,N,Precision Blueprint Development_General Ledger.csv,2026-07-18T23:30:00-04:00,5375eef9f710f0a1
2026-03-12,Chase Business Card 3140 (9274)(7687),Expense,Costco,,30.37,56023.98,N,Precision Blueprint Development_General Ledger.csv,2026-07-18T23:30:00-04:00,cab20b6e9ae00b92
2026-03-12,Chase Business Card 3140 (9274)(7687),Expense,Boostiva,,38.0,56061.98,N,Precision Blueprint Development_General Ledger.csv,2026-07-18T23:30:00-04:00,9bdeba0b19ce18c3
2026-03-12,Chase Business Card 3140 (9274)(7687),Expense,Chase,,174.26,56236.24,N,Precision Blueprint Development_General Ledger.csv,2026-07-18T23:30:00-04:00,ab41fd1f79e1183c
2026-03-12,Chase Business Card 3140 (9274)(7687),Journal Entry,,to move old card to new card,-56236.24,0.0,N,Precision Blueprint Development_General Ledger.csv,2026-07-18T23:30:00-04:00,fbc113e7eaa2520b
2026-03-11,Chase Credit Card - 2877,Expense,Gardel Engineering,,3700.0,3700.0,N,Precision Blueprint Development_General Ledger.csv,2026-07-18T23:30:00-04:00,800b5eff05d05300
2026-03-11,Chase Credit Card - 2877,Expense,Home Depot,,12.09,3712.09,N,Precision Blueprint Development_General Ledger.csv,2026-07-18T23:30:00-04:00,6d0975a18cad86c2
2026-03-12,Chase Credit Card - 2877,Credit Card Credit,ABC Supply Interiors,,-769.77,2942.32,N,Precision Blueprint Development_General Ledger.csv,2026-07-18T23:30:00-04:00,f2af31fbf1f81025
2026-03-12,Chase Credit Card - 2877,Expense,Adobe,,104.16,3046.48,N,Precision Blueprint Development_General Ledger.csv,2026-07-18T23:30:00-04:00,081bc40388c89b3a
2026-03-12,Chase Credit Card - 2877,Expense,All State,,524.89,3571.37,N,Precision Blueprint Development_General Ledger.csv,2026-07-18T23:30:00-04:00,c1d62e4c050c9a7a
2026-03-12,Chase Credit Card - 2877,Expense,Circle K,,149.87,3721.24,N,Precision Blueprint Development_General Ledger.csv,2026-07-18T23:30:00-04:00,8f4c0244cc0ebe9e
2026-03-12,Chase Credit Card - 2877,Expense,Home Depot,,1.0,3722.24,N,Precision Blueprint Development_General Ledger.csv,2026-07-18T23:30:00-04:00,1ce4332a2d2dd8f6
2026-03-12,Chase Credit Card - 2877,Expense,National Construction Rentals,,196.38,3918.62,N,Precision Blueprint Development_General Ledger.csv,2026-07-18T23:30:00-04:00,b1329de302bf9caa
2026-03-12,Chase Credit Card - 2877,Expense,Miller Wholesale Lumber,,2127.25,6045.87,N,Precision Blueprint Development_General Ledger.csv,2026-07-18T23:30:00-04:00,77789bc5cdf01e26
2026-03-12,Chase Credit Card - 2877,Journal Entry,,to move old card to new card,56236.24,62282.11,N,Precision Blueprint Development_General Ledger.csv,2026-07-18T23:30:00-04:00,89b740a92028a5c1
2026-03-13,Chase Credit Card - 2877,Expense,Job Tread,,9.31,62291.42,N,Precision Blueprint Development_General Ledger.csv,2026-07-18T23:30:00-04:00,b960622c5885b6f0
2026-03-14,Chase Credit Card - 2877,Expense,Cox Communications,,100.0,62391.42,N,Precision Blueprint Development_General Ledger.csv,2026-07-18T23:30:00-04:00,86f1ed52de705ff4
2026-03-14,Chase Credit Card - 2877,Expense,Home Depot,,308.93,62700.35,N,Precision Blueprint Development_General Ledger.csv,2026-07-18T23:30:00-04:00,2bebfae684354705
2026-03-14,Chase Credit Card - 2877,Expense,Home Depot,,7.47,62707.82,N,Precision Blueprint Development_General Ledger.csv,2026-07-18T23:30:00-04:00,f1ab7e955d09862a
2026-03-14,Chase Credit Card - 2877,Expense,Home Depot,,109.01,62816.83,N,Precision Blueprint Development_General Ledger.csv,2026-07-18T23:30:00-04:00,5e92b91259fd1f69
2026-03-14,Chase Credit Card - 2877,Expense,Intuit,,122.71,62939.54,N,Precision Blueprint Development_General Ledger.csv,2026-07-18T23:30:00-04:00,88ac9f1b9f0c7c6d
2026-03-16,Chase Credit Card - 2877,Expense,Circle K,,175.0,63114.54,N,Precision Blueprint Development_General Ledger.csv,2026-07-18T23:30:00-04:00,92831928faa8ed3d
2026-03-16,Chase Credit Card - 2877,Expense,Home Depot,,147.62,63262.16,N,Precision Blueprint Development_General Ledger.csv,2026-07-18T23:30:00-04:00,93a675814ea31d7b
2026-03-17,Chase Credit Card - 2877,Expense,Circle K,,127.31,63389.47,N,Precision Blueprint Development_General Ledger.csv,2026-07-18T23:30:00-04:00,c1cf793085ba52a3
2026-03-17,Chase Credit Card - 2877,Expense,Filibertos Mexican Restaurant,,129.52,63518.99,N,Precision Blueprint Development_General Ledger.csv,2026-07-18T23:30:00-04:00,dca05d52e6bccb04
2026-03-17,Chase Credit Card - 2877,Expense,Miller Wholesale Lumber,,1019.23,64538.22,N,Precision Blueprint Development_General Ledger.csv,2026-07-18T23:30:00-04:00,733e74b93f168390
2026-03-17,Chase Credit Card - 2877,Expense,Miller Wholesale Lumber,,171.26,64709.48,N,Precision Blueprint Development_General Ledger.csv,2026-07-18T23:30:00-04:00,ebe0f19685df7698
2026-03-17,Chase Credit Card - 2877,Credit Card Credit,Care.Com,,-180.0,64529.48,N,Precision Blueprint Development_General Ledger.csv,2026-07-18T23:30:00-04:00,c9c7f0657a85805b
2026-03-17,Chase Credit Card - 2877,Credit Card Credit,Care.Com,,-140.72,64388.76,N,Precision Blueprint Development_General Ledger.csv,2026-07-18T23:30:00-04:00,bbb6cb7058950f13
2026-03-17,Chase Credit Card - 2877,Expense,Care.Com,,180.0,64568.76,N,Precision Blueprint Development_General Ledger.csv,2026-07-18T23:30:00-04:00,d0a41ea9a2c9a908
2026-03-17,Chase Credit Card - 2877,Expense,Care.Com,,140.72,64709.48,N,Precision Blueprint Development_General Ledger.csv,2026-07-18T23:30:00-04:00,2c41a565588accde
2026-03-18,Chase Credit Card - 2877,Expense,Angi Leads,,550.0,65259.48,N,Precision Blueprint Development_General Ledger.csv,2026-07-18T23:30:00-04:00,0d7659f5f4758157
2026-03-18,Chase Credit Card - 2877,Expense,KC Diesel Shop,,194.24,65453.72,N,Precision Blueprint Development_General Ledger.csv,2026-07-18T23:30:00-04:00,a2eda47782d8f12d
2026-03-18,Chase Credit Card - 2877,Expense,Miller Wholesale Lumber,,1456.65,66910.37,N,Precision Blueprint Development_General Ledger.csv,2026-07-18T23:30:00-04:00,2d1cdb8dc5a886dc
2026-03-18,Chase Credit Card - 2877,Expense,Salad and Go,,42.79,66953.16,N,Precision Blueprint Development_General Ledger.csv,2026-07-18T23:30:00-04:00,ad0c90f6fdfb58e6
2026-03-19,Chase Credit Card - 2877,Expense,Big D Floor Covering,,749.23,67702.39,N,Precision Blueprint Development_General Ledger.csv,2026-07-18T23:30:00-04:00,391eabd0a0fc1885
2026-03-19,Chase Credit Card - 2877,Expense,Schneider Structural,,1360.0,69062.39,N,Precision Blueprint Development_General Ledger.csv,2026-07-18T23:30:00-04:00,addb22193e4a6ba4
2026-03-21,Chase Credit Card - 2877,Expense,Canva,,15.0,69077.39,N,Precision Blueprint Development_General Ledger.csv,2026-07-18T23:30:00-04:00,4dca527f24d094f4
2026-03-21,Chase Credit Card - 2877,Expense,Circle K,,175.0,69252.39,N,Precision Blueprint Development_General Ledger.csv,2026-07-18T23:30:00-04:00,e14718232b59d62b
2026-03-22,Chase Credit Card - 2877,Credit Card Credit,Home Depot,,-65.41,69186.98,N,Precision Blueprint Development_General Ledger.csv,2026-07-18T23:30:00-04:00,34ee4e3462a708a0
2026-03-23,Chase Credit Card - 2877,Expense,National Construction Rentals,,169.11,69356.09,N,Precision Blueprint Development_General Ledger.csv,2026-07-18T23:30:00-04:00,ca2109e6d89ad8ad
2026-03-23,Chase Credit Card - 2877,Expense,Verizon Wireless,,175.02,69531.11,N,Precision Blueprint Development_General Ledger.csv,2026-07-18T23:30:00-04:00,c9ba09c1be0e5b34
2026-03-25,Chase Credit Card - 2877,Expense,Filibertos Mexican Restaurant,,72.68,69603.79,N,Precision Blueprint Development_General Ledger.csv,2026-07-18T23:30:00-04:00,8b2f5987101ccee1
2026-03-25,Chase Credit Card - 2877,Expense,Maricopa Planning Department,,337.26,69941.05,N,Precision Blueprint Development_General Ledger.csv,2026-07-18T23:30:00-04:00,2adae81dc4d1ad6e
2026-03-25,Chase Credit Card - 2877,Expense,Sherwin Williams,,481.87,70422.92,N,Precision Blueprint Development_General Ledger.csv,2026-07-18T23:30:00-04:00,6e880cb9a969fa00
2026-03-26,Chase Credit Card - 2877,Expense,Circle K,,156.1,70579.02,N,Precision Blueprint Development_General Ledger.csv,2026-07-18T23:30:00-04:00,967eaf2c0ebd3d9b
2026-03-26,Chase Credit Card - 2877,Expense,Job Tread,,279.0,70858.02,N,Precision Blueprint Development_General Ledger.csv,2026-07-18T23:30:00-04:00,db3a65b34f43a4fa
2026-03-27,Chase Credit Card - 2877,Expense,Edible Arrangements,,81.87,70939.89,N,Precision Blueprint Development_General Ledger.csv,2026-07-18T23:30:00-04:00,705ad81f793e37bb
2026-03-27,Chase Credit Card - 2877,Expense,Home Depot,,197.93,71137.82,N,Precision Blueprint Development_General Ledger.csv,2026-07-18T23:30:00-04:00,01909f6288349525
2026-03-27,Chase Credit Card - 2877,Expense,Sherwin Williams,,75.19,71213.01,N,Precision Blueprint Development_General Ledger.csv,2026-07-18T23:30:00-04:00,fbf3a0bf0213b56f
2026-03-27,Chase Credit Card - 2877,Expense,Sherwin Williams,,908.89,72121.9,N,Precision Blueprint Development_General Ledger.csv,2026-07-18T23:30:00-04:00,a62fc56e38c86b4b
2026-03-28,Chase Credit Card - 2877,Expense,Home Depot,,77.55,72199.45,N,Precision Blueprint Development_General Ledger.csv,2026-07-18T23:30:00-04:00,0bdc1166cd1593d3
2026-03-29,Chase Credit Card - 2877,Expense,Mynd Block LLC,,330.0,72529.45,N,Precision Blueprint Development_General Ledger.csv,2026-07-18T23:30:00-04:00,700ebf0ef9488860
2026-03-31,Chase Credit Card - 2877,Expense,Sherwin Williams,,323.51,72852.96,N,Precision Blueprint Development_General Ledger.csv,2026-07-18T23:30:00-04:00,57dd45a111ee7fc2
2026-03-31,Chase Credit Card - 2877,Expense,Sherwin Williams,,6.59,72859.55,N,Precision Blueprint Development_General Ledger.csv,2026-07-18T23:30:00-04:00,a21fc3c5e9d629f1
2026-03-31,Chase Credit Card - 2877,Expense,Google,,72.44,72931.99,N,Precision Blueprint Development_General Ledger.csv,2026-07-18T23:30:00-04:00,8af8c88c109f63de
2026-03-31,Chase Credit Card - 2877,Expense,Google,,164.36,73096.35,N,Precision Blueprint Development_General Ledger.csv,2026-07-18T23:30:00-04:00,0f37331062322bf1
2026-04-01,Chase Credit Card - 2877,Expense,Google Ads,,149.79,73246.14,N,Precision Blueprint Development_General Ledger.csv,2026-07-18T23:30:00-04:00,a0b4764a907fab9b
2026-04-01,Chase Credit Card - 2877,Expense,Google One,,3.19,73249.33,N,Precision Blueprint Development_General Ledger.csv,2026-07-18T23:30:00-04:00,93771a65beabf7b6
2026-04-02,Chase Credit Card - 2877,Expense,BASC Expertise,,1073.81,74323.14,N,Precision Blueprint Development_General Ledger.csv,2026-07-18T23:30:00-04:00,06a36f4d118a8c85
2026-04-02,Chase Credit Card - 2877,Expense,Circle K,,175.0,74498.14,N,Precision Blueprint Development_General Ledger.csv,2026-07-18T23:30:00-04:00,6fdae92b803d8b1b
2026-04-03,Chase Credit Card - 2877,Expense,Spotify,,13.86,74512.0,N,Precision Blueprint Development_General Ledger.csv,2026-07-18T23:30:00-04:00,51f3557e0cdfb60e
2026-04-03,Chase Credit Card - 2877,Expense,Arizona Flow Testing,,500.0,75012.0,N,Precision Blueprint Development_General Ledger.csv,2026-07-18T23:30:00-04:00,d9f4c6b730631f02
2026-04-04,Chase Credit Card - 2877,Expense,Circle K,,175.0,75187.0,N,Precision Blueprint Development_General Ledger.csv,2026-07-18T23:30:00-04:00,6db38f76b115f6ee
2026-04-04,Chase Credit Card - 2877,Expense,Circle K,,113.17,75300.17,N,Precision Blueprint Development_General Ledger.csv,2026-07-18T23:30:00-04:00,2ae2eaa4a39456eb
2026-04-04,Chase Credit Card - 2877,Expense,First Watch,,48.8,75348.97,N,Precision Blueprint Development_General Ledger.csv,2026-07-18T23:30:00-04:00,b6845b9a8aba6d41
2026-04-06,Chase Credit Card - 2877,Expense,Edible Arrangements,,94.84,75443.81,N,Precision Blueprint Development_General Ledger.csv,2026-07-18T23:30:00-04:00,f4c693f59a3bc090
2026-04-06,Chase Credit Card - 2877,Expense,Sherwin Williams,,168.75,75612.56,N,Precision Blueprint Development_General Ledger.csv,2026-07-18T23:30:00-04:00,bf69cd370a075db6
2026-04-07,Chase Credit Card - 2877,Expense,Filibertos Mexican Restaurant,,45.16,75657.72,N,Precision Blueprint Development_General Ledger.csv,2026-07-18T23:30:00-04:00,05a94af7cfcdbedb
2026-04-07,Chase Credit Card - 2877,Expense,Sherwin Williams,,914.82,76572.54,N,Precision Blueprint Development_General Ledger.csv,2026-07-18T23:30:00-04:00,fcafb4bffa35fa11
2026-04-07,Chase Credit Card - 2877,Credit Card Payment,Chase,,-40000.0,36572.54,N,Precision Blueprint Development_General Ledger.csv,2026-07-18T23:30:00-04:00,4ddc10d6f0b50a7a
2026-04-08,Chase Credit Card - 2877,Expense,Total Drive,,14.99,36587.53,N,Precision Blueprint Development_General Ledger.csv,2026-07-18T23:30:00-04:00,a406b145fdd88af8
2026-04-08,Chase Credit Card - 2877,Expense,Boostiva,,38.0,36625.53,N,Precision Blueprint Development_General Ledger.csv,2026-07-18T23:30:00-04:00,9fd9df7b6883fcf3
2026-04-09,Chase Credit Card - 2877,Expense,Circle K,,175.0,36800.53,N,Precision Blueprint Development_General Ledger.csv,2026-07-18T23:30:00-04:00,a0bddcbb1d2827b8
2026-04-09,Chase Credit Card - 2877,Expense,Cobblestone Auto Spa,,37.0,36837.53,N,Precision Blueprint Development_General Ledger.csv,2026-07-18T23:30:00-04:00,4df289084ce67873
2026-04-09,Chase Credit Card - 2877,Expense,National Construction Rentals,,196.38,37033.91,N,Precision Blueprint Development_General Ledger.csv,2026-07-18T23:30:00-04:00,66013f01df9df3e2
2026-04-09,Chase Credit Card - 2877,Expense,Schneider Structural,,1200.0,38233.91,N,Precision Blueprint Development_General Ledger.csv,2026-07-18T23:30:00-04:00,fba735aa4501c8d0
2026-04-10,Chase Credit Card - 2877,Expense,First Watch,,39.03,38272.94,N,Precision Blueprint Development_General Ledger.csv,2026-07-18T23:30:00-04:00,96500e8e7cd01332
2026-04-10,Chase Credit Card - 2877,Expense,Bedolla's Barbershop,,42.96,38315.9,N,Precision Blueprint Development_General Ledger.csv,2026-07-18T23:30:00-04:00,7a0b89e4d4062957
2026-04-10,Chase Credit Card - 2877,Expense,Ecoscore Rescheck,,249.0,38564.9,N,Precision Blueprint Development_General Ledger.csv,2026-07-18T23:30:00-04:00,31e4596db27eb91a
2026-04-11,Chase Credit Card - 2877,Expense,Cox Communications,,100.0,38664.9,N,Precision Blueprint Development_General Ledger.csv,2026-07-18T23:30:00-04:00,77f6627c1febc1a0
2026-04-11,Chase Credit Card - 2877,Expense,Home Depot,,171.96,38836.86,N,Precision Blueprint Development_General Ledger.csv,2026-07-18T23:30:00-04:00,54f498abcb2ff81e
2026-04-11,Chase Credit Card - 2877,Credit Card Credit,Home Depot,,-196.93,38639.93,N,Precision Blueprint Development_General Ledger.csv,2026-07-18T23:30:00-04:00,e558c9a1d373c9f8
2026-04-11,Chase Credit Card - 2877,Expense,Home Depot,,57.49,38697.42,N,Precision Blueprint Development_General Ledger.csv,2026-07-18T23:30:00-04:00,21a873305c360078
2026-04-11,Chase Credit Card - 2877,Expense,Chase,,893.94,39591.36,N,Precision Blueprint Development_General Ledger.csv,2026-07-18T23:30:00-04:00,c4a5e75e89bb72a3
2026-04-12,Chase Credit Card - 2877,Expense,All State,,524.89,40116.25,N,Precision Blueprint Development_General Ledger.csv,2026-07-18T23:30:00-04:00,7c11337c6946f6af
2026-04-12,Chase Credit Card - 2877,Expense,Adobe,,104.16,40220.41,N,Precision Blueprint Development_General Ledger.csv,2026-07-18T23:30:00-04:00,e40c666b0eea80b8
2026-04-13,Chase Credit Card - 2877,Expense,BASC Expertise,,150.0,40370.41,N,Precision Blueprint Development_General Ledger.csv,2026-07-18T23:30:00-04:00,08410c0705db0154
2026-04-13,Chase Credit Card - 2877,Expense,Circle K,,161.12,40531.53,N,Precision Blueprint Development_General Ledger.csv,2026-07-18T23:30:00-04:00,1ee1658bd9d6a8d7
2026-04-13,Chase Credit Card - 2877,Expense,Filibertos Mexican Restaurant,,77.56,40609.09,N,Precision Blueprint Development_General Ledger.csv,2026-07-18T23:30:00-04:00,48dd8f85f67df076
2026-04-13,Chase Credit Card - 2877,Expense,National Construction Rentals,,169.11,40778.2,N,Precision Blueprint Development_General Ledger.csv,2026-07-18T23:30:00-04:00,328bd5aa47f1bea2
2026-04-13,Chase Credit Card - 2877,Expense,Diamond Kitchen & Bath,,8688.41,49466.61,N,Precision Blueprint Development_General Ledger.csv,2026-07-18T23:30:00-04:00,4df877e49628a8cb
2026-04-14,Chase Credit Card - 2877,Expense,Intuit,,122.71,49589.32,N,Precision Blueprint Development_General Ledger.csv,2026-07-18T23:30:00-04:00,3d4648a6a232e818
2026-04-14,Chase Credit Card - 2877,Expense,Maricopa Planning Department,,1847.94,51437.26,N,Precision Blueprint Development_General Ledger.csv,2026-07-18T23:30:00-04:00,a66d65a91a076513
2026-04-15,Chase Credit Card - 2877,Expense,ARCO,,85.84,51523.1,N,Precision Blueprint Development_General Ledger.csv,2026-07-18T23:30:00-04:00,9c355911e8c8b6f4
2026-04-15,Chase Credit Card - 2877,Expense,Schneider Structural,,350.0,51873.1,N,Precision Blueprint Development_General Ledger.csv,2026-07-18T23:30:00-04:00,b636f48f21b374c5
2026-04-16,Chase Credit Card - 2877,Expense,Home Depot,,64.57,51937.67,N,Precision Blueprint Development_General Ledger.csv,2026-07-18T23:30:00-04:00,4f4c090e107bf074
2026-04-17,Chase Credit Card - 2877,Expense,Costco,,95.9,52033.57,N,Precision Blueprint Development_General Ledger.csv,2026-07-18T23:30:00-04:00,5d6837ab00c15fc0
2026-04-17,Chase Credit Card - 2877,Expense,Home Depot,,24.61,52058.18,N,Precision Blueprint Development_General Ledger.csv,2026-07-18T23:30:00-04:00,c35bf390fe6ddfdf
2026-04-18,Chase Credit Card - 2877,Expense,Angi Leads,,550.0,52608.18,N,Precision Blueprint Development_General Ledger.csv,2026-07-18T23:30:00-04:00,7d1714ab96b61d7f
2026-04-18,Chase Credit Card - 2877,Credit Card Credit,Expedia,,-167.28,52440.9,N,Precision Blueprint Development_General Ledger.csv,2026-07-18T23:30:00-04:00,3d975e77f0a59b5b
2026-04-18,Chase Credit Card - 2877,Expense,Sky Harbor Parking,,90.0,52530.9,N,Precision Blueprint Development_General Ledger.csv,2026-07-18T23:30:00-04:00,46e83d87e55ed1c2
2026-04-18,Chase Credit Card - 2877,Expense,Expedia,,176.9,52707.8,N,Precision Blueprint Development_General Ledger.csv,2026-07-18T23:30:00-04:00,140a38808750ff15
2026-04-18,Chase Credit Card - 2877,Expense,HILTON GARDEN INN,,289.51,52997.31,N,Precision Blueprint Development_General Ledger.csv,2026-07-18T23:30:00-04:00,6d3ce10334b2d41c
2026-04-19,Chase Credit Card - 2877,Expense,Maverik,,101.51,53098.82,N,Precision Blueprint Development_General Ledger.csv,2026-07-18T23:30:00-04:00,ffeaca7ca6213f04
2026-04-21,Chase Credit Card - 2877,Expense,Canva,,15.0,53113.82,N,Precision Blueprint Development_General Ledger.csv,2026-07-18T23:30:00-04:00,dc65eb70b77bbc59
2026-04-21,Chase Credit Card - 2877,Expense,EPCOR,,224.72,53338.54,N,Precision Blueprint Development_General Ledger.csv,2026-07-18T23:30:00-04:00,0551a1812f654b9f
2026-04-21,Chase Credit Card - 2877,Expense,Miller Wholesale Lumber,,67.13,53405.67,N,Precision Blueprint Development_General Ledger.csv,2026-07-18T23:30:00-04:00,253bd6c1e733f3ae
2026-04-21,Chase Credit Card - 2877,Expense,Miller Wholesale Lumber,,196.92,53602.59,N,Precision Blueprint Development_General Ledger.csv,2026-07-18T23:30:00-04:00,42f548774cc465f1
2026-04-21,Chase Credit Card - 2877,Expense,Zipps Sports Grill,,144.23,53746.82,N,Precision Blueprint Development_General Ledger.csv,2026-07-18T23:30:00-04:00,f83f4eb5287b3678
2026-04-22,Chase Credit Card - 2877,Expense,ABC Supply Interiors,,3505.46,57252.28,N,Precision Blueprint Development_General Ledger.csv,2026-07-18T23:30:00-04:00,baa1eab9acf96d4c
2026-04-22,Chase Credit Card - 2877,Expense,Circle K,,175.0,57427.28,N,Precision Blueprint Development_General Ledger.csv,2026-07-18T23:30:00-04:00,5123a74053d9c150
2026-04-22,Chase Credit Card - 2877,Expense,KC Diesel Shop,,531.76,57959.04,N,Precision Blueprint Development_General Ledger.csv,2026-07-18T23:30:00-04:00,12a82d4b3575130d
2026-04-23,Chase Credit Card - 2877,Credit Card Credit,ABC Supply Interiors,,-303.91,57655.13,N,Precision Blueprint Development_General Ledger.csv,2026-07-18T23:30:00-04:00,2fc33e7a12ab1f45
2026-04-23,Chase Credit Card - 2877,Expense,Circle K,,61.94,57717.07,N,Precision Blueprint Development_General Ledger.csv,2026-07-18T23:30:00-04:00,5f452e283a4cc79b
2026-04-23,Chase Credit Card - 2877,Credit Card Credit,Lang Thal King Hanso,,-2005.0,55712.07,N,Precision Blueprint Development_General Ledger.csv,2026-07-18T23:30:00-04:00,765b562e392c2864
2026-04-23,Chase Credit Card - 2877,Expense,Verizon Wireless,,188.52,55900.59,N,Precision Blueprint Development_General Ledger.csv,2026-07-18T23:30:00-04:00,f48cc509bb20aca4
2026-04-23,Chase Credit Card - 2877,Expense,Mariscos Sinaloa,,68.37,55968.96,N,Precision Blueprint Development_General Ledger.csv,2026-07-18T23:30:00-04:00,df73523b9211c109
2026-04-23,Chase Credit Card - 2877,Expense,CONSTRUCTCONNECT INC,,2602.95,58571.91,N,Precision Blueprint Development_General Ledger.csv,2026-07-18T23:30:00-04:00,08feac8a2042ec52
2026-04-23,Chase Credit Card - 2877,Expense,VENARDOS CIRCUS,,358.28,58930.19,N,Precision Blueprint Development_General Ledger.csv,2026-07-18T23:30:00-04:00,1dca2f6d026af041
2026-04-24,Chase Credit Card - 2877,Expense,Edible Arrangements,,83.23,59013.42,N,Precision Blueprint Development_General Ledger.csv,2026-07-18T23:30:00-04:00,8a1e71589fac58e8
2026-04-24,Chase Credit Card - 2877,Expense,National Construction Rentals,,71.82,59085.24,N,Precision Blueprint Development_General Ledger.csv,2026-07-18T23:30:00-04:00,c104973525908ecd
2026-04-24,Chase Credit Card - 2877,Expense,Osaka Mesa,,150.09,59235.33,N,Precision Blueprint Development_General Ledger.csv,2026-07-18T23:30:00-04:00,1e829126c26f51bc
2026-04-25,Chase Credit Card - 2877,Expense,84 Lumber,,310.47,59545.8,N,Precision Blueprint Development_General Ledger.csv,2026-07-18T23:30:00-04:00,55846d412185f7b1
2026-04-25,Chase Credit Card - 2877,Expense,Circle K,,175.0,59720.8,N,Precision Blueprint Development_General Ledger.csv,2026-07-18T23:30:00-04:00,02b43ec6f9bddacb
2026-04-25,Chase Credit Card - 2877,Expense,Circle K,,175.0,59895.8,N,Precision Blueprint Development_General Ledger.csv,2026-07-18T23:30:00-04:00,02b43ec6f9bddacb
2026-04-25,Chase Credit Card - 2877,Expense,CHICK-FIL-A,,35.64,59931.44,N,Precision Blueprint Development_General Ledger.csv,2026-07-18T23:30:00-04:00,dccc9b4d6824c8b4
2026-04-26,Chase Credit Card - 2877,Expense,Costco,,309.43,60240.87,N,Precision Blueprint Development_General Ledger.csv,2026-07-18T23:30:00-04:00,053a64f5f33516df
2026-04-26,Chase Credit Card - 2877,Expense,Job Tread,,279.0,60519.87,N,Precision Blueprint Development_General Ledger.csv,2026-07-18T23:30:00-04:00,6b01661436dd6144
2026-04-27,Chase Credit Card - 2877,Expense,Circle K,,80.56,60600.43,N,Precision Blueprint Development_General Ledger.csv,2026-07-18T23:30:00-04:00,3d22bd0e29261a53
2026-04-27,Chase Credit Card - 2877,Expense,Korean BBQ,,109.03,60709.46,N,Precision Blueprint Development_General Ledger.csv,2026-07-18T23:30:00-04:00,d1b78fd1e807f1b9
2026-04-27,Chase Credit Card - 2877,Expense,Freedom Dumpsters,,481.13,61190.59,N,Precision Blueprint Development_General Ledger.csv,2026-07-18T23:30:00-04:00,1abf4cdb2ea0dd60
2026-04-27,Chase Credit Card - 2877,Expense,Outlet,,77.83,61268.42,N,Precision Blueprint Development_General Ledger.csv,2026-07-18T23:30:00-04:00,4cda8959c0a6cc15
2026-04-28,Chase Credit Card - 2877,Expense,Circle K,,47.67,61316.09,N,Precision Blueprint Development_General Ledger.csv,2026-07-18T23:30:00-04:00,00505ae29c5f646e
2026-04-28,Chase Credit Card - 2877,Expense,Mountain West Windows,,4727.17,66043.26,N,Precision Blueprint Development_General Ledger.csv,2026-07-18T23:30:00-04:00,fbe3525f457ed3ba
2026-04-29,Chase Credit Card - 2877,Expense,Edible Arrangements,,103.32,66146.58,N,Precision Blueprint Development_General Ledger.csv,2026-07-18T23:30:00-04:00,e90a41c6ef06a03b
2026-04-30,Chase Credit Card - 2877,Expense,Google,,169.83,66316.41,N,Precision Blueprint Development_General Ledger.csv,2026-07-18T23:30:00-04:00,15f5db51c0bcc240
2026-04-30,Chase Credit Card - 2877,Expense,Schneider Structural,,350.0,66666.41,N,Precision Blueprint Development_General Ledger.csv,2026-07-18T23:30:00-04:00,e459b2453d588fa1
2026-05-01,Chase Credit Card - 2877,Expense,Circle K,,150.41,66816.82,N,Precision Blueprint Development_General Ledger.csv,2026-07-18T23:30:00-04:00,96be2a7a1aa58b43
2026-05-01,Chase Credit Card - 2877,Credit Card Credit,Discount Door and Trim,,-15.61,66801.21,N,Precision Blueprint Development_General Ledger.csv,2026-07-18T23:30:00-04:00,eec33e7b90507c99
2026-05-01,Chase Credit Card - 2877,Expense,East Valley Insulation LLC,,5950.0,72751.21,N,Precision Blueprint Development_General Ledger.csv,2026-07-18T23:30:00-04:00,29de8eda6d1c0ea6
2026-05-01,Chase Credit Card - 2877,Expense,Discount Door and Trim,,203.71,72954.92,N,Precision Blueprint Development_General Ledger.csv,2026-07-18T23:30:00-04:00,59506ee3aeacc0b2
2026-05-02,Chase Credit Card - 2877,Expense,BUSINESS LAW MASTERY,,47.0,73001.92,N,Precision Blueprint Development_General Ledger.csv,2026-07-18T23:30:00-04:00,76934892e7053827
2026-05-02,Chase Credit Card - 2877,Expense,BUSINESS LAW MASTERY,,47.0,73048.92,N,Precision Blueprint Development_General Ledger.csv,2026-07-18T23:30:00-04:00,76934892e7053827
2026-05-03,Chase Credit Card - 2877,Expense,Spotify,,13.86,73062.78,N,Precision Blueprint Development_General Ledger.csv,2026-07-18T23:30:00-04:00,5541ca75bc245d3d
2026-05-04,Chase Credit Card - 2877,Expense,Big D Floor Covering,,436.76,73499.54,N,Precision Blueprint Development_General Ledger.csv,2026-07-18T23:30:00-04:00,5ad42c5463ea72db
2026-05-04,Chase Credit Card - 2877,Expense,Filibertos Mexican Restaurant,,50.1,73549.64,N,Precision Blueprint Development_General Ledger.csv,2026-07-18T23:30:00-04:00,d8541866adf13c0d
2026-05-04,Chase Credit Card - 2877,Expense,Miller Wholesale Lumber,,96.44,73646.08,N,Precision Blueprint Development_General Ledger.csv,2026-07-18T23:30:00-04:00,1a9c801d2258277d
2026-05-04,Chase Credit Card - 2877,Expense,Google,,23.55,73669.63,N,Precision Blueprint Development_General Ledger.csv,2026-07-18T23:30:00-04:00,3be9d821c262646b
2026-05-05,Chase Credit Card - 2877,Credit Card Credit,Google Ads,,-17.18,73652.45,N,Precision Blueprint Development_General Ledger.csv,2026-07-18T23:30:00-04:00,581a524bc66fdd23
2026-05-05,Chase Credit Card - 2877,Expense,Circle K,,175.0,73827.45,N,Precision Blueprint Development_General Ledger.csv,2026-07-18T23:30:00-04:00,5358dbf0f78ada9d
2026-05-05,Chase Credit Card - 2877,Expense,Total Drive,,14.99,73842.44,N,Precision Blueprint Development_General Ledger.csv,2026-07-18T23:30:00-04:00,6c369a971448fde5
2026-05-06,Chase Credit Card - 2877,Expense,Maricopa Planning Department,,210.0,74052.44,N,Precision Blueprint Development_General Ledger.csv,2026-07-18T23:30:00-04:00,4d12f0e71816af1c
2026-05-06,Chase Credit Card - 2877,Expense,GROK X AI,,30.0,74082.44,N,Precision Blueprint Development_General Ledger.csv,2026-07-18T23:30:00-04:00,abe7f8adab68f372
2026-05-06,Chase Credit Card - 2877,Expense,Mailchimp,,21.12,74103.56,N,Precision Blueprint Development_General Ledger.csv,2026-07-18T23:30:00-04:00,1f4afc004d19cf30
2026-05-07,Chase Credit Card - 2877,Expense,Circle K,,73.77,74177.33,N,Precision Blueprint Development_General Ledger.csv,2026-07-18T23:30:00-04:00,cad75e918b7dc33c
2026-05-07,Chase Credit Card - 2877,Expense,THE CRACKED EGG,,83.1,74260.43,N,Precision Blueprint Development_General Ledger.csv,2026-07-18T23:30:00-04:00,0d84563a0112e4b4
2026-05-07,Chase Credit Card - 2877,Credit Card Payment,Chase,,-36770.11,37490.32,N,Precision Blueprint Development_General Ledger.csv,2026-07-18T23:30:00-04:00,82ddfd43c0fef35c
2026-05-08,Chase Credit Card - 2877,Expense,Schneider Structural,,800.0,38290.32,N,Precision Blueprint Development_General Ledger.csv,2026-07-18T23:30:00-04:00,51bc01709c8df23c
2026-05-08,Chase Credit Card - 2877,Expense,Sherwin Williams,,544.66,38834.98,N,Precision Blueprint Development_General Ledger.csv,2026-07-18T23:30:00-04:00,bdab30b6d99f923d
2026-05-08,Chase Credit Card - 2877,Expense,Miller Wholesale Lumber,,79.66,38914.64,N,Precision Blueprint Development_General Ledger.csv,2026-07-18T23:30:00-04:00,1291f7caf018090e
2026-05-08,Chase Credit Card - 2877,Expense,"ERNST, BROWN AND DRAPE",,245.0,39159.64,N,Precision Blueprint Development_General Ledger.csv,2026-07-18T23:30:00-04:00,d0272183e708f772
2026-05-08,Chase Credit Card - 2877,Expense,Mynd Block LLC,,800.0,39959.64,N,Precision Blueprint Development_General Ledger.csv,2026-07-18T23:30:00-04:00,285d7ca7201e4f7e
2026-05-09,Chase Credit Card - 2877,Expense,Sherwin Williams,,58.15,40017.79,N,Precision Blueprint Development_General Ledger.csv,2026-07-18T23:30:00-04:00,c3cae81f2b1cb27f
2026-05-10,Chase Credit Card - 2877,Expense,Circle K,,104.19,40121.98,N,Precision Blueprint Development_General Ledger.csv,2026-07-18T23:30:00-04:00,539be266c4c58905
2026-05-10,Chase Credit Card - 2877,Credit Card Credit,Home Depot,,-86.24,40035.74,N,Precision Blueprint Development_General Ledger.csv,2026-07-18T23:30:00-04:00,f8891812c263df12
2026-05-11,Chase Credit Card - 2877,Expense,Adobe,,104.16,40139.9,N,Precision Blueprint Development_General Ledger.csv,2026-07-18T23:30:00-04:00,e0dc57354abd7eff
2026-05-11,Chase Credit Card - 2877,Expense,Google One,,21.33,40161.23,N,Precision Blueprint Development_General Ledger.csv,2026-07-18T23:30:00-04:00,719fdd78db3d427a
2026-05-11,Chase Credit Card - 2877,Expense,Home Depot,,29.81,40191.04,N,Precision Blueprint Development_General Ledger.csv,2026-07-18T23:30:00-04:00,8095d30a354f8b33
2026-05-11,Chase Credit Card - 2877,Expense,Home Depot,,4.58,40195.62,N,Precision Blueprint Development_General Ledger.csv,2026-07-18T23:30:00-04:00,9078e0d3e0e1bc79
2026-05-11,Chase Credit Card - 2877,Expense,Chase,,403.73,40599.35,N,Precision Blueprint Development_General Ledger.csv,2026-07-18T23:30:00-04:00,271f0f8157cda07b
2026-05-11,Chase Credit Card - 2877,Expense,Sherwin Williams,,78.9,40678.25,N,Precision Blueprint Development_General Ledger.csv,2026-07-18T23:30:00-04:00,227a2ae4f560a325
2026-05-12,Chase Credit Card - 2877,Expense,All State,,504.82,41183.07,N,Precision Blueprint Development_General Ledger.csv,2026-07-18T23:30:00-04:00,68673e6a7b5bac9d
2026-05-12,Chase Credit Card - 2877,Expense,Mesa Blueprint,,23.39,41206.46,N,Precision Blueprint Development_General Ledger.csv,2026-07-18T23:30:00-04:00,6b41693b2707d37e
2026-05-12,Chase Credit Card - 2877,Expense,Circle K,,148.02,41354.48,N,Precision Blueprint Development_General Ledger.csv,2026-07-18T23:30:00-04:00,6883444109e104ce
2026-05-12,Chase Credit Card - 2877,Expense,Filibertos Mexican Restaurant,,103.42,41457.9,N,Precision Blueprint Development_General Ledger.csv,2026-07-18T23:30:00-04:00,f3abe839b4c101fc
2026-05-12,Chase Credit Card - 2877,Expense,Schneider Structural,,350.0,41807.9,N,Precision Blueprint Development_General Ledger.csv,2026-07-18T23:30:00-04:00,3c19bf0a237eed62
2026-05-12,Chase Credit Card - 2877,Expense,Miller Wholesale Lumber,,23.14,41831.04,N,Precision Blueprint Development_General Ledger.csv,2026-07-18T23:30:00-04:00,2fdb49f67441ab6e
2026-05-13,Chase Credit Card - 2877,Expense,Biscuits Cafe,,55.44,41886.48,N,Precision Blueprint Development_General Ledger.csv,2026-07-18T23:30:00-04:00,6ed47b5e11861a70
2026-05-13,Chase Credit Card - 2877,Credit Card Expense,,,99.0,41985.48,N,Precision Blueprint Development_General Ledger.csv,2026-07-18T23:30:00-04:00,eb3cab285e6b0f7d
2026-05-14,Chase Credit Card - 2877,Expense,Greenleaf Pest Control,,209.0,42194.48,N,Precision Blueprint Development_General Ledger.csv,2026-07-18T23:30:00-04:00,543175b6c2fdca80
2026-05-14,Chase Credit Card - 2877,Expense,Petco,,17.22,42211.7,N,Precision Blueprint Development_General Ledger.csv,2026-07-18T23:30:00-04:00,f10eeb49c78ee5d6
2026-05-15,Chase Credit Card - 2877,Expense,Sherwin Williams,,198.71,42410.41,N,Precision Blueprint Development_General Ledger.csv,2026-07-18T23:30:00-04:00,20dcd12ee1558e57
2026-05-15,Chase Credit Card - 2877,Expense,QuikTrip,,55.37,42465.78,N,Precision Blueprint Development_General Ledger.csv,2026-07-18T23:30:00-04:00,d89631bed5898b5e
2026-05-16,Chase Credit Card - 2877,Expense,Body Clinic,,1555.0,44020.78,N,Precision Blueprint Development_General Ledger.csv,2026-07-18T23:30:00-04:00,c3e9ec409ad41d9f
2026-05-16,Chase Credit Card - 2877,Expense,Greenleaf Pest Control,,60.0,44080.78,N,Precision Blueprint Development_General Ledger.csv,2026-07-18T23:30:00-04:00,39e61e92014aaa0e
2026-05-18,Chase Credit Card - 2877,Expense,Angi Leads,,550.0,44630.78,N,Precision Blueprint Development_General Ledger.csv,2026-07-18T23:30:00-04:00,89dc7a7a9e6b1625
2026-05-18,Chase Credit Card - 2877,Expense,Filibertos Mexican Restaurant,,53.29,44684.07,N,Precision Blueprint Development_General Ledger.csv,2026-07-18T23:30:00-04:00,b7f786c52694a9c2
2026-05-18,Chase Credit Card - 2877,Expense,WalMart,,38.76,44722.83,N,Precision Blueprint Development_General Ledger.csv,2026-07-18T23:30:00-04:00,1eb8c919f654754a
2026-05-18,Chase Credit Card - 2877,Expense,Chevron,,12.2,44735.03,N,Precision Blueprint Development_General Ledger.csv,2026-07-18T23:30:00-04:00,a8c9c4cbf0a73954
2026-05-19,Chase Credit Card - 2877,Expense,Circle K,,175.0,44910.03,N,Precision Blueprint Development_General Ledger.csv,2026-07-18T23:30:00-04:00,c3c0ac37c3397736
2026-05-19,Chase Credit Card - 2877,Expense,Google One,,32.0,44942.03,N,Precision Blueprint Development_General Ledger.csv,2026-07-18T23:30:00-04:00,f95cbbe1839803d7
2026-05-19,Chase Credit Card - 2877,Expense,Google One,,106.69,45048.72,N,Precision Blueprint Development_General Ledger.csv,2026-07-18T23:30:00-04:00,a4218d97d6ac7e6e
2026-05-19,Chase Credit Card - 2877,Expense,Backyard Taco,,33.43,45082.15,N,Precision Blueprint Development_General Ledger.csv,2026-07-18T23:30:00-04:00,3b768bc13fb7e595
2026-05-21,Chase Credit Card - 2877,Expense,Canva,,15.0,45097.15,N,Precision Blueprint Development_General Ledger.csv,2026-07-18T23:30:00-04:00,32ef45e2c36d9bdb
2026-05-22,Chase Credit Card - 2877,Expense,Circle K,,110.59,45207.74,N,Precision Blueprint Development_General Ledger.csv,2026-07-18T23:30:00-04:00,8f501918d8b624d9
2026-05-22,Chase Credit Card - 2877,Expense,Home Depot,,134.14,45341.88,N,Precision Blueprint Development_General Ledger.csv,2026-07-18T23:30:00-04:00,77cf9338d5084210
2026-05-24,Chase Credit Card - 2877,Expense,Costco,,304.68,45646.56,N,Precision Blueprint Development_General Ledger.csv,2026-07-18T23:30:00-04:00,26324364b387c1d9
2026-05-24,Chase Credit Card - 2877,Expense,Costco,,62.84,45709.4,N,Precision Blueprint Development_General Ledger.csv,2026-07-18T23:30:00-04:00,b3831ab6a857ddeb
2026-05-24,Chase Credit Card - 2877,Credit Card Credit,Costco,,-162.55,45546.85,N,Precision Blueprint Development_General Ledger.csv,2026-07-18T23:30:00-04:00,b08646860ad54103
2026-05-24,Chase Credit Card - 2877,Expense,Our Lady of Guadalupe,,60.0,45606.85,N,Precision Blueprint Development_General Ledger.csv,2026-07-18T23:30:00-04:00,98b509eab3a2d3bd
2026-05-25,Chase Credit Card - 2877,Expense,Home Depot,,152.51,45759.36,N,Precision Blueprint Development_General Ledger.csv,2026-07-18T23:30:00-04:00,68019fba5ab3918b
2026-05-26,Chase Credit Card - 2877,Expense,Job Tread,,279.0,46038.36,N,Precision Blueprint Development_General Ledger.csv,2026-07-18T23:30:00-04:00,ed1cf517563717e4
2026-05-26,Chase Credit Card - 2877,Expense,KC Diesel Shop,,437.71,46476.07,N,Precision Blueprint Development_General Ledger.csv,2026-07-18T23:30:00-04:00,e50656a77520830a
2026-05-26,Chase Credit Card - 2877,Expense,Lang Thal King Hanso,,3500.0,49976.07,N,Precision Blueprint Development_General Ledger.csv,2026-07-18T23:30:00-04:00,76c35235f9cb9819
2026-05-26,Chase Credit Card - 2877,Expense,PSI EXAMS,,66.0,50042.07,N,Precision Blueprint Development_General Ledger.csv,2026-07-18T23:30:00-04:00,cd7c27c443d5732f
2026-05-27,Chase Credit Card - 2877,Expense,QuikTrip,,153.09,50195.16,N,Precision Blueprint Development_General Ledger.csv,2026-07-18T23:30:00-04:00,c19e945632e35f8b
2026-05-28,Chase Credit Card - 2877,Expense,Filibertos Mexican Restaurant,,51.61,50246.77,N,Precision Blueprint Development_General Ledger.csv,2026-07-18T23:30:00-04:00,c87c14cb120eb108
2026-05-29,Chase Credit Card - 2877,Expense,Mesa Blueprint,,23.39,50270.16,N,Precision Blueprint Development_General Ledger.csv,2026-07-18T23:30:00-04:00,dc0efa6b01ac451b
2026-05-30,Chase Credit Card - 2877,Expense,San Ignacio Golf Club,,68.95,50339.11,N,Precision Blueprint Development_General Ledger.csv,2026-07-18T23:30:00-04:00,86c80cf71d489f83
2026-05-30,Chase Credit Card - 2877,Expense,San Ignacio Golf Club,,75.9,50415.01,N,Precision Blueprint Development_General Ledger.csv,2026-07-18T23:30:00-04:00,6723485124d649b8
2026-05-30,Chase Credit Card - 2877,Expense,LA VAKITA CARNICERIA LLC,,146.08,50561.09,N,Precision Blueprint Development_General Ledger.csv,2026-07-18T23:30:00-04:00,beaeec0fd45a8927
2026-05-31,Chase Credit Card - 2877,Expense,Circle K,,175.0,50736.09,N,Precision Blueprint Development_General Ledger.csv,2026-07-18T23:30:00-04:00,4360dbb3dc1bfb02
2026-05-31,Chase Credit Card - 2877,Expense,Google,,174.96,50911.05,N,Precision Blueprint Development_General Ledger.csv,2026-07-18T23:30:00-04:00,3224bc243f6c475a
2026-06-01,Chase Credit Card - 2877,Expense,Greenleaf Pest Control,,29.0,50940.05,N,Precision Blueprint Development_General Ledger.csv,2026-07-18T23:30:00-04:00,326ddf2ae8c9dcbf
2026-06-01,Chase Credit Card - 2877,Expense,B2B Prime,,190.99,51131.04,N,Precision Blueprint Development_General Ledger.csv,2026-07-18T23:30:00-04:00,6d0a74326c632006
2026-06-01,Chase Credit Card - 2877,Expense,,,3000.0,54131.04,N,Precision Blueprint Development_General Ledger.csv,2026-07-18T23:30:00-04:00,683b1bb82eae9a21
2026-06-02,Chase Credit Card - 2877,Expense,Google,,144.88,54275.92,N,Precision Blueprint Development_General Ledger.csv,2026-07-18T23:30:00-04:00,86333c912cc8474c
2026-06-02,Chase Credit Card - 2877,Expense,Schneider Structural,,275.0,54550.92,N,Precision Blueprint Development_General Ledger.csv,2026-07-18T23:30:00-04:00,43896ab492c40005
2026-06-03,Chase Credit Card - 2877,Expense,Spotify,,13.86,54564.78,N,Precision Blueprint Development_General Ledger.csv,2026-07-18T23:30:00-04:00,cf539e7e8e858d05
2026-06-03,Chase Credit Card - 2877,Expense,WalMart,,32.64,54597.42,N,Precision Blueprint Development_General Ledger.csv,2026-07-18T23:30:00-04:00,f31544932ab8a476
2026-06-04,Chase Credit Card - 2877,Expense,Circle K,,145.17,54742.59,N,Precision Blueprint Development_General Ledger.csv,2026-07-18T23:30:00-04:00,15cbcbfbc9d8cb07
2026-06-04,Chase Credit Card - 2877,Expense,Google Ads,,356.88,55099.47,N,Precision Blueprint Development_General Ledger.csv,2026-07-18T23:30:00-04:00,6a9952e060610e81
2026-06-04,Chase Credit Card - 2877,Expense,AZ Vehicle Emissions,,23.75,55123.22,N,Precision Blueprint Development_General Ledger.csv,2026-07-18T23:30:00-04:00,8f67f7f9812397ef
2026-06-05,Chase Credit Card - 2877,Expense,AZ MVD,,96.31,55219.53,N,Precision Blueprint Development_General Ledger.csv,2026-07-18T23:30:00-04:00,7ce5cf0435de931c
2026-06-05,Chase Credit Card - 2877,Bill Payment (Credit Card),City of Phoenix,,1524.6,56744.13,N,Precision Blueprint Development_General Ledger.csv,2026-07-18T23:30:00-04:00,bae4797404d7da23
2026-06-06,Chase Credit Card - 2877,Expense,Home Depot,,219.43,56963.56,N,Precision Blueprint Development_General Ledger.csv,2026-07-18T23:30:00-04:00,09518ef3420d5694
2026-06-06,Chase Credit Card - 2877,Expense,GROK X AI,,30.0,56993.56,N,Precision Blueprint Development_General Ledger.csv,2026-07-18T23:30:00-04:00,eb655974c0e768c3
2026-06-06,Chase Credit Card - 2877,Expense,Circle K,,175.0,57168.56,N,Precision Blueprint Development_General Ledger.csv,2026-07-18T23:30:00-04:00,39161c1af0ca81f3
2026-06-06,Chase Credit Card - 2877,Expense,Mailchimp,,21.12,57189.68,N,Precision Blueprint Development_General Ledger.csv,2026-07-18T23:30:00-04:00,93e93ea18810697d
2026-06-07,Chase Credit Card - 2877,Expense,Spencers Appliance,,2518.01,59707.69,N,Precision Blueprint Development_General Ledger.csv,2026-07-18T23:30:00-04:00,75f55f58aa43d3f1
2026-06-08,Chase Credit Card - 2877,Credit Card Payment,Chase,,-40000.0,19707.69,N,Precision Blueprint Development_General Ledger.csv,2026-07-18T23:30:00-04:00,43a81aad1b95d6e6
2026-06-08,Chase Credit Card - 2877,Expense,BASC Expertise,,7762.25,27469.94,N,Precision Blueprint Development_General Ledger.csv,2026-07-18T23:30:00-04:00,8cb918031d38c511
2026-06-08,Chase Credit Card - 2877,Expense,Total Drive,,14.99,27484.93,N,Precision Blueprint Development_General Ledger.csv,2026-07-18T23:30:00-04:00,3db60c8fd7dc1530
2026-06-08,Chase Credit Card - 2877,Expense,Maricopa Planning Department,,2673.75,30158.68,N,Precision Blueprint Development_General Ledger.csv,2026-07-18T23:30:00-04:00,b44999b7e7048c96
2026-06-08,Chase Credit Card - 2877,Bill Payment (Credit Card),Blake Schneider,,800.0,30958.68,N,Precision Blueprint Development_General Ledger.csv,2026-07-18T23:30:00-04:00,6e47d2a54b9643fb
2026-06-09,Chase Credit Card - 2877,Expense,Home Depot,,108.41,31067.09,N,Precision Blueprint Development_General Ledger.csv,2026-07-18T23:30:00-04:00,a3b6ca4dce82dc18
2026-06-09,Chase Credit Card - 2877,Credit Card Credit,Home Depot,,-152.51,30914.58,N,Precision Blueprint Development_General Ledger.csv,2026-07-18T23:30:00-04:00,67ba78213a86c77c
2026-06-09,Chase Credit Card - 2877,Expense,Circle K,,172.72,31087.3,N,Precision Blueprint Development_General Ledger.csv,2026-07-18T23:30:00-04:00,92c0faaad8d7190a
2026-06-09,Chase Credit Card - 2877,Expense,Mesa Blueprint,,46.79,31134.09,N,Precision Blueprint Development_General Ledger.csv,2026-07-18T23:30:00-04:00,083914f4718ec05f
2026-06-09,Chase Credit Card - 2877,Expense,Cobblestone Auto Spa,,22.0,31156.09,N,Precision Blueprint Development_General Ledger.csv,2026-07-18T23:30:00-04:00,2c86abad9bd0c7ac
2026-06-09,Chase Credit Card - 2877,Expense,"ERNST, BROWN AND DRAPE",,2036.0,33192.09,N,Precision Blueprint Development_General Ledger.csv,2026-07-18T23:30:00-04:00,b3be99927cdeadf3
2026-06-09,Chase Credit Card - 2877,Bill Payment (Credit Card),4 Freedom Dumpster,,456.13,33648.22,N,Precision Blueprint Development_General Ledger.csv,2026-07-18T23:30:00-04:00,05ff6f4c912b7694
2026-06-10,Chase Credit Card - 2877,Expense,RigaTony's Italian Restaurant,,33.61,33681.83,N,Precision Blueprint Development_General Ledger.csv,2026-07-18T23:30:00-04:00,80654e7fa30d3449
2026-06-10,Chase Credit Card - 2877,Bill Payment (Credit Card),AZ Roofing Works,,925.0,34606.83,N,Precision Blueprint Development_General Ledger.csv,2026-07-18T23:30:00-04:00,77e179dc3ff18237
2026-06-11,Chase Credit Card - 2877,Expense,Autozone,,12.78,34619.61,N,Precision Blueprint Development_General Ledger.csv,2026-07-18T23:30:00-04:00,25c900a2f9b78e2c
2026-06-11,Chase Credit Card - 2877,Expense,Autozone,,71.69,34691.3,N,Precision Blueprint Development_General Ledger.csv,2026-07-18T23:30:00-04:00,de4e56a298124447
2026-06-11,Chase Credit Card - 2877,Bill Payment (Credit Card),Home Depot,,119.03,34810.33,N,Precision Blueprint Development_General Ledger.csv,2026-07-18T23:30:00-04:00,b608bad21893cb2b
2026-06-11,Chase Credit Card - 2877,Expense,WalMart,,143.4,34953.73,N,Precision Blueprint Development_General Ledger.csv,2026-07-18T23:30:00-04:00,3d6f2fd4d4e6aa6a
2026-06-11,Chase Credit Card - 2877,Expense,Intuit,,122.71,35076.44,N,Precision Blueprint Development_General Ledger.csv,2026-07-18T23:30:00-04:00,9a2b7964d6f782d6
2026-06-11,Chase Credit Card - 2877,Bill Payment (Credit Card),Millers Wholesale Lumber,,49.69,35126.13,N,Precision Blueprint Development_General Ledger.csv,2026-07-18T23:30:00-04:00,aec7fb0d087c7a06
2026-06-11,Chase Credit Card - 2877,Bill Payment (Credit Card),National Construction Rental,,272.75,35398.88,N,Precision Blueprint Development_General Ledger.csv,2026-07-18T23:30:00-04:00,031b5d4cdb27cd22
2026-06-11,Chase Credit Card - 2877,Expense,National Construction Rentals,,266.52,35665.4,N,Precision Blueprint Development_General Ledger.csv,2026-07-18T23:30:00-04:00,6555ae9630d8c6f2
2026-06-11,Chase Credit Card - 2877,Expense,Chase,,604.69,36270.09,N,Precision Blueprint Development_General Ledger.csv,2026-07-18T23:30:00-04:00,218b8c4b50e211ca
2026-06-11,Chase Credit Card - 2877,Expense,National Construction Rentals,,589.58,36859.67,N,Precision Blueprint Development_General Ledger.csv,2026-07-18T23:30:00-04:00,7da1bfaaf0d062a3
2026-06-12,Chase Credit Card - 2877,Expense,RigaTony's Italian Restaurant,,93.61,36953.28,N,Precision Blueprint Development_General Ledger.csv,2026-07-18T23:30:00-04:00,48770f88b43936c4
2026-06-12,Chase Credit Card - 2877,Bill Payment (Credit Card),AZ Roofing Works,,925.0,37878.28,N,Precision Blueprint Development_General Ledger.csv,2026-07-18T23:30:00-04:00,f28d1365854c7b14
2026-06-12,Chase Credit Card - 2877,Expense,Adobe,,104.16,37982.44,N,Precision Blueprint Development_General Ledger.csv,2026-07-18T23:30:00-04:00,1be5ad44f114408e
2026-06-12,Chase Credit Card - 2877,Expense,All State,,503.31,38485.75,N,Precision Blueprint Development_General Ledger.csv,2026-07-18T23:30:00-04:00,042cffc949387a23
2026-06-12,Chase Credit Card - 2877,Expense,Arizona Contrarctor's Licensing,,2669.0,41154.75,N,Precision Blueprint Development_General Ledger.csv,2026-07-18T23:30:00-04:00,ca4a1fa3bd2bb5dd
2026-06-13,Chase Credit Card - 2877,Expense,Home Depot,,232.65,41387.4,N,Precision Blueprint Development_General Ledger.csv,2026-07-18T23:30:00-04:00,9650b9d8fd2960bd
2026-06-13,Chase Credit Card - 2877,Expense,Sherwin Williams,,563.35,41950.75,N,Precision Blueprint Development_General Ledger.csv,2026-07-18T23:30:00-04:00,6b54a49a09cceca5
2026-06-13,Chase Credit Card - 2877,Expense,Filibertos Mexican Restaurant,,27.06,41977.81,N,Precision Blueprint Development_General Ledger.csv,2026-07-18T23:30:00-04:00,7409e082c524a2ef
2026-06-13,Chase Credit Card - 2877,Bill Payment (Credit Card),Home Depot,,133.37,42111.18,N,Precision Blueprint Development_General Ledger.csv,2026-07-18T23:30:00-04:00,8c66eb63d7e1c52b
2026-06-14,Chase Credit Card - 2877,Expense,Edible Arrangements,,117.61,42228.79,N,Precision Blueprint Development_General Ledger.csv,2026-07-18T23:30:00-04:00,7532a2420a59cd74
2026-06-15,Chase Credit Card - 2877,Expense,Freedom Dumpsters,,481.13,42709.92,N,Precision Blueprint Development_General Ledger.csv,2026-07-18T23:30:00-04:00,268ddf6f7cd7bc2c
2026-06-15,Chase Credit Card - 2877,Bill Payment (Credit Card),Blake Schneider,,350.0,43059.92,N,Precision Blueprint Development_General Ledger.csv,2026-07-18T23:30:00-04:00,70fbbb480dde2fcc
2026-06-16,Chase Credit Card - 2877,Expense,Circle K,,145.65,43205.57,N,Precision Blueprint Development_General Ledger.csv,2026-07-18T23:30:00-04:00,22affc32efcc71c0
2026-06-16,Chase Credit Card - 2877,Expense,Tacos Huicho,,87.87,43293.44,N,Precision Blueprint Development_General Ledger.csv,2026-07-18T23:30:00-04:00,0b4fc65a1478ef30
2026-06-16,Chase Credit Card - 2877,Expense,Greenleaf Pest Control,,60.0,43353.44,N,Precision Blueprint Development_General Ledger.csv,2026-07-18T23:30:00-04:00,e5735f4f551ffdfb
2026-06-16,Chase Credit Card - 2877,Bill Payment (Credit Card),Blue State Electric,,9750.0,53103.44,N,Precision Blueprint Development_General Ledger.csv,2026-07-18T23:30:00-04:00,c0495ddc796a9cad
2026-06-16,Chase Credit Card - 2877,Credit Card Expense,,,99.0,53202.44,N,Precision Blueprint Development_General Ledger.csv,2026-07-18T23:30:00-04:00,5ee14c8ab008ed75
2026-06-18,Chase Credit Card - 2877,Expense,Verizon Wireless,,360.53,53562.97,N,Precision Blueprint Development_General Ledger.csv,2026-07-18T23:30:00-04:00,fc637be68b91d8af
2026-06-18,Chase Credit Card - 2877,Expense,BerkleyNet,,3000.1,56563.07,N,Precision Blueprint Development_General Ledger.csv,2026-07-18T23:30:00-04:00,5594750f501f92f2
2026-06-18,Chase Credit Card - 2877,Expense,Angi Leads,,550.0,57113.07,N,Precision Blueprint Development_General Ledger.csv,2026-07-18T23:30:00-04:00,e482c98afe0b362d
2026-06-19,Chase Credit Card - 2877,Expense,Circle K,,131.02,57244.09,N,Precision Blueprint Development_General Ledger.csv,2026-07-18T23:30:00-04:00,88667859bf55a668
2026-06-19,Chase Credit Card - 2877,Expense,Job Tread,,4.64,57248.73,N,Precision Blueprint Development_General Ledger.csv,2026-07-18T23:30:00-04:00,16d25eb2556e3041
2026-06-19,Chase Credit Card - 2877,Expense,Uncle Bear's Grill & Tap,,30.69,57279.42,N,Precision Blueprint Development_General Ledger.csv,2026-07-18T23:30:00-04:00,5497d838521bc23f
2026-06-19,Chase Credit Card - 2877,Bill Payment (Credit Card),Blue State Electric,,2525.55,59804.97,N,Precision Blueprint Development_General Ledger.csv,2026-07-18T23:30:00-04:00,858a4800c22269ab
2026-06-20,Chase Credit Card - 2877,Expense,Home Depot,,264.49,60069.46,N,Precision Blueprint Development_General Ledger.csv,2026-07-18T23:30:00-04:00,1588100be6d433c2
2026-06-20,Chase Credit Card - 2877,Credit Card Credit,Home Depot,,-82.97,59986.49,N,Precision Blueprint Development_General Ledger.csv,2026-07-18T23:30:00-04:00,fcaed21200646258
2026-06-20,Chase Credit Card - 2877,Expense,Sherwin Williams,,252.73,60239.22,N,Precision Blueprint Development_General Ledger.csv,2026-07-18T23:30:00-04:00,7642654e343feeff
2026-06-21,Chase Credit Card - 2877,Expense,Canva,,15.0,60254.22,N,Precision Blueprint Development_General Ledger.csv,2026-07-18T23:30:00-04:00,7e08d05a7f316f4d
2026-06-22,Chase Credit Card - 2877,Bill Payment (Credit Card),Millers Wholesale Lumber,,18.02,60272.24,N,Precision Blueprint Development_General Ledger.csv,2026-07-18T23:30:00-04:00,f86a4bf54ef4c850
2026-06-22,Chase Credit Card - 2877,Expense,Sherwin Williams,,168.06,60440.3,N,Precision Blueprint Development_General Ledger.csv,2026-07-18T23:30:00-04:00,d61eb560d49ad1d3
2026-06-22,Chase Credit Card - 2877,Expense,Freedom Dumpsters,,456.13,60896.43,N,Precision Blueprint Development_General Ledger.csv,2026-07-18T23:30:00-04:00,9fdfde698143e6fc
2026-06-23,Chase Credit Card - 2877,Expense,Home Depot,,127.37,61023.8,N,Precision Blueprint Development_General Ledger.csv,2026-07-18T23:30:00-04:00,e0548f1d925e6ef8
2026-06-23,Chase Credit Card - 2877,Expense,Sherwin Williams,,95.33,61119.13,N,Precision Blueprint Development_General Ledger.csv,2026-07-18T23:30:00-04:00,d98250baca481370
2026-06-23,Chase Credit Card - 2877,Bill Payment (Credit Card),Blake Schneider,,350.0,61469.13,N,Precision Blueprint Development_General Ledger.csv,2026-07-18T23:30:00-04:00,437092dfa3533f0c
2026-06-24,Chase Credit Card - 2877,Expense,Circle K,,136.93,61606.06,N,Precision Blueprint Development_General Ledger.csv,2026-07-18T23:30:00-04:00,fc40ceb43c819a17
2026-06-26,Chase Credit Card - 2877,Expense,Amazon,,7.99,61614.05,N,Precision Blueprint Development_General Ledger.csv,2026-07-18T23:30:00-04:00,42996dd30fcd9f79
2026-06-26,Chase Credit Card - 2877,Bill Payment (Credit Card),Millers Wholesale Lumber,,21.49,61635.54,N,Precision Blueprint Development_General Ledger.csv,2026-07-18T23:30:00-04:00,e594059efd865ce6
2026-06-26,Chase Credit Card - 2877,Expense,Amazon,,54.14,61689.68,N,Precision Blueprint Development_General Ledger.csv,2026-07-18T23:30:00-04:00,61756d28c611f9e1
2026-06-26,Chase Credit Card - 2877,Expense,Job Tread,,299.0,61988.68,N,Precision Blueprint Development_General Ledger.csv,2026-07-18T23:30:00-04:00,30d56b349aae830e
2026-06-26,Chase Credit Card - 2877,Bill Payment (Credit Card),Home Depot,,89.89,62078.57,N,Precision Blueprint Development_General Ledger.csv,2026-07-18T23:30:00-04:00,74f03a0c3c224213
2026-06-30,Chase Credit Card - 2877,Expense,Circle K,,167.02,62245.59,N,Precision Blueprint Development_General Ledger.csv,2026-07-18T23:30:00-04:00,200e2c2a0b931161
2026-06-30,Chase Credit Card - 2877,Expense,Google,,72.44,62318.03,N,Precision Blueprint Development_General Ledger.csv,2026-07-18T23:30:00-04:00,53f0c7fff4c47634
2026-06-30,Chase Credit Card - 2877,Expense,Google,,200.88,62518.91,N,Precision Blueprint Development_General Ledger.csv,2026-07-18T23:30:00-04:00,c281a3b677b7314d
2026-01-08,Payroll Liabilities,Expense,ADP,ORIG CO NAME:ADP WAGE PAY ORIG ID:9333006057 DESC DATE:260,180.03,180.03,N,Precision Blueprint Development_General Ledger.csv,2026-07-18T23:30:00-04:00,0a2e8ce051d36308
2026-01-08,Payroll Liabilities,Expense,ADP,ORIG CO NAME:ADP Tax ORIG ID:1223006057 DESC DATE:260,-180.03,0.0,N,Precision Blueprint Development_General Ledger.csv,2026-07-18T23:30:00-04:00,460f283f9a518cb8
2026-01-15,Payroll Liabilities,Expense,ADP,ORIG CO NAME:ADP WAGE PAY ORIG ID:9333006057 DESC DATE:260,180.01,180.01,N,Precision Blueprint Development_General Ledger.csv,2026-07-18T23:30:00-04:00,9ab69a9fcf47582b
2026-01-15,Payroll Liabilities,Expense,ADP,ORIG CO NAME:ADP Tax ORIG ID:1223006057 DESC DATE:260,-180.01,0.0,N,Precision Blueprint Development_General Ledger.csv,2026-07-18T23:30:00-04:00,5494356240b0f1ac
2026-01-09,Payroll Taxes,Journal Entry,,,327.86,327.86,N,Precision Blueprint Development_General Ledger.csv,2026-07-18T23:30:00-04:00,aaabdc7ad00e342e
2026-01-16,Payroll Taxes,Journal Entry,,,327.84,655.7,N,Precision Blueprint Development_General Ledger.csv,2026-07-18T23:30:00-04:00,13bdd27b4ce8ad14
2026-01-22,Payroll Taxes,Expense,ADP,ORIG CO NAME:ADP Tax ORIG ID:1223006057 DESC DATE:260,-327.84,327.86,N,Precision Blueprint Development_General Ledger.csv,2026-07-18T23:30:00-04:00,4f6b168e82bae650
2026-01-23,Payroll Taxes,Journal Entry,,,327.84,655.7,N,Precision Blueprint Development_General Ledger.csv,2026-07-18T23:30:00-04:00,207530e11cd5662b
2026-01-29,Payroll Taxes,Expense,ADP,ORIG CO NAME:ADP Tax ORIG ID:1223006057 DESC DATE:260,-326.59,329.11,N,Precision Blueprint Development_General Ledger.csv,2026-07-18T23:30:00-04:00,222ff97debee8288
2026-01-30,Payroll Taxes,Journal Entry,,,326.59,655.7,N,Precision Blueprint Development_General Ledger.csv,2026-07-18T23:30:00-04:00,181d5a7fa0c4faec
2026-02-05,Payroll Taxes,Expense,ADP,ORIG CO NAME:ADP Tax ORIG ID:1223006057 DESC DATE:260,-306.11,349.59,N,Precision Blueprint Development_General Ledger.csv,2026-07-18T23:30:00-04:00,fb8eac3e4f8cbbb8
2026-02-06,Payroll Taxes,Journal Entry,,,306.11,655.7,N,Precision Blueprint Development_General Ledger.csv,2026-07-18T23:30:00-04:00,0a90396e9a9c6736
2026-02-12,Payroll Taxes,Expense,ADP,ORIG CO NAME:ADP Tax ORIG ID:1223006057 DESC DATE:260,-290.34,365.36,N,Precision Blueprint Development_General Ledger.csv,2026-07-18T23:30:00-04:00,8252250142b30764
2026-02-13,Payroll Taxes,Journal Entry,,,290.34,655.7,N,Precision Blueprint Development_General Ledger.csv,2026-07-18T23:30:00-04:00,3a18b787f74e6f13
2026-02-19,Payroll Taxes,Expense,ADP,ORIG CO NAME:ADP Tax ORIG ID:1223006057 DESC DATE:260,-290.36,365.34,N,Precision Blueprint Development_General Ledger.csv,2026-07-18T23:30:00-04:00,41e7e69d010c4d5a
2026-02-20,Payroll Taxes,Journal Entry,,,290.36,655.7,N,Precision Blueprint Development_General Ledger.csv,2026-07-18T23:30:00-04:00,abe9d787cd447586
2026-02-26,Payroll Taxes,Expense,ADP,ORIG CO NAME:ADP Tax ORIG ID:1223006057 DESC DATE:260,-290.34,365.36,N,Precision Blueprint Development_General Ledger.csv,2026-07-18T23:30:00-04:00,81136bae0fe63429
2026-02-27,Payroll Taxes,Journal Entry,,,290.34,655.7,N,Precision Blueprint Development_General Ledger.csv,2026-07-18T23:30:00-04:00,d3ca62007d61c3a9
2026-03-05,Payroll Taxes,Expense,ADP,ORIG CO NAME:ADP Tax ORIG ID:1223006057 DESC DATE:260,-290.34,365.36,N,Precision Blueprint Development_General Ledger.csv,2026-07-18T23:30:00-04:00,23bf8e551037055b
2026-03-06,Payroll Taxes,Journal Entry,,,290.34,655.7,N,Precision Blueprint Development_General Ledger.csv,2026-07-18T23:30:00-04:00,9fc118340eccdfb2
2026-03-12,Payroll Taxes,Expense,ADP,ORIG CO NAME:ADP Tax ORIG ID:1223006057 DESC DATE:260,-290.36,365.34,N,Precision Blueprint Development_General Ledger.csv,2026-07-18T23:30:00-04:00,02e2cac54f4c1cde
2026-03-13,Payroll Taxes,Journal Entry,,,290.36,655.7,N,Precision Blueprint Development_General Ledger.csv,2026-07-18T23:30:00-04:00,1176db51e84c408d
2026-03-19,Payroll Taxes,Expense,ADP,ORIG CO NAME:ADP Tax ORIG ID:1223006057 DESC DATE:260,-290.34,365.36,N,Precision Blueprint Development_General Ledger.csv,2026-07-18T23:30:00-04:00,d8c65f7490a43039
2026-03-20,Payroll Taxes,Journal Entry,,,290.34,655.7,N,Precision Blueprint Development_General Ledger.csv,2026-07-18T23:30:00-04:00,6043ea4f9cf6084d
2026-03-26,Payroll Taxes,Expense,ADP,ORIG CO NAME:ADP Tax ORIG ID:1223006057 DESC DATE:260,-290.35,365.35,N,Precision Blueprint Development_General Ledger.csv,2026-07-18T23:30:00-04:00,40348949db2ad691
2026-03-27,Payroll Taxes,Journal Entry,,,290.35,655.7,N,Precision Blueprint Development_General Ledger.csv,2026-07-18T23:30:00-04:00,7b96a1be56164c4b
2026-04-02,Payroll Taxes,Expense,ADP,ORIG CO NAME:ADP Tax ORIG ID:XXXXXX6057 DESC DATE:260402 CO ENTRY DESCR:ADP Tax SEC:CCD TRACE\#:XXXXXXXX1051984 EED:260402 IND ID:KLYP4 XX0314A01 IND NAME:PRECIS ION BLUEPRINT DE AA TRN: XXXXXX1984 TC,-290.35,365.35,N,Precision Blueprint Development_General Ledger.csv,2026-07-18T23:30:00-04:00,fcac47d960ace7ed
2026-04-03,Payroll Taxes,Journal Entry,,,290.35,655.7,N,Precision Blueprint Development_General Ledger.csv,2026-07-18T23:30:00-04:00,ccccba3d16495b6e
2026-04-09,Payroll Taxes,Expense,ADP,ORIG CO NAME:ADP Tax ORIG ID:XXXXXX6057 DESC DATE:260409 CO ENTRY DESCR:ADP Tax SEC:CCD TRACE\#:XXXXXXXX6501282 EED:260409 IND ID:KLYP4 XX1015A01 IND NAME:PRECIS ION BLUEPRINT DE AA TRN: XXXXXX1282 TC,-290.34,365.36,N,Precision Blueprint Development_General Ledger.csv,2026-07-18T23:30:00-04:00,145e3477d43f6b59
2026-04-10,Payroll Taxes,Journal Entry,,,290.34,655.7,N,Precision Blueprint Development_General Ledger.csv,2026-07-18T23:30:00-04:00,a89707f99f87455c
2026-04-16,Payroll Taxes,Expense,ADP,ORIG CO NAME:ADP Tax ORIG ID:XXXXXX6057 DESC DATE:260416 CO ENTRY DESCR:ADP Tax SEC:CCD TRACE\#:XXXXXXXX1158698 EED:260416 IND ID:KLYP4 XX1716A01 IND NAME:PRECIS ION BLUEPRINT DE AA TRN: XXXXXX8698 TC,-290.35,365.35,N,Precision Blueprint Development_General Ledger.csv,2026-07-18T23:30:00-04:00,06b2aba8fc5943d2
2026-04-17,Payroll Taxes,Journal Entry,,,290.35,655.7,N,Precision Blueprint Development_General Ledger.csv,2026-07-18T23:30:00-04:00,670c5bb70c0281a8
2026-04-23,Payroll Taxes,Expense,ADP,ORIG CO NAME:ADP Tax ORIG ID:XXXXXX6057 DESC DATE:260423 CO ENTRY DESCR:ADP Tax SEC:CCD TRACE\#:XXXXXXXX2183217 EED:260423 IND ID:KLYP4 XX2417A01 IND NAME:PRECIS ION BLUEPRINT DE AB TRN: XXXXXX3217 TC,-290.34,365.36,N,Precision Blueprint Development_General Ledger.csv,2026-07-18T23:30:00-04:00,4d5106e5a6b28880
2026-04-24,Payroll Taxes,Journal Entry,,,290.34,655.7,N,Precision Blueprint Development_General Ledger.csv,2026-07-18T23:30:00-04:00,bc4de2a2e0bdcd65
2026-04-30,Payroll Taxes,Expense,ADP,ORIG CO NAME:ADP Tax ORIG ID:XXXXXX6057 DESC DATE:260430 CO ENTRY DESCR:ADP Tax SEC:CCD TRACE\#:XXXXXXXX1351207 EED:260430 IND ID:KLYP4 XX0118A01 IND NAME:PRECIS ION BLUEPRINT DE AA TRN: XXXXXX1207 TC,-290.35,365.35,N,Precision Blueprint Development_General Ledger.csv,2026-07-18T23:30:00-04:00,8436330e6d0da2f1
2026-05-01,Payroll Taxes,Journal Entry,,,290.35,655.7,N,Precision Blueprint Development_General Ledger.csv,2026-07-18T23:30:00-04:00,e3a4bcaf1402cc1a
2026-05-07,Payroll Taxes,Expense,ADP,ORIG CO NAME:ADP Tax ORIG ID:XXXXXX6057 DESC DATE:260507 CO ENTRY DESCR:ADP Tax SEC:CCD TRACE\#:XXXXXXXX4647344 EED:260507 IND ID:KLYP4 XX0819A01 IND NAME:PRECIS ION BLUEPRINT DE AA TRN: XXXXXX7344 TC,-290.35,365.35,N,Precision Blueprint Development_General Ledger.csv,2026-07-18T23:30:00-04:00,429da4773d0bfdd2
2026-05-08,Payroll Taxes,Journal Entry,,,290.35,655.7,N,Precision Blueprint Development_General Ledger.csv,2026-07-18T23:30:00-04:00,339e6bf57bf30cab
2026-05-14,Payroll Taxes,Expense,ADP,ORIG CO NAME:ADP Tax ORIG ID:XXXXXX6057 DESC DATE:260514 CO ENTRY DESCR:ADP Tax SEC:CCD TRACE\#:XXXXXXXX1320616 EED:260514 IND ID:KLYP4 XX1520A01 IND NAME:PRECIS ION BLUEPRINT DE AA TRN: XXXXXX0616 TC,-290.34,365.36,N,Precision Blueprint Development_General Ledger.csv,2026-07-18T23:30:00-04:00,233d7fb6ccd582cd
2026-05-15,Payroll Taxes,Journal Entry,,,290.34,655.7,N,Precision Blueprint Development_General Ledger.csv,2026-07-18T23:30:00-04:00,431176424981559f
2026-05-21,Payroll Taxes,Expense,ADP,ORIG CO NAME:ADP Tax ORIG ID:XXXXXX6057 DESC DATE:260521 CO ENTRY DESCR:ADP Tax SEC:CCD TRACE\#:XXXXXXXX8700208 EED:260521 IND ID:KLYP4 XX2221A01 IND NAME:PRECIS ION BLUEPRINT DE AA TRN: XXXXXX0208 TC,-290.35,365.35,N,Precision Blueprint Development_General Ledger.csv,2026-07-18T23:30:00-04:00,19ec74f728686998
2026-05-22,Payroll Taxes,Journal Entry,,,290.35,655.7,N,Precision Blueprint Development_General Ledger.csv,2026-07-18T23:30:00-04:00,7355b2fa22f7d150
2026-05-28,Payroll Taxes,Expense,ADP,ORIG CO NAME:ADP Tax ORIG ID:XXXXXX6057 DESC DATE:260528 CO ENTRY DESCR:ADP Tax SEC:CCD TRACE\#:XXXXXXXX2959936 EED:260528 IND ID:KLYP4 XX2922A01 IND NAME:PRECIS ION BLUEPRINT DE AA TRN: XXXXXX9936 TC,-290.35,365.35,N,Precision Blueprint Development_General Ledger.csv,2026-07-18T23:30:00-04:00,60bef12a0c8c4f2e
2026-05-29,Payroll Taxes,Journal Entry,,,290.35,655.7,N,Precision Blueprint Development_General Ledger.csv,2026-07-18T23:30:00-04:00,3ef12f2f20ba138e
2026-06-04,Payroll Taxes,Expense,ADP,ORIG CO NAME:ADP Tax ORIG ID:XXXXXX6057 DESC DATE:260604 CO ENTRY DESCR:ADP Tax SEC:CCD TRACE\#:XXXXXXXX9829494 EED:260604 IND ID:KLYP4 XX0523A01 IND NAME:PRECIS ION BLUEPRINT DE AC TRN: XXXXXX9494 TC,-290.34,365.36,N,Precision Blueprint Development_General Ledger.csv,2026-07-18T23:30:00-04:00,541f2a8da6deb5cb
2026-06-05,Payroll Taxes,Journal Entry,,,290.34,655.7,N,Precision Blueprint Development_General Ledger.csv,2026-07-18T23:30:00-04:00,a91babcaeed10df3
2026-06-11,Payroll Taxes,Expense,ADP,ORIG CO NAME:ADP Tax ORIG ID:XXXXXX6057 DESC DATE:260611 CO ENTRY DESCR:ADP Tax SEC:CCD TRACE\#:XXXXXXXX3777888 EED:260611 IND ID:KLYP4 XX1224A01 IND NAME:PRECIS ION BLUEPRINT DE AA TRN: XXXXXX7888 TC,-290.35,365.35,N,Precision Blueprint Development_General Ledger.csv,2026-07-18T23:30:00-04:00,604f660b4b334aba
2026-06-12,Payroll Taxes,Journal Entry,,,290.35,655.7,N,Precision Blueprint Development_General Ledger.csv,2026-07-18T23:30:00-04:00,7b53404dcd9ec1b0
2026-06-17,Payroll Taxes,Expense,ADP,ORIG CO NAME:ADP Tax ORIG ID:XXXXXX6057 DESC DATE:260617 CO ENTRY DESCR:ADP Tax SEC:CCD TRACE\#:XXXXXXXX5070044 EED:260617 IND ID:KLYP4 XX1825A01 IND NAME:PRECIS ION BLUEPRINT DE AA TRN: XXXXXX0044 TC,-290.35,365.35,N,Precision Blueprint Development_General Ledger.csv,2026-07-18T23:30:00-04:00,51aa8fee25596279
2026-06-18,Payroll Taxes,Journal Entry,,,290.35,655.7,N,Precision Blueprint Development_General Ledger.csv,2026-07-18T23:30:00-04:00,84d51340f8bf775e
2026-06-25,Payroll Taxes,Expense,ADP,ORIG CO NAME:ADP Tax ORIG ID:XXXXXX6057 DESC DATE:260625 CO ENTRY DESCR:ADP Tax SEC:CCD TRACE\#:XXXXXXXX3603892 EED:260625 IND ID:KLYP4 XX2626A01 IND NAME:PRECIS ION BLUEPRINT DE AA TRN: XXXXXX3892 TC,-290.34,365.36,N,Precision Blueprint Development_General Ledger.csv,2026-07-18T23:30:00-04:00,5204dad20b891677
2026-06-26,Payroll Taxes,Journal Entry,,,290.34,655.7,N,Precision Blueprint Development_General Ledger.csv,2026-07-18T23:30:00-04:00,df6ed2786ac1b18b
2026-01-23,2020 F350 Loan,Expense,Wells Fargo Auto,WELLS FARGO AUTO DRAFT 260123 XXXXXXXX3144 RAUL A BANUELOS,-754.81,44025.0,N,Precision Blueprint Development_General Ledger.csv,2026-07-18T23:30:00-04:00,82652a5613f9fb48
2026-02-23,2020 F350 Loan,Expense,Wells Fargo Auto,WELLS FARGO AUTO DRAFT 260223 XXXXXXXX3144 RAUL A BANUELOS,-760.41,43264.59,N,Precision Blueprint Development_General Ledger.csv,2026-07-18T23:30:00-04:00,b228fe1e61a9e83d
2026-02-23,2020 F350 Loan,Expense,Wells Fargo Auto,"WELLS FARGO AUTO FEE & PMTS 022326 XXXXXX3144 RAUL,A,BANUELOS",-1300.0,41964.59,N,Precision Blueprint Development_General Ledger.csv,2026-07-18T23:30:00-04:00,345cd9fe9001de6f
2026-03-23,2020 F350 Loan,Expense,Wells Fargo Auto,WELLS FARGO AUTO DRAFT 260323 XXXXXXXX3144 RAUL A BANUELOS,-1118.64,40845.95,N,Precision Blueprint Development_General Ledger.csv,2026-07-18T23:30:00-04:00,c8ff33e71f16319a
2026-04-23,2020 F350 Loan,Expense,Wells Fargo Auto,WELLS FARGO AUTO DRAFT 260423 XXXXXXXX3144 RAUL A BANUELOS,-1400.0,39445.95,N,Precision Blueprint Development_General Ledger.csv,2026-07-18T23:30:00-04:00,9950047f482c642a
2026-05-14,2020 F350 Loan,Expense,Wells Fargo Auto,"WF Bus Credit AUTO PAY 260514 XXXXXXXX729790 BANUELOS,RAUL A",-502.34,38943.61,N,Precision Blueprint Development_General Ledger.csv,2026-07-18T23:30:00-04:00,d015e38b09dfa3c8
2026-05-26,2020 F350 Loan,Expense,Wells Fargo Auto,WELLS FARGO AUTO DRAFT 260523 XXXXXXXX3144 RAUL A BANUELOS,-1400.0,37543.61,N,Precision Blueprint Development_General Ledger.csv,2026-07-18T23:30:00-04:00,f47a1d11592098b8
2026-06-15,2020 F350 Loan,Expense,Wells Fargo Auto,"WF Bus Credit AUTO PAY 260614 XXXXXXXX729790 BANUELOS,RAUL A",-118.75,37424.86,N,Precision Blueprint Development_General Ledger.csv,2026-07-18T23:30:00-04:00,2c7800040b4965e6
2026-06-23,2020 F350 Loan,Expense,Wells Fargo Auto,WELLS FARGO AUTO DRAFT 260623 XXXXXXXX3144 RAUL A BANUELOS,-1400.0,36024.86,N,Precision Blueprint Development_General Ledger.csv,2026-07-18T23:30:00-04:00,ba53bd02cdbcd122
2026-01-28,MACU Loan,Expense,MACU,,-1000.0,22264.73,N,Precision Blueprint Development_General Ledger.csv,2026-07-18T23:30:00-04:00,6f94f6a8e809dd9e
2026-01-31,MACU Loan,Journal Entry,,Monthly fee for loan,46.06,22310.79,N,Precision Blueprint Development_General Ledger.csv,2026-07-18T23:30:00-04:00,5ce2f72dad98f374
2026-01-31,MACU Loan,Journal Entry,,Interest Charged,219.71,22530.5,N,Precision Blueprint Development_General Ledger.csv,2026-07-18T23:30:00-04:00,ab9e23f513330247
2026-02-27,MACU Loan,Expense,MACU,,-1000.0,21530.5,N,Precision Blueprint Development_General Ledger.csv,2026-07-18T23:30:00-04:00,f375900842c00853
2026-02-28,MACU Loan,Journal Entry,,Monthly fee for loan,44.61,21575.11,N,Precision Blueprint Development_General Ledger.csv,2026-07-18T23:30:00-04:00,b51a487890970eb0
2026-02-28,MACU Loan,Journal Entry,,Interest Charged,213.17,21788.28,N,Precision Blueprint Development_General Ledger.csv,2026-07-18T23:30:00-04:00,ec0ab89cd0582a2d
2026-03-27,MACU Loan,Expense,MACU,,-1000.0,20788.28,N,Precision Blueprint Development_General Ledger.csv,2026-07-18T23:30:00-04:00,e34f4188ad066dfe
2026-03-31,MACU Loan,Journal Entry,,Monthly fee for loan,43.14,20831.42,N,Precision Blueprint Development_General Ledger.csv,2026-07-18T23:30:00-04:00,4784f68a72ca159c
2026-03-31,MACU Loan,Journal Entry,,Interest Charged,205.47,21036.89,N,Precision Blueprint Development_General Ledger.csv,2026-07-18T23:30:00-04:00,41f9b13ff50feedf
2026-01-28,Owner's Contribution,Deposit,,,1000.0,23893.25,N,Precision Blueprint Development_General Ledger.csv,2026-07-18T23:30:00-04:00,f2c502c70d93cca1
2026-02-27,Owner's Contribution,Deposit,,,1000.0,24893.25,N,Precision Blueprint Development_General Ledger.csv,2026-07-18T23:30:00-04:00,157a5ba771b88110
2026-03-24,Owner's Contribution,Deposit,Kelly Banuelos,Zelle payment from Kelly Banuelo s COFEWUQNZXGX,2500.0,27393.25,N,Precision Blueprint Development_General Ledger.csv,2026-07-18T23:30:00-04:00,760d8bcf12dd05f2
2026-03-27,Owner's Contribution,Deposit,,,1000.0,28393.25,N,Precision Blueprint Development_General Ledger.csv,2026-07-18T23:30:00-04:00,3d5ccb0078ca4352
2026-01-04,Owner's Draw,Expense,Spotify,Spotify USA,-12.79,-121472.34,N,Precision Blueprint Development_General Ledger.csv,2026-07-18T23:30:00-04:00,ebcf4418951d15da
2026-01-04,Owner's Draw,Expense,Ash Parchment,SP ASH PARCHMENT,-79.98,-121552.32,N,Precision Blueprint Development_General Ledger.csv,2026-07-18T23:30:00-04:00,26110ea76a731d04
2026-01-04,Owner's Draw,Expense,Costco,COSTCO WHSE\#1620,-412.4,-121964.72,N,Precision Blueprint Development_General Ledger.csv,2026-07-18T23:30:00-04:00,76ac57e8194fcd00
2026-01-05,Owner's Draw,Expense,Transfer 3758,Online Transfer to CHK ...3758 transaction\#: 27499009815,-1500.0,-123464.72,N,Precision Blueprint Development_General Ledger.csv,2026-07-18T23:30:00-04:00,9731538c1aa8d24f
2026-01-08,Owner's Draw,Expense,QuikTrip,QT 442,-16.38,-123481.1,N,Precision Blueprint Development_General Ledger.csv,2026-07-18T23:30:00-04:00,a281bc23b7e4518a
2026-01-09,Owner's Draw,Expense,Anytime Dental,SUNBIT\_Anytime\_Denta San\_Tan\_Val le CA 01/09,-263.1,-123744.2,N,Precision Blueprint Development_General Ledger.csv,2026-07-18T23:30:00-04:00,f255c88ee4a94af2
2026-01-12,Owner's Draw,Expense,Transfer 3758,Online Transfer to CHK ...3758 transaction\#: 27588903436,-1500.0,-125244.2,N,Precision Blueprint Development_General Ledger.csv,2026-07-18T23:30:00-04:00,e1deec63e4947c3d
2026-01-16,Owner's Draw,Expense,Transfer 3758,Online Transfer to CHK ...3758 transaction\#: 27669595033,-1500.0,-126744.2,N,Precision Blueprint Development_General Ledger.csv,2026-07-18T23:30:00-04:00,50617e74576d2cab
2026-01-20,Owner's Draw,Expense,Nerina Isabel Martinez Barzaga,Zelle payment to Nerina Isabel M artinez Barzaga JPM99c2d0j6y,-30.0,-126774.2,N,Precision Blueprint Development_General Ledger.csv,2026-07-18T23:30:00-04:00,c197f522b3f3c4a9
2026-01-22,Owner's Draw,Expense,Capital Premium INS.,ORIG CO NAME:Capital Premium ORIG ID:4820423224 DESC DATE:260,-482.93,-127257.13,N,Precision Blueprint Development_General Ledger.csv,2026-07-18T23:30:00-04:00,fb1d6bb6932cf429
2026-01-23,Owner's Draw,Expense,Aqua Finance,ORIG CO NAME:AQUA FINANCE INC ORIG ID:1391615890 DESC DATE:,-200.0,-127457.13,N,Precision Blueprint Development_General Ledger.csv,2026-07-18T23:30:00-04:00,0c8cafb0ddd9f292
2026-01-25,Owner's Draw,Expense,Circle K,CIRCLE K 01974,-0.22,-127457.35,N,Precision Blueprint Development_General Ledger.csv,2026-07-18T23:30:00-04:00,2def421ce75b6a3d
2026-01-25,Owner's Draw,Expense,Costco,COSTCO WHSE \#0431,-317.37,-127774.72,N,Precision Blueprint Development_General Ledger.csv,2026-07-18T23:30:00-04:00,99e0a893a8060dcb
2026-01-26,Owner's Draw,Expense,Transfer 3758,Online Transfer to CHK ...3758 transaction\#: 27718875232,-1500.0,-129274.72,N,Precision Blueprint Development_General Ledger.csv,2026-07-18T23:30:00-04:00,65cebbf2c6bd3252
2026-01-27,Owner's Draw,Expense,Elena Daughter,Zelle payment to Elena Daughter 27838262656,-25.0,-129299.72,N,Precision Blueprint Development_General Ledger.csv,2026-07-18T23:30:00-04:00,786e8dedaffa583f
2026-01-28,Owner's Draw,Expense,Anytime Dental,SUNBIT\_Anytime\_Denta San\_Tan\_Val le CA 01/27,-279.71,-129579.43,N,Precision Blueprint Development_General Ledger.csv,2026-07-18T23:30:00-04:00,f47b44c0398fd4f9
2026-01-31,Owner's Draw,Journal Entry,,Client used gift card funds for personal use in the beginning of 2026.,-852.59,-130432.02,N,Precision Blueprint Development_General Ledger.csv,2026-07-18T23:30:00-04:00,dc9fa4bbabf2f215
2026-02-02,Owner's Draw,Expense,Transfer 3758,Online Transfer to CHK ...3758 transaction\#: 27829516783,-1500.0,-131932.02,N,Precision Blueprint Development_General Ledger.csv,2026-07-18T23:30:00-04:00,1ef1179c83e76fe7
2026-02-04,Owner's Draw,Expense,Spotify,Spotify USA,-12.79,-131944.81,N,Precision Blueprint Development_General Ledger.csv,2026-07-18T23:30:00-04:00,fff95c63bc0cd4ac
2026-02-06,Owner's Draw,Expense,Kelly Banuelos,Zelle payment to Baby Mama Kell y JPM99c4ptni9,-200.0,-132144.81,N,Precision Blueprint Development_General Ledger.csv,2026-07-18T23:30:00-04:00,c9b2a6ed13d28c06
2026-02-09,Owner's Draw,Expense,Transfer 3758,Online Transfer to CHK ...3758 transaction\#: 27919080395,-1500.0,-133644.81,N,Precision Blueprint Development_General Ledger.csv,2026-07-18T23:30:00-04:00,79d48c6c36891a46
2026-02-09,Owner's Draw,Expense,Best Buy,ORIG CO NAME:BEST BUY ORIG ID:CITIAUTFDR DESC DATE:260,-274.71,-133919.52,N,Precision Blueprint Development_General Ledger.csv,2026-07-18T23:30:00-04:00,ea647dd9ed6ce3d8
2026-02-10,Owner's Draw,Expense,Anytime Dental,SUNBIT\_Anytime\_Denta San\_Tan\_Val le CA 02/10,-263.1,-134182.62,N,Precision Blueprint Development_General Ledger.csv,2026-07-18T23:30:00-04:00,2112237407555697
2026-02-13,Owner's Draw,Expense,Transfer 3758,Online Transfer to CHK ...3758 transaction\#: 28006626251,-1500.0,-135682.62,N,Precision Blueprint Development_General Ledger.csv,2026-07-18T23:30:00-04:00,35ce09f671601560
2026-02-13,Owner's Draw,Expense,Boostiva,SP BOOSTIVA,-71.99,-135754.61,N,Precision Blueprint Development_General Ledger.csv,2026-07-18T23:30:00-04:00,d010580a6e6bbf37
2026-02-15,Owner's Draw,Expense,Body Clinic,"BODY CLINIC, INC.",-2000.0,-137754.61,N,Precision Blueprint Development_General Ledger.csv,2026-07-18T23:30:00-04:00,a03ef6b06057b3a5
2026-02-18,Owner's Draw,Expense,Transfer to Banuelos Checking,ONLINE TRANSFER TO BANUELOS R EVERYDAY CHECKING XXXXXX3738 REF \#IB0WWSRSTD ON 02/18/26,-5000.0,-142754.61,N,Precision Blueprint Development_General Ledger.csv,2026-07-18T23:30:00-04:00,1aee30d8822e6d5e
2026-02-18,Owner's Draw,Expense,Kelly Banuelos,Zelle payment to Baby Mama Kell y JPM99c64x77f,-300.0,-143054.61,N,Precision Blueprint Development_General Ledger.csv,2026-07-18T23:30:00-04:00,128f419e3b1adc87
2026-02-19,Owner's Draw,Expense,Kelly Banuelos,Zelle payment to Baby Mama Kell y JPM99c6a225w,-40.0,-143094.61,N,Precision Blueprint Development_General Ledger.csv,2026-07-18T23:30:00-04:00,5c117d4fb1b3f799
2026-02-23,Owner's Draw,Expense,Transfer 3758,Online Transfer to CHK ...3758 transaction\#: 28056991221,-1500.0,-144594.61,N,Precision Blueprint Development_General Ledger.csv,2026-07-18T23:30:00-04:00,8a2de765e46ad49b
2026-02-23,Owner's Draw,Expense,Aqua Finance,ORIG CO NAME:AQUA FINANCE INC ORIG ID:1391615890 DESC DATE:,-200.0,-144794.61,N,Precision Blueprint Development_General Ledger.csv,2026-07-18T23:30:00-04:00,21587da78dbb7d0b
2026-02-26,Owner's Draw,Expense,Capital Premium INS.,ORIG CO NAME:Capital Premium ORIG ID:4820423224 DESC DATE:260,-482.93,-145277.54,N,Precision Blueprint Development_General Ledger.csv,2026-07-18T23:30:00-04:00,55b3cb5363a540bc
2026-02-27,Owner's Draw,Expense,Kelly Banuelos,Zelle payment to Baby Mama Kell y JPM99c77zali,-50.0,-145327.54,N,Precision Blueprint Development_General Ledger.csv,2026-07-18T23:30:00-04:00,999d3380666e7a63
2026-02-27,Owner's Draw,Expense,Anytime Dental,SUNBIT\_Anytime\_Denta San\_Tan\_Val le CA 02/27,-279.71,-145607.25,N,Precision Blueprint Development_General Ledger.csv,2026-07-18T23:30:00-04:00,eae62bd2a1bd7612
2026-02-27,Owner's Draw,Expense,Transfer 3758,Online Transfer to CHK ...3758 t ransaction\#: 28230477175,-3000.0,-148607.25,N,Precision Blueprint Development_General Ledger.csv,2026-07-18T23:30:00-04:00,620786891fc36c58
2026-03-02,Owner's Draw,Expense,Transfer 3758,Online Transfer to CHK ...3758 t ransaction\#: 28174888406,-1700.0,-150307.25,N,Precision Blueprint Development_General Ledger.csv,2026-07-18T23:30:00-04:00,6627c61c57674b9b
2026-03-02,Owner's Draw,Expense,Kelly Banuelos,Zelle payment to Baby Mama Kell y JPM99c7ateqa,-50.0,-150357.25,N,Precision Blueprint Development_General Ledger.csv,2026-07-18T23:30:00-04:00,966326703eabd64f
2026-03-03,Owner's Draw,Expense,Elena Daughter,Zelle payment to Elena Daughter 28295630401,-50.0,-150407.25,N,Precision Blueprint Development_General Ledger.csv,2026-07-18T23:30:00-04:00,e7dcbeaea85dce77
2026-03-04,Owner's Draw,Expense,Walgreens,WALGREENS \#1076,-21.02,-150428.27,N,Precision Blueprint Development_General Ledger.csv,2026-07-18T23:30:00-04:00,8d5001a8567f1729
2026-03-04,Owner's Draw,Expense,Spotify,Spotify USA,-13.86,-150442.13,N,Precision Blueprint Development_General Ledger.csv,2026-07-18T23:30:00-04:00,2ef332b053edc916
2026-03-06,Owner's Draw,Expense,Transfer 3758,Online Transfer to CHK ...3758 t ransaction\#: 28326607881,-3000.0,-153442.13,N,Precision Blueprint Development_General Ledger.csv,2026-07-18T23:30:00-04:00,8bd0fc923d441db1
2026-03-09,Owner's Draw,Expense,Transfer 3758,Online Transfer to CHK ...3758 t ransaction\#: 28361102007,-3000.0,-156442.13,N,Precision Blueprint Development_General Ledger.csv,2026-07-18T23:30:00-04:00,601b7c4222adb5de
2026-03-09,Owner's Draw,Expense,Transfer 3758,Online Transfer to CHK ...3758 transaction\#: 28268211136,-1800.0,-158242.13,N,Precision Blueprint Development_General Ledger.csv,2026-07-18T23:30:00-04:00,35bf4488ed9cc700
2026-03-10,Owner's Draw,Expense,Anytime Dental,SUNBIT\_Anytime\_Denta San\_Tan\_Val le CA 03/10,-263.1,-158505.23,N,Precision Blueprint Development_General Ledger.csv,2026-07-18T23:30:00-04:00,3dd7b148c8f83fc1
2026-03-11,Owner's Draw,Expense,City of Mesa (Utility Only),ORIG CO NAME:CITY OF MESA ORIG ID:1166000252 DESC DATE:260,-355.07,-158860.3,N,Precision Blueprint Development_General Ledger.csv,2026-07-18T23:30:00-04:00,8141a092051d909e
2026-03-12,Owner's Draw,Expense,Costco,COSTCO WHSE \#1620,-30.37,-158890.67,N,Precision Blueprint Development_General Ledger.csv,2026-07-18T23:30:00-04:00,2db06d37812cd4e3
2026-03-12,Owner's Draw,Expense,Boostiva,SP BOOSTIVA,-38.0,-158928.67,N,Precision Blueprint Development_General Ledger.csv,2026-07-18T23:30:00-04:00,fc7928f7375f3e3a
2026-03-13,Owner's Draw,Expense,Transfer 3758,Online Transfer to CHK ...3758 t ransaction\#: 28422156914,-4800.0,-163728.67,N,Precision Blueprint Development_General Ledger.csv,2026-07-18T23:30:00-04:00,f162c941d0e8e92c
2026-03-16,Owner's Draw,Expense,Transfer 3758,Online Transfer to CHK ...3758 transaction\#: 28363642211,-1500.0,-165228.67,N,Precision Blueprint Development_General Ledger.csv,2026-07-18T23:30:00-04:00,79633b54d78b13fc
2026-03-16,Owner's Draw,Expense,Kelly Banuelos,Zelle payment to Baby Mama Kell y JPM99c9c6fnr,-100.0,-165328.67,N,Precision Blueprint Development_General Ledger.csv,2026-07-18T23:30:00-04:00,00a97a6539ee5abc
2026-03-17,Owner's Draw,Expense,Capital Premium INS.,ORIG CO NAME:Capital Premium ORIG ID:4820423224 DESC DATE:260,-482.93,-165811.6,N,Precision Blueprint Development_General Ledger.csv,2026-07-18T23:30:00-04:00,478617f680fd20a2
2026-03-17,Owner's Draw,Credit Card Credit,Care.Com,CARE.COM\* CARE.COM 737,180.0,-165631.6,N,Precision Blueprint Development_General Ledger.csv,2026-07-18T23:30:00-04:00,37eeb8ae5852297e
2026-03-17,Owner's Draw,Credit Card Credit,Care.Com,CREDIT CARE.COM\* CARE.COM,140.72,-165490.88,N,Precision Blueprint Development_General Ledger.csv,2026-07-18T23:30:00-04:00,02a7af35b3e3294b
2026-03-17,Owner's Draw,Expense,Care.Com,CARE.COM\* CARE.COM 737,-180.0,-165670.88,N,Precision Blueprint Development_General Ledger.csv,2026-07-18T23:30:00-04:00,fd45f7d714fbd4fe
2026-03-17,Owner's Draw,Expense,Care.Com,CARE.COM\* CARE.COM 737,-140.72,-165811.6,N,Precision Blueprint Development_General Ledger.csv,2026-07-18T23:30:00-04:00,e80d195a6419873e
2026-03-19,Owner's Draw,Expense,Milan Cameron Beatty,Zelle payment to Milan Cameron B eatty JPM99c9rq9lx,-60.0,-165871.6,N,Precision Blueprint Development_General Ledger.csv,2026-07-18T23:30:00-04:00,93e16bd169151e8b
2026-03-19,Owner's Draw,Expense,Milan Cameron Beatty,Zelle payment to Milan Cameron B eatty JPM99c9rohsp,-12.0,-165883.6,N,Precision Blueprint Development_General Ledger.csv,2026-07-18T23:30:00-04:00,5295e3f5adf3bf11
2026-03-23,Owner's Draw,Expense,Aqua Finance,ORIG CO NAME:AQUA FINANCE INC ORIG ID:1391615890 DESC DATE:,-200.0,-166083.6,N,Precision Blueprint Development_General Ledger.csv,2026-07-18T23:30:00-04:00,647f7364c49dd808
2026-03-23,Owner's Draw,Expense,Transfer 3758,Online Transfer to CHK ...3758 transaction\#: 28452667747,-1500.0,-167583.6,N,Precision Blueprint Development_General Ledger.csv,2026-07-18T23:30:00-04:00,60babb0af8e216c3
2026-03-27,Owner's Draw,Expense,Anytime Dental,SUNBIT\_Anytime\_Denta San\_Tan\_Val le CA 03/27,-279.71,-167863.31,N,Precision Blueprint Development_General Ledger.csv,2026-07-18T23:30:00-04:00,77c2371da622b3b3
2026-03-30,Owner's Draw,Expense,Transfer 3758,Online Transfer to CHK ...3758 transaction\#: 28537673123,-1500.0,-169363.31,N,Precision Blueprint Development_General Ledger.csv,2026-07-18T23:30:00-04:00,cd0463295663fb5a
2026-03-30,Owner's Draw,Expense,Junior Alexander Carbajal,Zelle payment to Junior Alexande r carbajal JPM99cavtv7k,-5000.0,-174363.31,N,Precision Blueprint Development_General Ledger.csv,2026-07-18T23:30:00-04:00,1df4ea747d1eeffd
2026-03-30,Owner's Draw,Expense,Kelly Banuelos,Zelle payment to Baby Mama Kell y JPM99cb561cc,-130.0,-174493.31,N,Precision Blueprint Development_General Ledger.csv,2026-07-18T23:30:00-04:00,e55627e9ebfa6643
2026-04-03,Owner's Draw,Expense,Spotify,Spotify USA,-13.86,-174507.17,N,Precision Blueprint Development_General Ledger.csv,2026-07-18T23:30:00-04:00,8aa0fcf53f97d80f
2026-04-06,Owner's Draw,Expense,Transfer 3758,Online Transfer to CHK ...3758 transaction\#: XXXXXXX8541 04/06,-1500.0,-176007.17,N,Precision Blueprint Development_General Ledger.csv,2026-07-18T23:30:00-04:00,1e5c7fddfbd22ef6
2026-04-08,Owner's Draw,Expense,Boostiva,SP BOOSTIVA,-38.0,-176045.17,N,Precision Blueprint Development_General Ledger.csv,2026-07-18T23:30:00-04:00,80d1d9b2a1d03f0c
2026-04-09,Owner's Draw,Expense,Best Buy,ORIG CO NAME:BEST BUY ORIG ID:CITIAUTFDR DESC DATE:260408 CO ENTRY DESCR:AUTO PYMT SEC:WEB TRACE\#:XXXXXXXX2643622 EED:260409 IND ID:XXXXXXXX9500090 IND NAME:RAU L BANUELOS TRN: XXXXXX3622 TC,-192.05,-176237.22,N,Precision Blueprint Development_General Ledger.csv,2026-07-18T23:30:00-04:00,03b93b7d3d2fb4dc
2026-04-10,Owner's Draw,Expense,Anytime Dental,SUNBIT\_Anytime\_Denta San\_Tan\_Valle CA 04/10,-263.1,-176500.32,N,Precision Blueprint Development_General Ledger.csv,2026-07-18T23:30:00-04:00,95d3ebae446d657c
2026-04-10,Owner's Draw,Expense,Bedolla's Barbershop,BEDOLLAS BARBERSHOP LLC,-42.96,-176543.28,N,Precision Blueprint Development_General Ledger.csv,2026-07-18T23:30:00-04:00,2b51e458727ae9a4
2026-04-13,Owner's Draw,Expense,Transfer 3758,Online Transfer to CHK ...3758 transaction\#: XXXXXXX2935 04/13,-1500.0,-178043.28,N,Precision Blueprint Development_General Ledger.csv,2026-07-18T23:30:00-04:00,9cac6adf63adf286
2026-04-16,Owner's Draw,Expense,City of Mesa (Utility Only),ORIG CO NAME:CITY OF MESA ORIG ID:XXXXXX0252 DESC DATE:260416 CO ENTRY DESCR:CHECKPYMT SEC:PPD TRACE\#:XXXXXXXX1166215 EED:260416 IND ID: IND NAME:RAUL BANUELOS TRN: XXXXXX6215 TC,-49.45,-178092.73,N,Precision Blueprint Development_General Ledger.csv,2026-07-18T23:30:00-04:00,8950de0fa0a4e5cf
2026-04-16,Owner's Draw,Expense,Yolanda Lopez,Zelle payment to Yolanda Lopez Mom JPM99cdcsr5e,-300.0,-178392.73,N,Precision Blueprint Development_General Ledger.csv,2026-07-18T23:30:00-04:00,bddcdeec8be2fdab
2026-04-17,Owner's Draw,Expense,Costco,COSTCO WHSE \#0460,-95.9,-178488.63,N,Precision Blueprint Development_General Ledger.csv,2026-07-18T23:30:00-04:00,d15825cefb1fc3d3
2026-04-20,Owner's Draw,Expense,Transfer 3758,Online Transfer to CHK ...3758 transaction\#: XXXXXXX9978 04/20,-2000.0,-180488.63,N,Precision Blueprint Development_General Ledger.csv,2026-07-18T23:30:00-04:00,80b78a627c5ac2b1
2026-04-21,Owner's Draw,Expense,EPCOR,EPCOR AZ/EZ-PAY,-224.72,-180713.35,N,Precision Blueprint Development_General Ledger.csv,2026-07-18T23:30:00-04:00,37450913d7ee0b08
2026-04-23,Owner's Draw,Expense,Aqua Finance,ORIG CO NAME:AQUA FINANCE INC ORIG ID:XXXXXX5890 DESC DATE: CO ENTRY DESCR:BILLPAY SEC:CCD TRACE\#:XXXXXXXX3011569 EED:260423 IND ID:428574480 IND NAME:RAUL BANU ELOS ACHXXXX1287 TRN: XXXXXX1569 TC,-200.0,-180913.35,N,Precision Blueprint Development_General Ledger.csv,2026-07-18T23:30:00-04:00,626f83126c9adbc1
2026-04-23,Owner's Draw,Expense,VENARDOS CIRCUS,VENARDOS CIRCUS,-358.28,-181271.63,N,Precision Blueprint Development_General Ledger.csv,2026-07-18T23:30:00-04:00,b60fae94346c9f84
2026-04-26,Owner's Draw,Expense,Costco,COSTCO WHSE \#1620,-309.43,-181581.06,N,Precision Blueprint Development_General Ledger.csv,2026-07-18T23:30:00-04:00,41e64b038600aae4
2026-04-27,Owner's Draw,Expense,Anytime Dental,SUNBIT\_Anytime\_Denta San\_Tan\_Valle CA 04/27,-279.71,-181860.77,N,Precision Blueprint Development_General Ledger.csv,2026-07-18T23:30:00-04:00,c261c8acbbe8dd92
2026-04-27,Owner's Draw,Expense,Transfer 3758,Online Transfer to CHK ...3758 transaction\#: XXXXXXX2290 04/27,-2000.0,-183860.77,N,Precision Blueprint Development_General Ledger.csv,2026-07-18T23:30:00-04:00,e8c4ac944dec0a05
2026-04-27,Owner's Draw,Expense,Outlet,US OUTLET STORES TEMPE 05,-77.83,-183938.6,N,Precision Blueprint Development_General Ledger.csv,2026-07-18T23:30:00-04:00,5e70aa6b2e34fe05
2026-05-01,Owner's Draw,Expense,Transfer 3758,Online Transfer to CHK ...3758 transaction\#: XXXXXXX3673 05/01,-2000.0,-185938.6,N,Precision Blueprint Development_General Ledger.csv,2026-07-18T23:30:00-04:00,acd21583aac446cb
2026-05-01,Owner's Draw,Expense,Kelly Banuelos,Zelle payment to Baby Mama Kelly JPM99cf92eo9,-1000.0,-186938.6,N,Precision Blueprint Development_General Ledger.csv,2026-07-18T23:30:00-04:00,b77b94a06c207880
2026-05-02,Owner's Draw,Expense,BUSINESS LAW MASTERY,BUSINESS LAW MASTERY,-47.0,-186985.6,N,Precision Blueprint Development_General Ledger.csv,2026-07-18T23:30:00-04:00,e6030d7754f36f69
2026-05-02,Owner's Draw,Expense,BUSINESS LAW MASTERY,BUSINESS LAW MASTERY,-47.0,-187032.6,N,Precision Blueprint Development_General Ledger.csv,2026-07-18T23:30:00-04:00,e6030d7754f36f69
2026-05-03,Owner's Draw,Expense,Spotify,Spotify USA,-13.86,-187046.46,N,Precision Blueprint Development_General Ledger.csv,2026-07-18T23:30:00-04:00,e9c9f80a0b2978f8
2026-05-04,Owner's Draw,Expense,Transfer 3758,Online Transfer to CHK ...3758 transaction\#: XXXXXXX4426 05/04,-2000.0,-189046.46,N,Precision Blueprint Development_General Ledger.csv,2026-07-18T23:30:00-04:00,5a8d6c9a77baafad
2026-05-05,Owner's Draw,Expense,Barclay Card,ORIG CO NAME:BARCLAYCARD US ORIG ID:XXXXXX7970 DESC DATE: CO ENTRY DESCR:CREDITCARDSEC:WEB TRACE\#:XXXXXXXX7835666 EED:260505 IND ID:XXXXXX5223 IND NAME:RAUL BAN UELOS TRN: XXXXXX5666 TC,-750.57,-189797.03,N,Precision Blueprint Development_General Ledger.csv,2026-07-18T23:30:00-04:00,4cf39459c474c886
2026-05-08,Owner's Draw,Expense,Anytime Dental,SUNBIT\_Anytime\_Denta San\_Tan\_Valle CA 05/08,-263.1,-190060.13,N,Precision Blueprint Development_General Ledger.csv,2026-07-18T23:30:00-04:00,981ad41a0837dbc5
2026-05-11,Owner's Draw,Expense,Transfer 3758,Online Transfer to CHK ...3758 transaction\#: XXXXXXX8052 05/11,-2000.0,-192060.13,N,Precision Blueprint Development_General Ledger.csv,2026-07-18T23:30:00-04:00,2ca5a0077a8d440f
2026-05-13,Owner's Draw,Expense,Kelly Banuelos,Zelle payment to Baby Mama Kelly JPM99cgvt719,-100.0,-192160.13,N,Precision Blueprint Development_General Ledger.csv,2026-07-18T23:30:00-04:00,c73ce51750d7fe9d
2026-05-14,Owner's Draw,Expense,Petco,PETCO 1169,-17.22,-192177.35,N,Precision Blueprint Development_General Ledger.csv,2026-07-18T23:30:00-04:00,9919fcfe316c0721
2026-05-16,Owner's Draw,Expense,Body Clinic,"BODY CLINIC, INC.",-1555.0,-193732.35,N,Precision Blueprint Development_General Ledger.csv,2026-07-18T23:30:00-04:00,58bd6c5b9b899bb1
2026-05-18,Owner's Draw,Expense,City of Mesa (Utility Only),ORIG CO NAME:CITY OF MESA ORIG ID:XXXXXX0252 DESC DATE:260518 CO ENTRY DESCR:CHECKPYMT SEC:PPD TRACE\#:XXXXXXXX0687600 EED:260518 IND ID: IND NAME:RAUL BANUELOS TRN: XXXXXX7600 TC,-35.4,-193767.75,N,Precision Blueprint Development_General Ledger.csv,2026-07-18T23:30:00-04:00,537e197104188579
2026-05-18,Owner's Draw,Expense,Transfer 3758,Online Transfer to CHK ...3758 transaction\#: XXXXXXX9688 05/18,-2000.0,-195767.75,N,Precision Blueprint Development_General Ledger.csv,2026-07-18T23:30:00-04:00,b7bd0f2f9d120215
2026-05-18,Owner's Draw,Expense,Kelly Banuelos,Zelle payment to Baby Mama Kelly JPM99chhkodn,-20.0,-195787.75,N,Precision Blueprint Development_General Ledger.csv,2026-07-18T23:30:00-04:00,bf306b1bef6e5b08
2026-05-20,Owner's Draw,Expense,,Online ACH Payment XXXXXXX8462 To GTI (\_\#\#\#\#\#\#9455),-1300.0,-197087.75,N,Precision Blueprint Development_General Ledger.csv,2026-07-18T23:30:00-04:00,07076b6306547d04
2026-05-22,Owner's Draw,Expense,Transfer 3758,Online Transfer to CHK ...3758 transaction\#: XXXXXXX0299 05/22,-2000.0,-199087.75,N,Precision Blueprint Development_General Ledger.csv,2026-07-18T23:30:00-04:00,10d10bd62ff005a9
2026-05-24,Owner's Draw,Expense,Costco,COSTCO WHSE \#1620,-304.68,-199392.43,N,Precision Blueprint Development_General Ledger.csv,2026-07-18T23:30:00-04:00,d900786cc5fd385d
2026-05-24,Owner's Draw,Expense,Costco,COSTCO WHSE \#1620,-62.84,-199455.27,N,Precision Blueprint Development_General Ledger.csv,2026-07-18T23:30:00-04:00,8bc17a3177ba1147
2026-05-24,Owner's Draw,Credit Card Credit,Costco,COSTCO WHSE \#1620,162.55,-199292.72,N,Precision Blueprint Development_General Ledger.csv,2026-07-18T23:30:00-04:00,9ea8ba7088649bbf
2026-05-26,Owner's Draw,Expense,Aqua Finance,ORIG CO NAME:AQUA FINANCE INC ORIG ID:XXXXXX5890 DESC DATE: CO ENTRY DESCR:BILLPAY SEC:CCD TRACE\#:XXXXXXXX2842769 EED:260526 IND ID:444909488 IND NAME:RAUL BANU ELOS ACHXXXX0964 TRN: XXXXXX2769 TC,-200.0,-199492.72,N,Precision Blueprint Development_General Ledger.csv,2026-07-18T23:30:00-04:00,79493eb513e34dc3
2026-05-26,Owner's Draw,Expense,PSI EXAMS,PSI EXAMS,-66.0,-199558.72,N,Precision Blueprint Development_General Ledger.csv,2026-07-18T23:30:00-04:00,712fa1749f789af9
2026-05-27,Owner's Draw,Expense,Anytime Dental,SUNBIT\_Anytime\_Denta San\_Tan\_Valle CA 05/27,-279.7,-199838.42,N,Precision Blueprint Development_General Ledger.csv,2026-07-18T23:30:00-04:00,63c1a0c0cf442f54
2026-05-30,Owner's Draw,Expense,San Ignacio Golf Club,GLF\*SANIGNACIOGOLF,-68.95,-199907.37,N,Precision Blueprint Development_General Ledger.csv,2026-07-18T23:30:00-04:00,543d4e0c99bf844a
2026-05-30,Owner's Draw,Expense,San Ignacio Golf Club,GLF\*SANIGNACIOGOLF,-75.9,-199983.27,N,Precision Blueprint Development_General Ledger.csv,2026-07-18T23:30:00-04:00,5ddea15ed70676e9
2026-06-01,Owner's Draw,Expense,Kelly Banuelos,Zelle payment to Baby Mama Kelly JPM99cj6667n,-610.0,-200593.27,N,Precision Blueprint Development_General Ledger.csv,2026-07-18T23:30:00-04:00,577b975b846904be
2026-06-01,Owner's Draw,Expense,Kelly Banuelos,Zelle payment to Baby Mama Kelly JPM99cj7v44p,-520.0,-201113.27,N,Precision Blueprint Development_General Ledger.csv,2026-07-18T23:30:00-04:00,07263e386ed30a75
2026-06-01,Owner's Draw,Expense,IRS,ORIG CO NAME:IRS ORIG ID:XXXXXX2000 DESC DATE:060126 CO ENTRY DESCR:USATAXPYMTSEC:PPD TRACE\#:XXXXXXXX7342123 EED:260601 IND ID: IND NAME:RAUL A BANUELOS JR TRN: XXXXXX2123TC,-1060.0,-202173.27,N,Precision Blueprint Development_General Ledger.csv,2026-07-18T23:30:00-04:00,10c570d185fb906d
2026-06-01,Owner's Draw,Expense,B2B Prime,B2B Prime\*BX8041FW0,-190.99,-202364.26,N,Precision Blueprint Development_General Ledger.csv,2026-07-18T23:30:00-04:00,91ff13d1b83928b0
2026-06-01,Owner's Draw,Expense,,SERVICES T\* SERVICES T,-3000.0,-205364.26,N,Precision Blueprint Development_General Ledger.csv,2026-07-18T23:30:00-04:00,a45bb9f78de3af82
2026-06-03,Owner's Draw,Expense,Spotify,Spotify USA,-13.86,-205378.12,N,Precision Blueprint Development_General Ledger.csv,2026-07-18T23:30:00-04:00,ab20837697605232
2026-06-05,Owner's Draw,Expense,Barclay Card,ORIG CO NAME:BARCLAYCARD US ORIG ID:XXXXXX7970 DESC DATE: CO ENTRY DESCR:CREDITCARDSEC:WEB TRACE\#:XXXXXXXX9963796 EED:260605 IND ID:XXXXXX2304 IND NAME:RAUL BAN UELOS TRN: XXXXXX3796 TC,-332.54,-205710.66,N,Precision Blueprint Development_General Ledger.csv,2026-07-18T23:30:00-04:00,994b2a2b1e64209e
2026-06-08,Owner's Draw,Expense,Item Transfer,Online Transfer to CHK ...3758 transaction\#: XXXXXXX3024 06/08,-2000.0,-207710.66,N,Precision Blueprint Development_General Ledger.csv,2026-07-18T23:30:00-04:00,309dec85fef944d7
2026-06-10,Owner's Draw,Expense,Anytime Dental,SUNBIT\_Anytime\_Denta San\_Tan\_Valle CA 06/10,-263.1,-207973.76,N,Precision Blueprint Development_General Ledger.csv,2026-07-18T23:30:00-04:00,1bf25103de3b125b
2026-06-15,Owner's Draw,Expense,Item Transfer,Online Transfer to CHK ...3758 transaction\#: XXXXXXX2495 06/15,-2000.0,-209973.76,N,Precision Blueprint Development_General Ledger.csv,2026-07-18T23:30:00-04:00,28248243488565a2
2026-06-15,Owner's Draw,Expense,,Online ACH Payment XXXXXXX3036 To GTI (\_\#\#\#\#\#\#9455),-1300.0,-211273.76,N,Precision Blueprint Development_General Ledger.csv,2026-07-18T23:30:00-04:00,bbe17dd0906c70a2
2026-06-16,Owner's Draw,Expense,City of Mesa (Utility Only),ORIG CO NAME:CITY OF MESA ORIG ID:XXXXXX0252 DESC DATE:260616 CO ENTRY DESCR:CHECKPYMT SEC:PPD TRACE\#:XXXXXXXX3946085 EED:260616 IND ID: IND NAME:RAUL BANUELOS TRN: XXXXXX6085 TC,-32.13,-211305.89,N,Precision Blueprint Development_General Ledger.csv,2026-07-18T23:30:00-04:00,2441a711805b7e86
2026-06-20,Owner's Draw,Expense,Kelly Banuelos,Zelle payment to Baby Mama Kelly JPM99clqiz6s,-100.0,-211405.89,N,Precision Blueprint Development_General Ledger.csv,2026-07-18T23:30:00-04:00,fa533e925c565832
2026-06-22,Owner's Draw,Expense,Item Transfer,Online Transfer to CHK ...3758 transaction\#: XXXXXXX5548 06/22,-2000.0,-213405.89,N,Precision Blueprint Development_General Ledger.csv,2026-07-18T23:30:00-04:00,6d574ca1f55fb4f2
2026-06-23,Owner's Draw,Expense,Aqua Finance,ORIG CO NAME:AQUA FINANCE INC ORIG ID:XXXXXX5890 DESC DATE: CO ENTRY DESCR:BILLPAY SEC:CCD TRACE\#:XXXXXXXX5660351 EED:260623 IND ID:460493373 IND NAME:RAUL BANU ELOS ACHXXXX7699 TRN: XXXXXX0351 TC,-200.0,-213605.89,N,Precision Blueprint Development_General Ledger.csv,2026-07-18T23:30:00-04:00,c12cfa908fd4fea7
2026-06-28,Owner's Draw,Expense,Spotify,Spotify PX4045B47B New York NY 06/28,-14.15,-213620.04,N,Precision Blueprint Development_General Ledger.csv,2026-07-18T23:30:00-04:00,3b91c3fa919a6562
2026-06-29,Owner's Draw,Expense,Item Transfer,Online Transfer to CHK ...3758 transaction\#: XXXXXXX5100 06/29,-2000.0,-215620.04,N,Precision Blueprint Development_General Ledger.csv,2026-07-18T23:30:00-04:00,e9c5329111e5129e
2026-01-16,Sales,Deposit,Amber P Lee,Zelle payment from AMBER P LEE 2 7722436094,2000.0,2000.0,N,Precision Blueprint Development_General Ledger.csv,2026-07-18T23:30:00-04:00,8ffb8f323b191ef2
2026-01-20,Sales,Deposit,Amber P Lee,Zelle payment from AMBER P LEE 2 7735145919,1475.0,3475.0,N,Precision Blueprint Development_General Ledger.csv,2026-07-18T23:30:00-04:00,df05e8462a45d3d7
2026-01-21,Sales,Deposit,,REMOTE ONLINE DEPOSIT \# 1,1757.27,5232.27,N,Precision Blueprint Development_General Ledger.csv,2026-07-18T23:30:00-04:00,6a09bc8e31c34e7b
2026-01-22,Sales,Deposit,,REMOTE ONLINE DEPOSIT \# 1,10750.0,15982.27,N,Precision Blueprint Development_General Ledger.csv,2026-07-18T23:30:00-04:00,9b2e058e81961979
2026-01-22,Sales,Deposit,,REMOTE ONLINE DEPOSIT \# 1,10094.0,26076.27,N,Precision Blueprint Development_General Ledger.csv,2026-07-18T23:30:00-04:00,ce5828d62850c361
2026-01-22,Sales,Deposit,,REMOTE ONLINE DEPOSIT \# 1,6765.85,32842.12,N,Precision Blueprint Development_General Ledger.csv,2026-07-18T23:30:00-04:00,8ac388471740f8f8
2026-01-22,Sales,Deposit,,REMOTE ONLINE DEPOSIT \# 1,1500.0,34342.12,N,Precision Blueprint Development_General Ledger.csv,2026-07-18T23:30:00-04:00,35e2d8e0c1f1d416
2026-01-22,Sales,Deposit,,REMOTE ONLINE DEPOSIT \# 1,746.9,35089.02,N,Precision Blueprint Development_General Ledger.csv,2026-07-18T23:30:00-04:00,8e08460e5a973cae
2026-02-03,Sales,Deposit,,DEPOSIT MADE IN A BRANCH/STORE,5875.0,40964.02,N,Precision Blueprint Development_General Ledger.csv,2026-07-18T23:30:00-04:00,72d953f77d117cad
2026-02-06,Sales,Deposit,,ORIG CO NAME:MERCHANT SERVICE ORIG ID:1841010148 DESC DATE:260,629.12,41593.14,N,Precision Blueprint Development_General Ledger.csv,2026-07-18T23:30:00-04:00,59b4e9a20bce906e
2026-02-10,Sales,Deposit,,REMOTE ONLINE DEPOSIT \# 1,3967.8,45560.94,N,Precision Blueprint Development_General Ledger.csv,2026-07-18T23:30:00-04:00,9ce327a71410c4dd
2026-02-12,Sales,Deposit,,DEPOSIT ID NUMBER 176975,106530.75,152091.69,N,Precision Blueprint Development_General Ledger.csv,2026-07-18T23:30:00-04:00,19ea3880968c41b4
2026-02-12,Sales,Deposit,,REMOTE ONLINE DEPOSIT \# 1,10445.14,162536.83,N,Precision Blueprint Development_General Ledger.csv,2026-07-18T23:30:00-04:00,c70129697bc8a297
2026-02-23,Sales,Deposit,,REMOTE ONLINE DEPOSIT \# 1,23971.12,186507.95,N,Precision Blueprint Development_General Ledger.csv,2026-07-18T23:30:00-04:00,1ff4807898edb2bb
2026-02-23,Sales,Deposit,,ORIG CO NAME:MERCHANT SERVICE ORIG ID:1841010148 DESC DATE:260,629.12,187137.07,N,Precision Blueprint Development_General Ledger.csv,2026-07-18T23:30:00-04:00,4a4becd6b296a9bf
2026-02-24,Sales,Deposit,,REMOTE ONLINE DEPOSIT \# 1,1497.36,188634.43,N,Precision Blueprint Development_General Ledger.csv,2026-07-18T23:30:00-04:00,cae66d1e1e35b53a
2026-02-25,Sales,Deposit,,Zelle payment from AMBER P LEE 2 8201851955,3375.0,192009.43,N,Precision Blueprint Development_General Ledger.csv,2026-07-18T23:30:00-04:00,69fa2f9ec9df46a2
2026-02-28,Sales,Journal Entry,,"Loan to Cindy & Paul 2026 Adjustment   
Per client email 3/17/26, see attachment.",-31000.0,161009.43,N,Precision Blueprint Development_General Ledger.csv,2026-07-18T23:30:00-04:00,e7a313172b734031
2026-03-02,Sales,Deposit,,REMOTE ONLINE DEPOSIT \# 1,15000.0,176009.43,N,Precision Blueprint Development_General Ledger.csv,2026-07-18T23:30:00-04:00,a907c83c5873b62a
2026-03-03,Sales,Deposit,,DEPOSIT ID NUMBER 895754,3350.0,179359.43,N,Precision Blueprint Development_General Ledger.csv,2026-07-18T23:30:00-04:00,7d860551769e5b28
2026-03-04,Sales,Deposit,,REMOTE ONLINE DEPOSIT \# 1,29158.75,208518.18,N,Precision Blueprint Development_General Ledger.csv,2026-07-18T23:30:00-04:00,05fc7f1299c34bbd
2026-03-04,Sales,Deposit,,Zelle payment from AMBER P LEE 2 8298381033,5277.5,213795.68,N,Precision Blueprint Development_General Ledger.csv,2026-07-18T23:30:00-04:00,cf6e6cf401d5783b
2026-03-05,Sales,Deposit,,ORIG CO NAME:MERCHANT SERVICE ORIG ID:1841010148 DESC DATE:260,2860.0,216655.68,N,Precision Blueprint Development_General Ledger.csv,2026-07-18T23:30:00-04:00,95879f55766d7392
2026-03-06,Sales,Deposit,,REMOTE ONLINE DEPOSIT \# 1,21750.0,238405.68,N,Precision Blueprint Development_General Ledger.csv,2026-07-18T23:30:00-04:00,c744542393b63d93
2026-03-11,Sales,Deposit,,REMOTE ONLINE DEPOSIT \# 1,2020.0,240425.68,N,Precision Blueprint Development_General Ledger.csv,2026-07-18T23:30:00-04:00,f4ad5e411937c482
2026-03-17,Sales,Deposit,,DEPOSIT ID NUMBER 179958,63918.45,304344.13,N,Precision Blueprint Development_General Ledger.csv,2026-07-18T23:30:00-04:00,6923683a35b25e14
2026-03-17,Sales,Deposit,,"FEDWIRE CREDIT VIA: WELLS FARGO BANK, N.A./121000248 B/O: BUTTER",975.61,305319.74,N,Precision Blueprint Development_General Ledger.csv,2026-07-18T23:30:00-04:00,46f8e1c7d35c4b3e
2026-03-31,Sales,Deposit,,REMOTE ONLINE DEPOSIT \# 1,7871.84,313191.58,N,Precision Blueprint Development_General Ledger.csv,2026-07-18T23:30:00-04:00,bfcc7ddb57c9b62e
2026-03-31,Sales,Deposit,,REMOTE ONLINE DEPOSIT \# 1,3039.22,316230.8,N,Precision Blueprint Development_General Ledger.csv,2026-07-18T23:30:00-04:00,257a6561374ba87a
2026-04-07,Sales,Deposit,,XXXXXXXXXXX0001/JPM99cavtv7k,5000.0,321230.8,N,Precision Blueprint Development_General Ledger.csv,2026-07-18T23:30:00-04:00,dedbea38e922afaf
2026-04-09,Sales,Deposit,,DEPOSIT ID NUMBER XX2078,2000.0,323230.8,N,Precision Blueprint Development_General Ledger.csv,2026-07-18T23:30:00-04:00,9939fc676e8f152b
2026-04-09,Sales,Deposit,,REMOTE ONLINE DEPOSIT \# 1,1365.0,324595.8,N,Precision Blueprint Development_General Ledger.csv,2026-07-18T23:30:00-04:00,ef9afdc3bfbd16dc
2026-04-13,Sales,Deposit,Merchant Service,ORIG CO NAME:MERCHANT SERVICE ORIG ID:XXXXXX0148 DESC DATE:260410 CO ENTRY DESCR:MERCH DEP SEC:CCD TRACE\#:XXXXXXXX5065109 EED:260413 IND ID:XXXXXX6335 IND NAME: PRECISION BLUEPRINT DE MERCHANT ACTIVITY TRN: XXXXXX5109 TC,811.31,325407.11,N,Precision Blueprint Development_General Ledger.csv,2026-07-18T23:30:00-04:00,e524009c41433eca
2026-04-28,Sales,Deposit,Merchant Service,ORIG CO NAME:MERCHANT SERVICE ORIG ID:XXXXXX0148 DESC DATE:260427 CO ENTRY DESCR:MERCH DEP SEC:CCD TRACE\#:XXXXXXXX6454631 EED:260428 IND ID:XXXXXX6335 IND NAME: PRECISION BLUEPRINT DE MERCHANT ACTIVITY TRN: XXXXXX4631 TC,1047.48,326454.59,N,Precision Blueprint Development_General Ledger.csv,2026-07-18T23:30:00-04:00,8885a00258c428b9
2026-05-01,Sales,Deposit,Mandarin Investments - Weavers Needle,REMOTE ONLINE DEPOSIT \# 1,4500.0,330954.59,N,Precision Blueprint Development_General Ledger.csv,2026-07-18T23:30:00-04:00,08c29494b94095fb
2026-05-05,Sales,Deposit,Precision Blueprint Development,"FEDWIRE CREDIT VIA: SELCO COMMUNITY CREDIT UNION/XXXXX4445 B/O: 1/ROBIN MCFARLANE 3/US/MESA,XXXXX-1044,AZ REF: CHASE NYC/CTR/BNF=PRECISION BLUEPRINT DEVELOPMENT LLC SAN TAN VALLEY A Z XXXXX-3892 US/AC-XXXXXXXX5980 RFB =NOTPROVIDED IMAD: 0505QMGFTXXXXX1186 TRN: XXXXXX1125 FF",2490.9,333445.49,N,Precision Blueprint Development_General Ledger.csv,2026-07-18T23:30:00-04:00,ac67bc15f1915809
2026-05-08,Sales,Deposit,,REMOTE ONLINE DEPOSIT \# 1,7400.0,340845.49,N,Precision Blueprint Development_General Ledger.csv,2026-07-18T23:30:00-04:00,3364dec29b33f9a6
2026-05-11,Sales,Deposit,,REMOTE ONLINE DEPOSIT \# 1,5490.0,346335.49,N,Precision Blueprint Development_General Ledger.csv,2026-07-18T23:30:00-04:00,70379390b8b5ad6e
2026-05-12,Sales,Deposit,,REMOTE ONLINE DEPOSIT \# 1,61265.0,407600.49,N,Precision Blueprint Development_General Ledger.csv,2026-07-18T23:30:00-04:00,6147c0cc083cb77d
2026-05-12,Sales,Deposit,Merchant Service,ORIG CO NAME:MERCHANT SERVICE ORIG ID:XXXXXX0148 DESC DATE:260511 CO ENTRY DESCR:MERCH DEP SEC:CCD TRACE\#:XXXXXXXX2326962 EED:260512 IND ID:XXXXXX6335 IND NAME: PRECISION BLUEPRINT DE MERCHANT ACTIVITY TRN: XXXXXX6962 TC,2541.91,410142.4,N,Precision Blueprint Development_General Ledger.csv,2026-07-18T23:30:00-04:00,80dd8745f0916697
2026-05-12,Sales,Deposit,Jon Jenson,REMOTE ONLINE DEPOSIT \# 1,2983.26,413125.66,N,Precision Blueprint Development_General Ledger.csv,2026-07-18T23:30:00-04:00,8f5104fca50112e3
2026-05-12,Sales,Deposit,Jon Jenson,REMOTE ONLINE DEPOSIT \# 1,2983.26,416108.92,N,Precision Blueprint Development_General Ledger.csv,2026-07-18T23:30:00-04:00,8f5104fca50112e3
2026-05-12,Sales,Deposit,Nikki Jackson,REMOTE ONLINE DEPOSIT \# 1,787.76,416896.68,N,Precision Blueprint Development_General Ledger.csv,2026-07-18T23:30:00-04:00,402e6135136a556a
2026-05-18,Sales,Deposit,Lettye Harris // Church Addition,DEPOSIT ID NUMBER XX0596,8678.57,425575.25,N,Precision Blueprint Development_General Ledger.csv,2026-07-18T23:30:00-04:00,8865a0cab5e00e15
2026-05-20,Sales,Deposit,Merchant Service,ORIG CO NAME:MERCHANT SERVICE ORIG ID:XXXXXX0148 DESC DATE:260519 CO ENTRY DESCR:MERCH DEP SEC:CCD TRACE\#:XXXXXXXX6858567 EED:260520 IND ID:XXXXXX6335 IND NAME: PRECISION BLUEPRINT DE MERCHANT ACTIVITY TRN: XXXXXX8567 TC,1047.54,426622.79,N,Precision Blueprint Development_General Ledger.csv,2026-07-18T23:30:00-04:00,9238b7943d76975f
2026-05-22,Sales,Deposit,,REMOTE ONLINE DEPOSIT \# 1,6995.0,433617.79,N,Precision Blueprint Development_General Ledger.csv,2026-07-18T23:30:00-04:00,9345a86bd6c4910b
2026-05-28,Sales,Deposit,Mike Baker,REMOTE ONLINE DEPOSIT \# 1,3039.21,436657.0,N,Precision Blueprint Development_General Ledger.csv,2026-07-18T23:30:00-04:00,8bb2fc8afe89936b
2026-05-28,Sales,Deposit,,DEPOSIT ID NUMBER XX4970,34241.69,470898.69,N,Precision Blueprint Development_General Ledger.csv,2026-07-18T23:30:00-04:00,3634f95cff770487
2026-05-29,Sales,Deposit,Kristi Kahler/Rodriguez,DEPOSIT ID NUMBER XX5574,291473.91,762372.6,N,Precision Blueprint Development_General Ledger.csv,2026-07-18T23:30:00-04:00,e94bb4607b5997ef
2026-05-29,Sales,Deposit,Merchant Service,ORIG CO NAME:MERCHANT SERVICE ORIG ID:XXXXXX0148 DESC DATE:260528 CO ENTRY DESCR:MERCH DEP SEC:CCD TRACE\#:XXXXXXXX0849446 EED:260529 IND ID:XXXXXX6335 IND NAME: PRECISION BLUEPRINT DE MERCHANT ACTIVITY TRN: XXXXXX9446 TC,4042.39,766414.99,N,Precision Blueprint Development_General Ledger.csv,2026-07-18T23:30:00-04:00,7a94f7d6c0fba81b
2026-06-03,Sales,Deposit,Merchant Service,ORIG CO NAME:MERCHANT SERVICE ORIG ID:XXXXXX0148 DESC DATE:260602 CO ENTRY DESCR:MERCH DEP SEC:CCD TRACE\#:XXXXXXXX8334681 EED:260603 IND ID:XXXXXX6335 IND NAME: PRECISION BLUEPRINT DE MERCHANT ACTIVITY TRN: XXXXXX4681 TC,404.97,766819.96,N,Precision Blueprint Development_General Ledger.csv,2026-07-18T23:30:00-04:00,601892a2ac72bc61
2026-06-10,Sales,Deposit,Patricia Crawford,REMOTE ONLINE DEPOSIT \# 1,7465.35,774285.31,N,Precision Blueprint Development_General Ledger.csv,2026-07-18T23:30:00-04:00,a57148d68c363bed
2026-06-10,Sales,Deposit,Scott Donaldson,REMOTE ONLINE DEPOSIT \# 1,1924.4,776209.71,N,Precision Blueprint Development_General Ledger.csv,2026-07-18T23:30:00-04:00,9a70eb2cf195fd9d
2026-06-10,Sales,Deposit,,REMOTE ONLINE DEPOSIT \# 1,2673.75,778883.46,N,Precision Blueprint Development_General Ledger.csv,2026-07-18T23:30:00-04:00,b7d471602ba505e7
2026-06-10,Sales,Deposit,,REMOTE ONLINE DEPOSIT \# 1,1225.0,780108.46,N,Precision Blueprint Development_General Ledger.csv,2026-07-18T23:30:00-04:00,af5503e4bebebca8
2026-06-11,Sales,Deposit,Merchant Service,ORIG CO NAME:MERCHANT SERVICE ORIG ID:XXXXXX0148 DESC DATE:260610 CO ENTRY DESCR:MERCH DEP SEC:CCD TRACE\#:XXXXXXXX0778949 EED:260611 IND ID:XXXXXX6335 IND NAME: PRECISION BLUEPRINT DE MERCHANT ACTIVITY TRN: XXXXXX8949 TC,1025.16,781133.62,N,Precision Blueprint Development_General Ledger.csv,2026-07-18T23:30:00-04:00,2d2ad319a3d6a991
2026-06-12,Sales,Deposit,Merchant Service,ORIG CO NAME:MERCHANT SERVICE ORIG ID:XXXXXX0148 DESC DATE:260611 CO ENTRY DESCR:MERCH DEP SEC:CCD TRACE\#:XXXXXXXX7029973 EED:260612 IND ID:XXXXXX6335 IND NAME: PRECISION BLUEPRINT DE MERCHANT ACTIVITY TRN: XXXXXX9973 TC,776.87,781910.49,N,Precision Blueprint Development_General Ledger.csv,2026-07-18T23:30:00-04:00,6a3366ac3ac7eb26
2026-06-12,Sales,Deposit,,REMOTE ONLINE DEPOSIT \# 1,27550.47,809460.96,N,Precision Blueprint Development_General Ledger.csv,2026-07-18T23:30:00-04:00,0b37f18b28b5c76c
2026-06-15,Sales,Deposit,Merchant Service,ORIG CO NAME:MERCHANT SERVICE ORIG ID:XXXXXX0148 DESC DATE:260612 CO ENTRY DESCR:MERCH DEP SEC:CCD TRACE\#:XXXXXXXX1987357 EED:260615 IND ID:XXXXXX6335 IND NAME: PRECISION BLUEPRINT DE MERCHANT ACTIVITY TRN: XXXXXX7357 TC,3637.41,813098.37,N,Precision Blueprint Development_General Ledger.csv,2026-07-18T23:30:00-04:00,91f216c0c3957466
2026-06-18,Sales,Deposit,Ann Purcell,DEPOSIT ID NUMBER XX2142,753.64,813852.01,N,Precision Blueprint Development_General Ledger.csv,2026-07-18T23:30:00-04:00,46f2d59f4f3a05cf
2026-06-19,Sales,Deposit,Jeff Berning,Zelle payment from JEFFREY BERNING WFCT12B6WRYK,500.0,814352.01,N,Precision Blueprint Development_General Ledger.csv,2026-07-18T23:30:00-04:00,d8d21fa154e87da1
2026-06-20,Sales,Deposit,Jeff Berning,Zelle payment from JEFFREY BERNING WFCT12B9YDCQ,500.0,814852.01,N,Precision Blueprint Development_General Ledger.csv,2026-07-18T23:30:00-04:00,3911faa98d119099
2026-06-21,Sales,Deposit,,Zelle payment from BRIAN C DODT XXXXXXX1430,500.0,815352.01,N,Precision Blueprint Development_General Ledger.csv,2026-07-18T23:30:00-04:00,ed37a1b4976b353d
2026-06-22,Sales,Deposit,Jeff Berning,Zelle payment from JEFFREY BERNING WFCT12BHPQ6L,68.0,815420.01,N,Precision Blueprint Development_General Ledger.csv,2026-07-18T23:30:00-04:00,1195c431cbd042ea
2026-06-23,Sales,Deposit,Leslie Davidson,REAL TIME TRANSFER RECD FROM ABA/CONTR BNK-XXXXX0024 FROM: Gift of Awareness LLC REF: XXXXXXX6517 INFO: TEXT- IID: XXXXXXXXXXXXX0021P1BRJPCXXXXXXX7332 RECD: 19: 03:33 TRN: XXXXXX2174 GC,899.34,816319.35,N,Precision Blueprint Development_General Ledger.csv,2026-07-18T23:30:00-04:00,347494078b7b5d06
2026-06-26,Sales,Deposit,Patricia Crawford,REMOTE ONLINE DEPOSIT \# 1,10192.85,826512.2,N,Precision Blueprint Development_General Ledger.csv,2026-07-18T23:30:00-04:00,d5561053614723f9
2026-06-26,Sales,Deposit,,Zelle payment from DENISE RICHARDS PNCAA0bIZ45h,979.42,827491.62,N,Precision Blueprint Development_General Ledger.csv,2026-07-18T23:30:00-04:00,96fc1608eee2f1dc
2026-06-29,Sales,Deposit,Brent Wookey,REMOTE ONLINE DEPOSIT \# 1,16872.7,844364.32,N,Precision Blueprint Development_General Ledger.csv,2026-07-18T23:30:00-04:00,c998b0a8eecbaa15
2026-06-29,Sales,Deposit,Merchant Service,ORIG CO NAME:MERCHANT SERVICE ORIG ID:XXXXXX0148 DESC DATE:260626 CO ENTRY DESCR:MERCH DEP SEC:CCD TRACE\#:XXXXXXXX9062961 EED:260629 IND ID:XXXXXX6335 IND NAME: PRECISION BLUEPRINT DE MERCHANT ACTIVITY TRN: XXXXXX2961 TC,257.71,844622.03,N,Precision Blueprint Development_General Ledger.csv,2026-07-18T23:30:00-04:00,21340f0d7114558c
2026-06-29,Sales,Deposit,Merchant Service,ORIG CO NAME:MERCHANT SERVICE ORIG ID:XXXXXX0148 DESC DATE:260627 CO ENTRY DESCR:MERCH DEP SEC:CCD TRACE\#:XXXXXXXX3698967 EED:260629 IND ID:XXXXXX6335 IND NAME: PRECISION BLUEPRINT DE MERCHANT ACTIVITY TRN: XXXXXX8967 TC,1025.16,845647.19,N,Precision Blueprint Development_General Ledger.csv,2026-07-18T23:30:00-04:00,206201f8ab4b66fb
2026-02-05,Commission Expense,Expense,Taylor Hagberg - Genco Consulting,Zelle payment to Taylor Hagberg JPM99c4l9g5l,245.0,245.0,N,Precision Blueprint Development_General Ledger.csv,2026-07-18T23:30:00-04:00,42cd43537f2beace
2026-02-05,Commission Expense,Expense,Taylor Hagberg - Genco Consulting,Zelle payment to Taylor Hagberg JPM99c4l9xgd,150.0,395.0,N,Precision Blueprint Development_General Ledger.csv,2026-07-18T23:30:00-04:00,3d274cdd03e33a86
2026-02-05,Commission Expense,Expense,Taylor Hagberg - Genco Consulting,Zelle payment to Taylor Hagberg JPM99c4lavew,150.0,545.0,N,Precision Blueprint Development_General Ledger.csv,2026-07-18T23:30:00-04:00,3d274cdd03e33a86
2026-02-05,Commission Expense,Expense,Taylor Hagberg - Genco Consulting,Zelle payment to Taylor Hagberg JPM99c4lb36z,150.0,695.0,N,Precision Blueprint Development_General Ledger.csv,2026-07-18T23:30:00-04:00,3d274cdd03e33a86
2026-02-05,Commission Expense,Expense,Taylor Hagberg - Genco Consulting,Zelle payment to Taylor Hagberg JPM99c4lb0f8,300.0,995.0,N,Precision Blueprint Development_General Ledger.csv,2026-07-18T23:30:00-04:00,02e5d04e4664730b
2026-02-05,Commission Expense,Expense,Taylor Hagberg - Genco Consulting,Zelle payment to Taylor Hagberg JPM99c4lbq4b,150.0,1145.0,N,Precision Blueprint Development_General Ledger.csv,2026-07-18T23:30:00-04:00,3d274cdd03e33a86
2026-03-02,Commission Expense,Expense,Taylor Hagberg - Genco Consulting,Zelle payment to Taylor Hagberg JPM99c7lzj4p,875.0,2020.0,N,Precision Blueprint Development_General Ledger.csv,2026-07-18T23:30:00-04:00,52d8bf7c2ab79036
2026-03-02,Commission Expense,Expense,Taylor Hagberg - Genco Consulting,Zelle payment to Taylor Hagberg JPM99c7lzduk,150.0,2170.0,N,Precision Blueprint Development_General Ledger.csv,2026-07-18T23:30:00-04:00,d4c50f7054bc279a
2026-03-02,Commission Expense,Expense,Taylor Hagberg - Genco Consulting,Zelle payment to Taylor Hagberg JPM99c7lzdd8,150.0,2320.0,N,Precision Blueprint Development_General Ledger.csv,2026-07-18T23:30:00-04:00,d4c50f7054bc279a
2026-03-02,Commission Expense,Expense,Taylor Hagberg - Genco Consulting,Zelle payment to Taylor Hagberg JPM99c7lz23x,1225.0,3545.0,N,Precision Blueprint Development_General Ledger.csv,2026-07-18T23:30:00-04:00,255755476a6a7368
2026-03-02,Commission Expense,Expense,Taylor Hagberg - Genco Consulting,Zelle payment to Taylor Hagberg JPM99c7lz13e,100.0,3645.0,N,Precision Blueprint Development_General Ledger.csv,2026-07-18T23:30:00-04:00,32d27ef86940fff9
2026-03-02,Commission Expense,Expense,Taylor Hagberg - Genco Consulting,Zelle payment to Taylor Hagberg JPM99c7lz0hl,460.0,4105.0,N,Precision Blueprint Development_General Ledger.csv,2026-07-18T23:30:00-04:00,d26671f5b97b71ed
2026-03-02,Commission Expense,Expense,Taylor Hagberg - Genco Consulting,Zelle payment to Taylor Hagberg JPM99c7lys2k,300.0,4405.0,N,Precision Blueprint Development_General Ledger.csv,2026-07-18T23:30:00-04:00,497bd560ae6ac803
2026-03-02,Commission Expense,Expense,Taylor Hagberg - Genco Consulting,Zelle payment to Taylor Hagberg JPM99c7lyl9n,300.0,4705.0,N,Precision Blueprint Development_General Ledger.csv,2026-07-18T23:30:00-04:00,497bd560ae6ac803
2026-03-02,Commission Expense,Expense,Taylor Hagberg - Genco Consulting,Zelle payment to Taylor Hagberg JPM99c7lyfvn,300.0,5005.0,N,Precision Blueprint Development_General Ledger.csv,2026-07-18T23:30:00-04:00,497bd560ae6ac803
2026-03-30,Commission Expense,Expense,Taylor Hagberg - Genco Consulting,Zelle payment to Taylor Hagberg JPM99cb1vt70,300.0,5305.0,N,Precision Blueprint Development_General Ledger.csv,2026-07-18T23:30:00-04:00,5ce0e8ca8fbbca01
2026-03-30,Commission Expense,Expense,Taylor Hagberg - Genco Consulting,Zelle payment to Taylor Hagberg JPM99cb1uz43,150.0,5455.0,N,Precision Blueprint Development_General Ledger.csv,2026-07-18T23:30:00-04:00,7c54e363dc5f428d
2026-03-30,Commission Expense,Expense,Taylor Hagberg - Genco Consulting,Zelle payment to Taylor Hagberg JPM99cb1uwbh,60.0,5515.0,N,Precision Blueprint Development_General Ledger.csv,2026-07-18T23:30:00-04:00,7585b68052c5447e
2026-03-30,Commission Expense,Expense,Taylor Hagberg - Genco Consulting,Zelle payment to Taylor Hagberg JPM99cb1udu4,30.0,5545.0,N,Precision Blueprint Development_General Ledger.csv,2026-07-18T23:30:00-04:00,12d2d62af0ecc8db
2026-03-30,Commission Expense,Expense,Taylor Hagberg - Genco Consulting,Zelle payment to Taylor Hagberg JPM99cb1tpus,1000.0,6545.0,N,Precision Blueprint Development_General Ledger.csv,2026-07-18T23:30:00-04:00,c07b2beb3a557785
2026-03-30,Commission Expense,Expense,Taylor Hagberg - Genco Consulting,Zelle payment to Taylor Hagberg JPM99cb1tcs4,150.0,6695.0,N,Precision Blueprint Development_General Ledger.csv,2026-07-18T23:30:00-04:00,7c54e363dc5f428d
2026-03-30,Commission Expense,Expense,Taylor Hagberg - Genco Consulting,Zelle payment to Taylor Hagberg JPM99cb1t4r5,225.0,6920.0,N,Precision Blueprint Development_General Ledger.csv,2026-07-18T23:30:00-04:00,b0736bf5fe8dfcc4
2026-03-30,Commission Expense,Expense,Taylor Hagberg - Genco Consulting,Zelle payment to Taylor Hagberg JPM99cb1spwc,805.0,7725.0,N,Precision Blueprint Development_General Ledger.csv,2026-07-18T23:30:00-04:00,50f7134138d954a6
2026-03-30,Commission Expense,Expense,Taylor Hagberg - Genco Consulting,Zelle payment to Taylor Hagberg JPM99cb1s9cn,300.0,8025.0,N,Precision Blueprint Development_General Ledger.csv,2026-07-18T23:30:00-04:00,5ce0e8ca8fbbca01
2026-03-30,Commission Expense,Expense,Taylor Hagberg - Genco Consulting,Zelle payment to Taylor Hagberg JPM99cb1s26g,235.0,8260.0,N,Precision Blueprint Development_General Ledger.csv,2026-07-18T23:30:00-04:00,735a84e97d670e4e
2026-03-30,Commission Expense,Expense,Taylor Hagberg - Genco Consulting,Zelle payment to Taylor Hagberg JPM99cb1r6jf,145.0,8405.0,N,Precision Blueprint Development_General Ledger.csv,2026-07-18T23:30:00-04:00,4e51023b1358313c
2026-05-08,Commission Expense,Expense,Taylor Hagberg - Genco Consulting,Zelle payment to Taylor Hagberg JPM99cg9bc8x,200.0,8605.0,N,Precision Blueprint Development_General Ledger.csv,2026-07-18T23:30:00-04:00,d3dbf1018423851d
2026-05-08,Commission Expense,Expense,Taylor Hagberg - Genco Consulting,Zelle payment to Taylor Hagberg JPM99cgah7my,300.0,8905.0,N,Precision Blueprint Development_General Ledger.csv,2026-07-18T23:30:00-04:00,5afe86342f83367e
2026-05-08,Commission Expense,Expense,Taylor Hagberg - Genco Consulting,Zelle payment to Taylor Hagberg JPM99cgaiv76,120.0,9025.0,N,Precision Blueprint Development_General Ledger.csv,2026-07-18T23:30:00-04:00,7c1a902f0d4f1697
2026-05-08,Commission Expense,Expense,Taylor Hagberg - Genco Consulting,Zelle payment to Taylor Hagberg JPM99cgajdar,150.0,9175.0,N,Precision Blueprint Development_General Ledger.csv,2026-07-18T23:30:00-04:00,ee117577036f0bf9
2026-05-08,Commission Expense,Expense,Taylor Hagberg - Genco Consulting,Zelle payment to Taylor Hagberg JPM99cgak16p,100.0,9275.0,N,Precision Blueprint Development_General Ledger.csv,2026-07-18T23:30:00-04:00,9c59be08a4e54df6
2026-05-08,Commission Expense,Expense,Taylor Hagberg - Genco Consulting,Zelle payment to Taylor Hagberg JPM99cgalfyk,300.0,9575.0,N,Precision Blueprint Development_General Ledger.csv,2026-07-18T23:30:00-04:00,5afe86342f83367e
2026-05-08,Commission Expense,Expense,Taylor Hagberg - Genco Consulting,Zelle payment to Taylor Hagberg JPM99cganadw,270.0,9845.0,N,Precision Blueprint Development_General Ledger.csv,2026-07-18T23:30:00-04:00,7459636a2c4c8e1e
2026-05-08,Commission Expense,Expense,Taylor Hagberg - Genco Consulting,Zelle payment to Taylor Hagberg JPM99cgap791,150.0,9995.0,N,Precision Blueprint Development_General Ledger.csv,2026-07-18T23:30:00-04:00,ee117577036f0bf9
2026-05-08,Commission Expense,Expense,Taylor Hagberg - Genco Consulting,Zelle payment to Taylor Hagberg JPM99cgapzzp,150.0,10145.0,N,Precision Blueprint Development_General Ledger.csv,2026-07-18T23:30:00-04:00,ee117577036f0bf9
2026-05-08,Commission Expense,Expense,Taylor Hagberg - Genco Consulting,Zelle payment to Taylor Hagberg JPM99cgaq4hq,300.0,10445.0,N,Precision Blueprint Development_General Ledger.csv,2026-07-18T23:30:00-04:00,5afe86342f83367e
2026-06-02,Commission Expense,Expense,Taylor Hagberg - Genco Consulting,Zelle payment to Taylor Hagberg JPM99cjcboew,300.0,10745.0,N,Precision Blueprint Development_General Ledger.csv,2026-07-18T23:30:00-04:00,044a045600d91b0b
2026-06-02,Commission Expense,Expense,Taylor Hagberg - Genco Consulting,Zelle payment to Taylor Hagberg JPM99cjcdub9,150.0,10895.0,N,Precision Blueprint Development_General Ledger.csv,2026-07-18T23:30:00-04:00,90bd4af589012147
2026-06-02,Commission Expense,Expense,Taylor Hagberg - Genco Consulting,Zelle payment to Taylor Hagberg JPM99cjchgsc,340.0,11235.0,N,Precision Blueprint Development_General Ledger.csv,2026-07-18T23:30:00-04:00,d367c90cfc2081be
2026-06-02,Commission Expense,Expense,Taylor Hagberg - Genco Consulting,Zelle payment to Taylor Hagberg JPM99cjcjo9r,150.0,11385.0,N,Precision Blueprint Development_General Ledger.csv,2026-07-18T23:30:00-04:00,90bd4af589012147
2026-06-02,Commission Expense,Expense,Taylor Hagberg - Genco Consulting,Zelle payment to Taylor Hagberg JPM99cjec00l,140.0,11525.0,N,Precision Blueprint Development_General Ledger.csv,2026-07-18T23:30:00-04:00,f80943c1f619287f
2026-06-02,Commission Expense,Expense,Taylor Hagberg - Genco Consulting,Zelle payment to Taylor Hagberg JPM99cjecdx3,240.0,11765.0,N,Precision Blueprint Development_General Ledger.csv,2026-07-18T23:30:00-04:00,857cae27ed3279cc
2026-06-02,Commission Expense,Expense,Taylor Hagberg - Genco Consulting,Zelle payment to Taylor Hagberg JPM99cjechkh,100.0,11865.0,N,Precision Blueprint Development_General Ledger.csv,2026-07-18T23:30:00-04:00,c33d4f65dab600fb
2026-06-02,Commission Expense,Expense,Taylor Hagberg - Genco Consulting,Zelle payment to Taylor Hagberg JPM99cjcbdnq,245.0,12110.0,N,Precision Blueprint Development_General Ledger.csv,2026-07-18T23:30:00-04:00,84d79af20e04ba36
2026-06-04,Commission Expense,Expense,Taylor Hagberg - Genco Consulting,Zelle payment to Taylor Hagberg JPM99cjkigga,7400.0,19510.0,N,Precision Blueprint Development_General Ledger.csv,2026-07-18T23:30:00-04:00,d3e26397aeeb3215
2026-06-12,Commission Expense,Expense,Taylor Hagberg - Genco Consulting,Zelle payment to Taylor Hagberg JPM99cklfhxm,5500.0,25010.0,N,Precision Blueprint Development_General Ledger.csv,2026-07-18T23:30:00-04:00,d0eba405bd6099a0
2026-06-13,Commission Expense,Expense,Taylor Hagberg - Genco Consulting,Zelle payment to Taylor Hagberg JPM99ckp7y06,1000.0,26010.0,N,Precision Blueprint Development_General Ledger.csv,2026-07-18T23:30:00-04:00,3caeab74582290d5
2026-06-19,Commission Expense,Expense,Taylor Hagberg - Genco Consulting,Zelle payment to Taylor Hagberg JPM99cljpigq,300.0,26310.0,N,Precision Blueprint Development_General Ledger.csv,2026-07-18T23:30:00-04:00,972ce5ff38511b18
2026-06-19,Commission Expense,Expense,Taylor Hagberg - Genco Consulting,Zelle payment to Taylor Hagberg JPM99cljq2ei,260.0,26570.0,N,Precision Blueprint Development_General Ledger.csv,2026-07-18T23:30:00-04:00,37b7d71830a6a250
2026-06-19,Commission Expense,Expense,Taylor Hagberg - Genco Consulting,Zelle payment to Taylor Hagberg JPM99cljq5ec,125.0,26695.0,N,Precision Blueprint Development_General Ledger.csv,2026-07-18T23:30:00-04:00,6a3ecbc4930c0d1e
2026-06-19,Commission Expense,Expense,Taylor Hagberg - Genco Consulting,Zelle payment to Taylor Hagberg JPM99cljq714,150.0,26845.0,N,Precision Blueprint Development_General Ledger.csv,2026-07-18T23:30:00-04:00,a6f6dd0018318bb7
2026-06-19,Commission Expense,Expense,Taylor Hagberg - Genco Consulting,Zelle payment to Taylor Hagberg JPM99cljqiac,70.0,26915.0,N,Precision Blueprint Development_General Ledger.csv,2026-07-18T23:30:00-04:00,cd664fb2fdce1884
2026-06-19,Commission Expense,Expense,Taylor Hagberg - Genco Consulting,Zelle payment to Taylor Hagberg JPM99cljqtsy,120.0,27035.0,N,Precision Blueprint Development_General Ledger.csv,2026-07-18T23:30:00-04:00,c74addefd35106b5
2026-06-19,Commission Expense,Expense,Taylor Hagberg - Genco Consulting,Zelle payment to Taylor Hagberg JPM99cljtpdq,1700.0,28735.0,N,Precision Blueprint Development_General Ledger.csv,2026-07-18T23:30:00-04:00,909eceefe4708984
2026-06-19,Commission Expense,Expense,Taylor Hagberg - Genco Consulting,Zelle payment to Taylor Hagberg JPM99cljvnsg,300.0,29035.0,N,Precision Blueprint Development_General Ledger.csv,2026-07-18T23:30:00-04:00,972ce5ff38511b18
2026-06-21,Commission Expense,Expense,brian vitale,Zelle payment to Brian Vitale \#1 XXXXXXX5050,500.0,29535.0,N,Precision Blueprint Development_General Ledger.csv,2026-07-18T23:30:00-04:00,fec8e1955a84351c
2026-06-21,Commission Expense,Expense,brian vitale,Zelle payment to Brian Vitale XXXXXXX3690,800.0,30335.0,N,Precision Blueprint Development_General Ledger.csv,2026-07-18T23:30:00-04:00,1f5b3be553e0ecbd
2026-06-22,Commission Expense,Expense,brian vitale,Zelle payment to Brian Vitale \#1 XXXXXXX6141,200.0,30535.0,N,Precision Blueprint Development_General Ledger.csv,2026-07-18T23:30:00-04:00,0441ae4a2fa764d1
2026-06-22,Commission Expense,Deposit,brian vitale,Zelle payment from BRIAN C DODT XXXXXXX6678,-200.0,30335.0,N,Precision Blueprint Development_General Ledger.csv,2026-07-18T23:30:00-04:00,ce20811ddd5959b6
2026-06-02,Cost of Goods Sold,Bill,Desert Concrete Specialists,CONCRETE - ADDITION,15900.0,15900.0,N,Precision Blueprint Development_General Ledger.csv,2026-07-18T23:30:00-04:00,255e0c8dd9b858d5
2026-06-05,Cost of Goods Sold,Bill,City of Phoenix,GENERAL CONDITIONS - DRAFTING/PERMITTING,1524.6,17424.6,N,Precision Blueprint Development_General Ledger.csv,2026-07-18T23:30:00-04:00,8708aba3891746a4
2026-06-09,Cost of Goods Sold,Bill,Blake Schneider,Uncategorized Item,800.0,18224.6,N,Precision Blueprint Development_General Ledger.csv,2026-07-18T23:30:00-04:00,55c71c74c6ff2c38
2026-06-09,Cost of Goods Sold,Bill,4 Freedom Dumpster,Uncategorized Item,456.13,18680.73,N,Precision Blueprint Development_General Ledger.csv,2026-07-18T23:30:00-04:00,4907518a17440552
2026-06-11,Cost of Goods Sold,Bill,National Construction Rental,Uncategorized Item,272.75,18953.48,N,Precision Blueprint Development_General Ledger.csv,2026-07-18T23:30:00-04:00,e6cfc1a6390c8f4c
2026-06-11,Cost of Goods Sold,Bill,Home Depot,Uncategorized Item,119.03,19072.51,N,Precision Blueprint Development_General Ledger.csv,2026-07-18T23:30:00-04:00,9d8b7257b4febd1f
2026-06-11,Cost of Goods Sold,Bill,J's Plumbing,Uncategorized Item,2000.0,21072.51,N,Precision Blueprint Development_General Ledger.csv,2026-07-18T23:30:00-04:00,b1aad3af8804d26a
2026-06-11,Cost of Goods Sold,Bill,Millers Wholesale Lumber,Uncategorized Item,49.69,21122.2,N,Precision Blueprint Development_General Ledger.csv,2026-07-18T23:30:00-04:00,1dfb4cc9313079d4
2026-06-12,Cost of Goods Sold,Bill,AZ Roofing Works,Uncategorized Item,925.0,22047.2,N,Precision Blueprint Development_General Ledger.csv,2026-07-18T23:30:00-04:00,e5bdadacab1e29e4
2026-06-12,Cost of Goods Sold,Bill,Mendoza Construction LLC,Uncategorized Item,600.0,22647.2,N,Precision Blueprint Development_General Ledger.csv,2026-07-18T23:30:00-04:00,a12daa75e4e63292
2026-06-12,Cost of Goods Sold,Bill,AZ Roofing Works,Uncategorized Item,925.0,23572.2,N,Precision Blueprint Development_General Ledger.csv,2026-07-18T23:30:00-04:00,e5bdadacab1e29e4
2026-06-15,Cost of Goods Sold,Bill,Home Depot,Uncategorized Item,133.37,23705.57,N,Precision Blueprint Development_General Ledger.csv,2026-07-18T23:30:00-04:00,6c7129d1e5c5d01e
2026-06-16,Cost of Goods Sold,Bill,Blue State Electric,Uncategorized Item,9750.0,33455.57,N,Precision Blueprint Development_General Ledger.csv,2026-07-18T23:30:00-04:00,15e76523ca021246
2026-06-16,Cost of Goods Sold,Bill,Desert Concrete Specialists,Uncategorized Item,900.0,34355.57,N,Precision Blueprint Development_General Ledger.csv,2026-07-18T23:30:00-04:00,e853603f3774060f
2026-06-16,Cost of Goods Sold,Bill,Blake Schneider,Uncategorized Item,350.0,34705.57,N,Precision Blueprint Development_General Ledger.csv,2026-07-18T23:30:00-04:00,4efc83eb81d73abb
2026-06-19,Cost of Goods Sold,Bill,Blue State Electric,ELECTRICAL - UNDERGROUND,2525.55,37231.12,N,Precision Blueprint Development_General Ledger.csv,2026-07-18T23:30:00-04:00,3e57ead3788ef20f
2026-06-22,Cost of Goods Sold,Bill,Millers Wholesale Lumber,Uncategorized Item,18.02,37249.14,N,Precision Blueprint Development_General Ledger.csv,2026-07-18T23:30:00-04:00,8f96994b6e767f68
2026-06-23,Cost of Goods Sold,Bill,Blake Schneider,GENERAL CONDITIONS - STRUCTURAL ENGINEERING FOR TRUSS REPAIR,350.0,37599.14,N,Precision Blueprint Development_General Ledger.csv,2026-07-18T23:30:00-04:00,05a648954fdbf9a9
2026-06-24,Cost of Goods Sold,Bill,Desert Concrete Specialists,CONCRETE - PAD,3800.0,41399.14,N,Precision Blueprint Development_General Ledger.csv,2026-07-18T23:30:00-04:00,cca0bccc71802817
2026-06-26,Cost of Goods Sold,Bill,Home Depot,Uncategorized Item,89.89,41489.03,N,Precision Blueprint Development_General Ledger.csv,2026-07-18T23:30:00-04:00,9ed00a384bb18970
2026-06-26,Cost of Goods Sold,Bill,Millers Wholesale Lumber,GENERAL CONDITIONS - STRUCTURAL ENGINEERING FOR TRUSS REPAIR,21.49,41510.52,N,Precision Blueprint Development_General Ledger.csv,2026-07-18T23:30:00-04:00,61eae0eda1d7bbe8
2026-06-29,Cost of Goods Sold,Bill,J's Plumbing,PLUMBING - UNDERGROUND,300.0,41810.52,N,Precision Blueprint Development_General Ledger.csv,2026-07-18T23:30:00-04:00,423a55bb032c5ca9
2026-06-30,Cost of Goods Sold,Bill,J's Plumbing,PLUMBING - ADDITION/REMODEL,600.0,42410.52,N,Precision Blueprint Development_General Ledger.csv,2026-07-18T23:30:00-04:00,a868114dae757a45
2026-06-30,Cost of Goods Sold,Bill,Rayben Design and Build,Uncategorized Item,1000.0,43410.52,N,Precision Blueprint Development_General Ledger.csv,2026-07-18T23:30:00-04:00,f3bb13ad5506bad9
2026-02-11,Disposal,Expense,4 Freedom Construction,FSP\*4 FREEDOM CONSTRUCTIO,81.22,81.22,N,Precision Blueprint Development_General Ledger.csv,2026-07-18T23:30:00-04:00,4cb0004b3586d7d2
2026-02-25,Disposal,Expense,4 Freedom Construction,FSP\*4 FREEDOM CONSTRUCTIO,456.13,537.35,N,Precision Blueprint Development_General Ledger.csv,2026-07-18T23:30:00-04:00,e8e6bdd756f629f8
2026-03-06,Disposal,Expense,4 Freedom Construction,FSP\*4 FREEDOM CONSTRUCTIO,456.13,993.48,N,Precision Blueprint Development_General Ledger.csv,2026-07-18T23:30:00-04:00,199c11534e393538
2026-03-10,Disposal,Expense,4 Freedom Construction,FSP\*4 FREEDOM CONSTRUCTIO,81.23,1074.71,N,Precision Blueprint Development_General Ledger.csv,2026-07-18T23:30:00-04:00,4255fe01d4599ed1
2026-04-27,Disposal,Expense,Freedom Dumpsters,FSP\*4FREEDOM DUMPSTERS LL,481.13,1555.84,N,Precision Blueprint Development_General Ledger.csv,2026-07-18T23:30:00-04:00,bcb1cb0f8dc1b292
2026-06-15,Disposal,Expense,Freedom Dumpsters,FSP\*4FREEDOM DUMPSTERS LL,481.13,2036.97,N,Precision Blueprint Development_General Ledger.csv,2026-07-18T23:30:00-04:00,314466583a27dc3b
2026-06-22,Disposal,Expense,Freedom Dumpsters,FSP\*4FREEDOM DUMPSTERS LL,456.13,2493.1,N,Precision Blueprint Development_General Ledger.csv,2026-07-18T23:30:00-04:00,c522ff04ec33b3fa
2026-01-20,Equipment Rental,Expense,National Construction Rentals,National Construction Ren,169.11,169.11,N,Precision Blueprint Development_General Ledger.csv,2026-07-18T23:30:00-04:00,7f7e8d0580924b70
2026-02-15,Equipment Rental,Expense,National Construction Rentals,National Construction Ren,196.38,365.49,N,Precision Blueprint Development_General Ledger.csv,2026-07-18T23:30:00-04:00,85959c2926226d74
2026-02-15,Equipment Rental,Expense,National Construction Rentals,National Construction Ren,169.11,534.6,N,Precision Blueprint Development_General Ledger.csv,2026-07-18T23:30:00-04:00,4ff184f9c3505bb3
2026-03-12,Equipment Rental,Expense,National Construction Rentals,National Construction Ren,196.38,730.98,N,Precision Blueprint Development_General Ledger.csv,2026-07-18T23:30:00-04:00,bdec1811ee351a80
2026-03-23,Equipment Rental,Expense,National Construction Rentals,National Construction Ren,169.11,900.09,N,Precision Blueprint Development_General Ledger.csv,2026-07-18T23:30:00-04:00,fd9719add4086cb0
2026-04-09,Equipment Rental,Expense,National Construction Rentals,National Construction Ren,196.38,1096.47,N,Precision Blueprint Development_General Ledger.csv,2026-07-18T23:30:00-04:00,598613d294792db1
2026-04-13,Equipment Rental,Expense,National Construction Rentals,National Construction Ren,169.11,1265.58,N,Precision Blueprint Development_General Ledger.csv,2026-07-18T23:30:00-04:00,537f0c4c1636422d
2026-04-24,Equipment Rental,Expense,National Construction Rentals,National Construction Ren,71.82,1337.4,N,Precision Blueprint Development_General Ledger.csv,2026-07-18T23:30:00-04:00,e36102389a2831a8
2026-06-11,Equipment Rental,Expense,National Construction Rentals,National Construction Ren,266.52,1603.92,N,Precision Blueprint Development_General Ledger.csv,2026-07-18T23:30:00-04:00,f4505a38d2bf02ea
2026-06-11,Equipment Rental,Expense,National Construction Rentals,National Construction Ren,589.58,2193.5,N,Precision Blueprint Development_General Ledger.csv,2026-07-18T23:30:00-04:00,bb54d07f9640876f
2026-01-01,Job Supply,Credit Card Expense,Sherwin Williams,SHERWIN-WILLIAMS708160,29.82,29.82,N,Precision Blueprint Development_General Ledger.csv,2026-07-18T23:30:00-04:00,d9b0b5a9566de732
2026-01-01,Job Supply,Credit Card Expense,Sherwin Williams,SHERWIN-WILLIAMS708160,29.81,59.63,N,Precision Blueprint Development_General Ledger.csv,2026-07-18T23:30:00-04:00,df14dc56ff34c445
2026-01-02,Job Supply,Expense,Home Depot,THE HOME DEPOT \#0458,14.85,74.48,N,Precision Blueprint Development_General Ledger.csv,2026-07-18T23:30:00-04:00,5d1cae6963f208bf
2026-01-04,Job Supply,Credit Card Expense,Sherwin Williams,SHERWIN-WILLIAMS701553,118.13,192.61,N,Precision Blueprint Development_General Ledger.csv,2026-07-18T23:30:00-04:00,dd5b21723b143e76
2026-01-04,Job Supply,Expense,Home Depot,THE HOME DEPOT \#0419,211.23,403.84,N,Precision Blueprint Development_General Ledger.csv,2026-07-18T23:30:00-04:00,d48505ef885a9e0b
2026-01-04,Job Supply,Expense,Home Depot,THE HOME DEPOT \#0419,9.28,413.12,N,Precision Blueprint Development_General Ledger.csv,2026-07-18T23:30:00-04:00,aa40ef089afe5e52
2026-01-04,Job Supply,Expense,Home Depot,THE HOME DEPOT \#0458,22.9,436.02,N,Precision Blueprint Development_General Ledger.csv,2026-07-18T23:30:00-04:00,3b8de3145cbdc6f8
2026-01-06,Job Supply,Credit Card Expense,Home Depot,,113.71,549.73,N,Precision Blueprint Development_General Ledger.csv,2026-07-18T23:30:00-04:00,8d26a4ff3531d96c
2026-01-07,Job Supply,Expense,Home Depot,THE HOME DEPOT \#0458,23.22,572.95,N,Precision Blueprint Development_General Ledger.csv,2026-07-18T23:30:00-04:00,ffffd92e83fa3c43
2026-01-07,Job Supply,Expense,Home Depot,THE HOME DEPOT \#0458,21.62,594.57,N,Precision Blueprint Development_General Ledger.csv,2026-07-18T23:30:00-04:00,3d66367f2d464160
2026-01-07,Job Supply,Expense,Home Depot,THE HOME DEPOT 458,31.35,625.92,N,Precision Blueprint Development_General Ledger.csv,2026-07-18T23:30:00-04:00,108dbdf9add54f9d
2026-01-07,Job Supply,Expense,Home Depot,THE HOME DEPOT 458,127.26,753.18,N,Precision Blueprint Development_General Ledger.csv,2026-07-18T23:30:00-04:00,7abd42d88133265c
2026-01-07,Job Supply,Expense,Home Depot,THE HOME DEPOT \#0458,75.65,828.83,N,Precision Blueprint Development_General Ledger.csv,2026-07-18T23:30:00-04:00,32bb313e45311328
2026-01-09,Job Supply,Expense,Home Depot,THE HOME DEPOT \#0458,155.27,984.1,N,Precision Blueprint Development_General Ledger.csv,2026-07-18T23:30:00-04:00,d731f91ea7910909
2026-01-12,Job Supply,Expense,Sherwin Williams,SHERWIN-WILLIAMS708955,53.69,1037.79,N,Precision Blueprint Development_General Ledger.csv,2026-07-18T23:30:00-04:00,148094ac20bb2a5c
2026-01-22,Job Supply,Expense,Discount Door and Trim,DISCOUNT DOOR AND TRIM,376.2,1413.99,N,Precision Blueprint Development_General Ledger.csv,2026-07-18T23:30:00-04:00,81b16f4e4c3f9d48
2026-01-25,Job Supply,Credit Card Expense,Home Depot,THE HOME DEPOT \#0477,32.71,1446.7,N,Precision Blueprint Development_General Ledger.csv,2026-07-18T23:30:00-04:00,75a79fffd9f19f55
2026-01-25,Job Supply,Credit Card Expense,Sherwin Williams,SHERWIN-WILLIAMS701553,197.6,1644.3,N,Precision Blueprint Development_General Ledger.csv,2026-07-18T23:30:00-04:00,7cd9f97b4c90aecc
2026-01-25,Job Supply,Credit Card Expense,Sherwin Williams,SHERWIN-WILLIAMS708160,299.44,1943.74,N,Precision Blueprint Development_General Ledger.csv,2026-07-18T23:30:00-04:00,af5d2e162b612fda
2026-01-25,Job Supply,Expense,84 Lumber,84 LUMBER \#3005,8250.58,10194.32,N,Precision Blueprint Development_General Ledger.csv,2026-07-18T23:30:00-04:00,8391b2c7f0e27203
2026-01-25,Job Supply,Expense,Discount Door and Trim,DISCOUNT DOOR AND TRIM,992.03,11186.35,N,Precision Blueprint Development_General Ledger.csv,2026-07-18T23:30:00-04:00,927d3abb90f1fab0
2026-01-26,Job Supply,Check,United SW Components,,5956.34,17142.69,N,Precision Blueprint Development_General Ledger.csv,2026-07-18T23:30:00-04:00,5fc3b36b4a4945c8
2026-01-28,Job Supply,Expense,84 Lumber,84 LUMBER \#3005,2939.74,20082.43,N,Precision Blueprint Development_General Ledger.csv,2026-07-18T23:30:00-04:00,64febc36f02c4941
2026-02-01,Job Supply,Expense,Arizona Tile,ARIZONA TILE-TEMPE,337.77,20420.2,N,Precision Blueprint Development_General Ledger.csv,2026-07-18T23:30:00-04:00,a441d44581b906d3
2026-02-01,Job Supply,Expense,Lowe's,LOWES \#02421\*,58.08,20478.28,N,Precision Blueprint Development_General Ledger.csv,2026-07-18T23:30:00-04:00,3cc44f16b0bcb56b
2026-02-03,Job Supply,Credit Card Expense,Home Depot,THE HOME DEPOT \#0419,52.8,20531.08,N,Precision Blueprint Development_General Ledger.csv,2026-07-18T23:30:00-04:00,2bf615bf4f4184e7
2026-02-03,Job Supply,Expense,Discount Door and Trim,DISCOUNT DOOR AND TRIM,59.4,20590.48,N,Precision Blueprint Development_General Ledger.csv,2026-07-18T23:30:00-04:00,1d0a99975352c289
2026-02-04,Job Supply,Credit Card Expense,Home Depot,THE HOME DEPOT 458,21.09,20611.57,N,Precision Blueprint Development_General Ledger.csv,2026-07-18T23:30:00-04:00,afdc0f80d069f144
2026-02-04,Job Supply,Credit Card Expense,Home Depot,THE HOME DEPOT 458,186.92,20798.49,N,Precision Blueprint Development_General Ledger.csv,2026-07-18T23:30:00-04:00,d15f8fb9d1e32153
2026-02-05,Job Supply,Credit Card Expense,Home Depot,THE HOME DEPOT \#0458,52.12,20850.61,N,Precision Blueprint Development_General Ledger.csv,2026-07-18T23:30:00-04:00,c4f7bde0e15e38c5
2026-02-05,Job Supply,Credit Card Expense,Home Depot,THE HOME DEPOT \#0458,307.8,21158.41,N,Precision Blueprint Development_General Ledger.csv,2026-07-18T23:30:00-04:00,19b04d505eafe4cd
2026-02-05,Job Supply,Expense,Miller Wholesale Lumber,MILLER WHOLESALE LUMBER,817.41,21975.82,N,Precision Blueprint Development_General Ledger.csv,2026-07-18T23:30:00-04:00,0d2f7294c7a52167
2026-02-06,Job Supply,Credit Card Expense,Home Depot,THE HOME DEPOT \#0458,17.73,21993.55,N,Precision Blueprint Development_General Ledger.csv,2026-07-18T23:30:00-04:00,f2d3a2042700f2e2
2026-02-06,Job Supply,Credit Card Expense,Home Depot,THE HOME DEPOT 458,40.21,22033.76,N,Precision Blueprint Development_General Ledger.csv,2026-07-18T23:30:00-04:00,da85ce15b44a7bd3
2026-02-06,Job Supply,Credit Card Expense,Home Depot,THE HOME DEPOT 458,9.3,22043.06,N,Precision Blueprint Development_General Ledger.csv,2026-07-18T23:30:00-04:00,98e9fc4b4a15c959
2026-02-06,Job Supply,Credit Card Expense,Sherwin Williams,SHERWIN-WILLIAMS708160,124.62,22167.68,N,Precision Blueprint Development_General Ledger.csv,2026-07-18T23:30:00-04:00,c07309cfd17893b6
2026-02-08,Job Supply,Credit Card Expense,Home Depot,THE HOME DEPOT \#0458,19.01,22186.69,N,Precision Blueprint Development_General Ledger.csv,2026-07-18T23:30:00-04:00,dd1723cba2ce9728
2026-02-08,Job Supply,Credit Card Expense,Sherwin Williams,SHERWIN-WILLIAMS708160,320.84,22507.53,N,Precision Blueprint Development_General Ledger.csv,2026-07-18T23:30:00-04:00,cebf0230a484f588
2026-02-08,Job Supply,Credit Card Expense,Sherwin Williams,SHERWIN-WILLIAMS708160,88.27,22595.8,N,Precision Blueprint Development_General Ledger.csv,2026-07-18T23:30:00-04:00,abc7dd1d8a447a17
2026-02-10,Job Supply,Credit Card Credit,Home Depot,THE HOME DEPOT \#0419,-32.6,22563.2,N,Precision Blueprint Development_General Ledger.csv,2026-07-18T23:30:00-04:00,97e726c21f65cf83
2026-02-10,Job Supply,Credit Card Credit,Home Depot,THE HOME DEPOT \#0419,-18.36,22544.84,N,Precision Blueprint Development_General Ledger.csv,2026-07-18T23:30:00-04:00,374621e66061337b
2026-02-10,Job Supply,Credit Card Expense,Home Depot,THE HOME DEPOT \#0419,54.74,22599.58,N,Precision Blueprint Development_General Ledger.csv,2026-07-18T23:30:00-04:00,d84f33a01e2fb3ca
2026-02-10,Job Supply,Credit Card Expense,Home Depot,THE HOME DEPOT \#0419,179.25,22778.83,N,Precision Blueprint Development_General Ledger.csv,2026-07-18T23:30:00-04:00,6a4b3f494b23fa6b
2026-02-10,Job Supply,Credit Card Expense,Sherwin Williams,SHERWIN-WILLIAMS708160,37.77,22816.6,N,Precision Blueprint Development_General Ledger.csv,2026-07-18T23:30:00-04:00,084c333691032374
2026-02-10,Job Supply,Expense,84 Lumber,84 LUMBER \#3005,366.12,23182.72,N,Precision Blueprint Development_General Ledger.csv,2026-07-18T23:30:00-04:00,d348d03fa66f81f8
2026-02-12,Job Supply,Expense,Floor & Decor,FLOOR AND DECOR 115,47.55,23230.27,N,Precision Blueprint Development_General Ledger.csv,2026-07-18T23:30:00-04:00,9e8c62eecbabaf76
2026-02-13,Job Supply,Expense,RWC Building Products,RWC BUILDING PRODUCTS - 0,8160.64,31390.91,N,Precision Blueprint Development_General Ledger.csv,2026-07-18T23:30:00-04:00,69d7c065ffbdcc23
2026-02-20,Job Supply,Expense,Home Depot,THE HOME DEPOT \#0458,12.95,31403.86,N,Precision Blueprint Development_General Ledger.csv,2026-07-18T23:30:00-04:00,4d27fc23397fda75
2026-02-20,Job Supply,Expense,Miller Wholesale Lumber,MILLER WHOLESALE LUMBER,159.9,31563.76,N,Precision Blueprint Development_General Ledger.csv,2026-07-18T23:30:00-04:00,62a781de0f413a97
2026-02-22,Job Supply,Expense,84 Lumber,84 LUMBER \#3005,166.88,31730.64,N,Precision Blueprint Development_General Ledger.csv,2026-07-18T23:30:00-04:00,0846d139ff653b73
2026-03-06,Job Supply,Expense,Home Depot,THE HOME DEPOT \#0473,46.49,31777.13,N,Precision Blueprint Development_General Ledger.csv,2026-07-18T23:30:00-04:00,feebf4913f640d61
2026-03-06,Job Supply,Expense,Home Depot,THE HOME DEPOT \#0419,24.46,31801.59,N,Precision Blueprint Development_General Ledger.csv,2026-07-18T23:30:00-04:00,46d4b3c61b002cdb
2026-03-06,Job Supply,Expense,Mountain West Windows,MOUNTAIN WEST WINDOWS,4727.16,36528.75,N,Precision Blueprint Development_General Ledger.csv,2026-07-18T23:30:00-04:00,fc5aab4ffc8fe052
2026-03-11,Job Supply,Expense,Home Depot,THE HOME DEPOT \#0415,12.09,36540.84,N,Precision Blueprint Development_General Ledger.csv,2026-07-18T23:30:00-04:00,4c835eba8f8e70b1
2026-03-12,Job Supply,Expense,ABC Supply Interiors,ABC SUPPLY INTERIORS 7504,3941.97,40482.81,N,Precision Blueprint Development_General Ledger.csv,2026-07-18T23:30:00-04:00,874a598a2bccc7a4
2026-03-12,Job Supply,Credit Card Credit,ABC Supply Interiors,ABC SUPPLY INTERIORS 7504,-769.77,39713.04,N,Precision Blueprint Development_General Ledger.csv,2026-07-18T23:30:00-04:00,f7acc0f2103d6b3c
2026-03-12,Job Supply,Expense,Home Depot,THE HOME DEPOT \#8582,1.0,39714.04,N,Precision Blueprint Development_General Ledger.csv,2026-07-18T23:30:00-04:00,bc97ff470067e15d
2026-03-12,Job Supply,Expense,Miller Wholesale Lumber,MILLER WHOLESALE LUMBER,2127.25,41841.29,N,Precision Blueprint Development_General Ledger.csv,2026-07-18T23:30:00-04:00,a349b7b90de70232
2026-03-14,Job Supply,Expense,Home Depot,THE HOME DEPOT \#8582,308.93,42150.22,N,Precision Blueprint Development_General Ledger.csv,2026-07-18T23:30:00-04:00,6b1994cc5344dc8a
2026-03-14,Job Supply,Expense,Home Depot,THE HOME DEPOT \#8582,7.47,42157.69,N,Precision Blueprint Development_General Ledger.csv,2026-07-18T23:30:00-04:00,2138ffdbbc6ffe61
2026-03-14,Job Supply,Expense,Home Depot,THE HOME DEPOT 455,109.01,42266.7,N,Precision Blueprint Development_General Ledger.csv,2026-07-18T23:30:00-04:00,b2710fb11ffed913
2026-03-16,Job Supply,Expense,Home Depot,THE HOME DEPOT \#0470,147.62,42414.32,N,Precision Blueprint Development_General Ledger.csv,2026-07-18T23:30:00-04:00,2425687d79f56b69
2026-03-17,Job Supply,Expense,Miller Wholesale Lumber,MILLER WHOLESALE LUMBER,1019.23,43433.55,N,Precision Blueprint Development_General Ledger.csv,2026-07-18T23:30:00-04:00,d501c2c2d6cd760d
2026-03-17,Job Supply,Expense,Miller Wholesale Lumber,MILLER WHOLESALE LUMBER,171.26,43604.81,N,Precision Blueprint Development_General Ledger.csv,2026-07-18T23:30:00-04:00,d177dfc7b5050393
2026-03-18,Job Supply,Expense,Miller Wholesale Lumber,MILLER WHOLESALE LUMBER,1456.65,45061.46,N,Precision Blueprint Development_General Ledger.csv,2026-07-18T23:30:00-04:00,be46cf6a6c2a3963
2026-03-19,Job Supply,Expense,Big D Floor Covering,BIG D FLOOR COVERING 24,749.23,45810.69,N,Precision Blueprint Development_General Ledger.csv,2026-07-18T23:30:00-04:00,5a35fca9e8a28378
2026-03-22,Job Supply,Credit Card Credit,Home Depot,THE HOME DEPOT \#0419,-65.41,45745.28,N,Precision Blueprint Development_General Ledger.csv,2026-07-18T23:30:00-04:00,2d71ebae734f081c
2026-03-25,Job Supply,Expense,Sherwin Williams,SHERWIN-WILLIAMSXX1116,481.87,46227.15,N,Precision Blueprint Development_General Ledger.csv,2026-07-18T23:30:00-04:00,071961c85d857153
2026-03-27,Job Supply,Expense,Home Depot,THE HOME DEPOT \#0419,197.93,46425.08,N,Precision Blueprint Development_General Ledger.csv,2026-07-18T23:30:00-04:00,12f7f9b126dd866f
2026-03-27,Job Supply,Expense,Sherwin Williams,SHERWIN-WILLIAMSXX1116,75.19,46500.27,N,Precision Blueprint Development_General Ledger.csv,2026-07-18T23:30:00-04:00,5247e7aacb67a058
2026-03-27,Job Supply,Expense,Sherwin Williams,SHERWIN-WILLIAMSXX1116,908.89,47409.16,N,Precision Blueprint Development_General Ledger.csv,2026-07-18T23:30:00-04:00,c5da59d43a037765
2026-03-28,Job Supply,Expense,Home Depot,THE HOME DEPOT \#0419,77.55,47486.71,N,Precision Blueprint Development_General Ledger.csv,2026-07-18T23:30:00-04:00,fa23bde8a19d559f
2026-03-31,Job Supply,Expense,Sherwin Williams,SHERWIN-WILLIAMSXX1116,323.51,47810.22,N,Precision Blueprint Development_General Ledger.csv,2026-07-18T23:30:00-04:00,1de9fe0dfa6db6c1
2026-03-31,Job Supply,Expense,Sherwin Williams,SHERWIN-WILLIAMSXX1116,6.59,47816.81,N,Precision Blueprint Development_General Ledger.csv,2026-07-18T23:30:00-04:00,7327566290c73b5a
2026-04-06,Job Supply,Expense,Sherwin Williams,SHERWIN-WILLIAMSXX8122,168.75,47985.56,N,Precision Blueprint Development_General Ledger.csv,2026-07-18T23:30:00-04:00,575e578b452209b8
2026-04-07,Job Supply,Expense,Sherwin Williams,SHERWIN-WILLIAMSXX1116,914.82,48900.38,N,Precision Blueprint Development_General Ledger.csv,2026-07-18T23:30:00-04:00,bdf188ed20d955a3
2026-04-08,Job Supply,Deposit,,MOBILE DEPOSIT : REF NUMBER :XXXXXXXX4431,-371.11,48529.27,N,Precision Blueprint Development_General Ledger.csv,2026-07-18T23:30:00-04:00,a89cdd540d6b30f2
2026-04-11,Job Supply,Expense,Home Depot,THE HOME DEPOT \#0419,171.96,48701.23,N,Precision Blueprint Development_General Ledger.csv,2026-07-18T23:30:00-04:00,401e4f1e6315676c
2026-04-11,Job Supply,Credit Card Credit,Home Depot,THE HOME DEPOT \#0419,-196.93,48504.3,N,Precision Blueprint Development_General Ledger.csv,2026-07-18T23:30:00-04:00,b73468b114361546
2026-04-11,Job Supply,Expense,Home Depot,THE HOME DEPOT \#0419,57.49,48561.79,N,Precision Blueprint Development_General Ledger.csv,2026-07-18T23:30:00-04:00,fac0d55777d83556
2026-04-13,Job Supply,Expense,Diamond Kitchen & Bath,DIAMOND KITCHEN AND BATH,8688.41,57250.2,N,Precision Blueprint Development_General Ledger.csv,2026-07-18T23:30:00-04:00,1724416d7987f0e7
2026-04-16,Job Supply,Expense,Home Depot,THE HOME DEPOT \#0458,64.57,57314.77,N,Precision Blueprint Development_General Ledger.csv,2026-07-18T23:30:00-04:00,c1068a8992bee33c
2026-04-17,Job Supply,Expense,Home Depot,THE HOME DEPOT \#0658,24.61,57339.38,N,Precision Blueprint Development_General Ledger.csv,2026-07-18T23:30:00-04:00,c4cf0b34843904f5
2026-04-21,Job Supply,Expense,Miller Wholesale Lumber,MILLER WHOLESALE LUMBER,67.13,57406.51,N,Precision Blueprint Development_General Ledger.csv,2026-07-18T23:30:00-04:00,8b99bb4ac5a584b5
2026-04-21,Job Supply,Expense,Miller Wholesale Lumber,MILLER WHOLESALE LUMBER,196.92,57603.43,N,Precision Blueprint Development_General Ledger.csv,2026-07-18T23:30:00-04:00,dd5d77dd596d776d
2026-04-22,Job Supply,Expense,ABC Supply Interiors,ABC SUPPLY INTERIORS 7504,3505.46,61108.89,N,Precision Blueprint Development_General Ledger.csv,2026-07-18T23:30:00-04:00,b60dfad7e5d950cd
2026-04-23,Job Supply,Credit Card Credit,ABC Supply Interiors,ABC SUPPLY INTERIORS 7504,-303.91,60804.98,N,Precision Blueprint Development_General Ledger.csv,2026-07-18T23:30:00-04:00,d24f9269ab1a2a0e
2026-04-25,Job Supply,Expense,84 Lumber,84 LUMBER \#3005,310.47,61115.45,N,Precision Blueprint Development_General Ledger.csv,2026-07-18T23:30:00-04:00,d3d3fd8182d04fe2
2026-04-28,Job Supply,Expense,Mountain West Windows,MOUNTAIN WEST WINDOWS,4727.17,65842.62,N,Precision Blueprint Development_General Ledger.csv,2026-07-18T23:30:00-04:00,5a8c8d979b2c0c15
2026-04-30,Job Supply,Expense,,"ORIG CO NAME:MOUNTAIN AMERICA ORIG ID:XXXXXX5678 DESC DATE:APR 30 CO ENTRY DESCR:PAMT SEC:PPD TRACE\#:XXXXXXXX6274007 EED:260430 IND ID: IND NAME:BANUELOS,RAUL A TRN: XXXXXX4007 TC",1000.0,66842.62,N,Precision Blueprint Development_General Ledger.csv,2026-07-18T23:30:00-04:00,7436cb29b6eff1fa
2026-05-01,Job Supply,Credit Card Credit,Discount Door and Trim,DISCOUNT DOOR AND TRIM,-15.61,66827.01,N,Precision Blueprint Development_General Ledger.csv,2026-07-18T23:30:00-04:00,c741bbbb82dd4365
2026-05-01,Job Supply,Expense,Discount Door and Trim,DISCOUNT DOOR AND TRIM,203.71,67030.72,N,Precision Blueprint Development_General Ledger.csv,2026-07-18T23:30:00-04:00,6a22ab74f836159b
2026-05-04,Job Supply,Expense,Big D Floor Covering,BIG D FLOOR COVERING SUPP,436.76,67467.48,N,Precision Blueprint Development_General Ledger.csv,2026-07-18T23:30:00-04:00,0120a42eb9c48b24
2026-05-04,Job Supply,Expense,Miller Wholesale Lumber,MILLER WHOLESALE LUMBER,96.44,67563.92,N,Precision Blueprint Development_General Ledger.csv,2026-07-18T23:30:00-04:00,e85e268dac13b1e2
2026-05-08,Job Supply,Expense,Sherwin Williams,SHERWIN-WILLIAMSXX1116,544.66,68108.58,N,Precision Blueprint Development_General Ledger.csv,2026-07-18T23:30:00-04:00,ec33dbf5153c635b
2026-05-08,Job Supply,Expense,Miller Wholesale Lumber,MILLER WHOLESALE LUMBER,79.66,68188.24,N,Precision Blueprint Development_General Ledger.csv,2026-07-18T23:30:00-04:00,362ad23143c63cbb
2026-05-09,Job Supply,Expense,Sherwin Williams,SHERWIN-WILLIAMSXX1116,58.15,68246.39,N,Precision Blueprint Development_General Ledger.csv,2026-07-18T23:30:00-04:00,0b5a267d5f2c92c5
2026-05-10,Job Supply,Credit Card Credit,Home Depot,THE HOME DEPOT \#0419,-86.24,68160.15,N,Precision Blueprint Development_General Ledger.csv,2026-07-18T23:30:00-04:00,a4dc6a9c5dca58eb
2026-05-11,Job Supply,Expense,Home Depot,THE HOME DEPOT \#0419,29.81,68189.96,N,Precision Blueprint Development_General Ledger.csv,2026-07-18T23:30:00-04:00,471bfdc062637255
2026-05-11,Job Supply,Expense,Home Depot,THE HOME DEPOT \#0458,4.58,68194.54,N,Precision Blueprint Development_General Ledger.csv,2026-07-18T23:30:00-04:00,994db336ccb186e5
2026-05-11,Job Supply,Expense,Sherwin Williams,SHERWIN-WILLIAMSXX8032,78.9,68273.44,N,Precision Blueprint Development_General Ledger.csv,2026-07-18T23:30:00-04:00,dc2f709d9c3fddee
2026-05-12,Job Supply,Expense,Miller Wholesale Lumber,MILLER WHOLESALE LUMBER,23.14,68296.58,N,Precision Blueprint Development_General Ledger.csv,2026-07-18T23:30:00-04:00,a03df8129bfca2c3
2026-05-13,Job Supply,Credit Card Expense,,REMODEL FAVOR,99.0,68395.58,N,Precision Blueprint Development_General Ledger.csv,2026-07-18T23:30:00-04:00,774b929b06039877
2026-05-15,Job Supply,Expense,Sherwin Williams,SHERWIN-WILLIAMSXX1116,198.71,68594.29,N,Precision Blueprint Development_General Ledger.csv,2026-07-18T23:30:00-04:00,f0518bc09ffe8dba
2026-05-22,Job Supply,Expense,Home Depot,THE HOME DEPOT 470,134.14,68728.43,N,Precision Blueprint Development_General Ledger.csv,2026-07-18T23:30:00-04:00,efb58a4f0f63441d
2026-05-25,Job Supply,Expense,Home Depot,HOMEDEPOT.COM,152.51,68880.94,N,Precision Blueprint Development_General Ledger.csv,2026-07-18T23:30:00-04:00,914bb5dc947932a4
2026-05-29,Job Supply,Expense,,"ORIG CO NAME:MOUNTAIN AMERICA ORIG ID:XXXXXX5678 DESC DATE:MAY 29 CO ENTRY DESCR:PAMT SEC:PPD TRACE\#:XXXXXXXX4107846 EED:260529 IND ID: IND NAME:BANUELOS,RAUL A TRN: XXXXXX7846 TC",1000.0,69880.94,N,Precision Blueprint Development_General Ledger.csv,2026-07-18T23:30:00-04:00,43432f67c6a36ff8
2026-06-06,Job Supply,Expense,Home Depot,THE HOME DEPOT \#0419,219.43,70100.37,N,Precision Blueprint Development_General Ledger.csv,2026-07-18T23:30:00-04:00,9d3a12741e5e0171
2026-06-07,Job Supply,Expense,Spencers Appliance,SPENCERS TV & APPLNCS 03,2518.01,72618.38,N,Precision Blueprint Development_General Ledger.csv,2026-07-18T23:30:00-04:00,50314f15e899c18d
2026-06-09,Job Supply,Expense,Home Depot,THE HOME DEPOT \#6862,108.41,72726.79,N,Precision Blueprint Development_General Ledger.csv,2026-07-18T23:30:00-04:00,37650bc04026f1ca
2026-06-09,Job Supply,Credit Card Credit,Home Depot,THE HOME DEPOT \#0458,-152.51,72574.28,N,Precision Blueprint Development_General Ledger.csv,2026-07-18T23:30:00-04:00,d25c531afb9e5116
2026-06-13,Job Supply,Expense,Home Depot,THE HOME DEPOT 0419,232.65,72806.93,N,Precision Blueprint Development_General Ledger.csv,2026-07-18T23:30:00-04:00,0d983052d15e3f3c
2026-06-13,Job Supply,Expense,Sherwin Williams,SHERWIN-WILLIAMSXX8071,563.35,73370.28,N,Precision Blueprint Development_General Ledger.csv,2026-07-18T23:30:00-04:00,b36ce560085bd842
2026-06-16,Job Supply,Credit Card Expense,,REMODEL FAVOR,99.0,73469.28,N,Precision Blueprint Development_General Ledger.csv,2026-07-18T23:30:00-04:00,338e0e24e97307b4
2026-06-20,Job Supply,Expense,Home Depot,THE HOME DEPOT 0419,264.49,73733.77,N,Precision Blueprint Development_General Ledger.csv,2026-07-18T23:30:00-04:00,d129ac94cf761e31
2026-06-20,Job Supply,Credit Card Credit,Home Depot,THE HOME DEPOT \#0419,-82.97,73650.8,N,Precision Blueprint Development_General Ledger.csv,2026-07-18T23:30:00-04:00,81278dcf84fcb627
2026-06-20,Job Supply,Expense,Sherwin Williams,SHERWIN-WILLIAMSXX1553,252.73,73903.53,N,Precision Blueprint Development_General Ledger.csv,2026-07-18T23:30:00-04:00,37d9060d3fb2647c
2026-06-22,Job Supply,Expense,Sherwin Williams,SHERWIN-WILLIAMSXX8160,168.06,74071.59,N,Precision Blueprint Development_General Ledger.csv,2026-07-18T23:30:00-04:00,d77b5cf143b42327
2026-06-23,Job Supply,Expense,Home Depot,THE HOME DEPOT \#0458,127.37,74198.96,N,Precision Blueprint Development_General Ledger.csv,2026-07-18T23:30:00-04:00,33f380a9b900a2c3
2026-06-23,Job Supply,Expense,Sherwin Williams,SHERWIN-WILLIAMSXX1553,95.33,74294.29,N,Precision Blueprint Development_General Ledger.csv,2026-07-18T23:30:00-04:00,68b368cbdbff9dc8
2026-06-12,License & Permit,Expense,Arizona Contrarctor's Licensing,ARIZONA CONTRACTOR LICENS,2669.0,2669.0,N,Precision Blueprint Development_General Ledger.csv,2026-07-18T23:30:00-04:00,e69babb1cc0f6028
2026-03-25,Plans,Expense,Maricopa Planning Department,AZ MARICOPA COUNTY,337.26,337.26,N,Precision Blueprint Development_General Ledger.csv,2026-07-18T23:30:00-04:00,8018bdc59a3d5224
2026-04-14,Plans,Expense,Maricopa Planning Department,AZ MARICOPA COUNTY,1847.94,2185.2,N,Precision Blueprint Development_General Ledger.csv,2026-07-18T23:30:00-04:00,15f20dd71cd02f0f
2026-05-06,Plans,Expense,Maricopa Planning Department,AZ MARICOPA COUNTY,210.0,2395.2,N,Precision Blueprint Development_General Ledger.csv,2026-07-18T23:30:00-04:00,bb582f112a4060cb
2026-05-12,Plans,Expense,Mesa Blueprint,"MESA BLUEPRINT, LLC",23.39,2418.59,N,Precision Blueprint Development_General Ledger.csv,2026-07-18T23:30:00-04:00,51a2240ac47e44b0
2026-05-22,Plans,Expense,,Zelle payment to Jaxy JPM99chy9u1d,200.0,2618.59,N,Precision Blueprint Development_General Ledger.csv,2026-07-18T23:30:00-04:00,0c792db1be470244
2026-05-29,Plans,Expense,Mesa Blueprint,"MESA BLUEPRINT, LLC",23.39,2641.98,N,Precision Blueprint Development_General Ledger.csv,2026-07-18T23:30:00-04:00,e95a0fb9481bcb48
2026-06-08,Plans,Expense,Maricopa Planning Department,AZ MARICOPA COUNTY,2673.75,5315.73,N,Precision Blueprint Development_General Ledger.csv,2026-07-18T23:30:00-04:00,66af77cd57a0552d
2026-06-09,Plans,Expense,Mesa Blueprint,"MESA BLUEPRINT, LLC",46.79,5362.52,N,Precision Blueprint Development_General Ledger.csv,2026-07-18T23:30:00-04:00,f2374bd891b9df5e
2026-01-01,Sub-Contractors,Expense,Diamond Kitchen & Bath,DIAMOND KITCHEN AND BATH,10000.0,10000.0,Y,Precision Blueprint Development_General Ledger.csv,2026-07-18T23:30:00-04:00,5f36dc32a26deab3
2026-01-02,Sub-Contractors,Expense,Juan Moreno,Zelle payment to Juan Moreno JPM 99c0ou0g8,1000.0,11000.0,Y,Precision Blueprint Development_General Ledger.csv,2026-07-18T23:30:00-04:00,623353a7329ef887
2026-01-05,Sub-Contractors,Expense,Ramon Design,Zelle payment to Ramon design v alencia JPM99c0zc2yf,1200.0,12200.0,Y,Precision Blueprint Development_General Ledger.csv,2026-07-18T23:30:00-04:00,1c53d193024c9357
2026-01-08,Sub-Contractors,Expense,J's Plumbing LLC - Juan Garcia,Zelle payment to Juan J's Plumbi ng LLC Garcia JPM99c1chaeh,5000.0,17200.0,Y,Precision Blueprint Development_General Ledger.csv,2026-07-18T23:30:00-04:00,a776acd9ff2c6d89
2026-01-12,Sub-Contractors,Expense,Ramon Design,Zelle payment to Ramon design v alencia JPM99c1rdj1u,1200.0,18400.0,Y,Precision Blueprint Development_General Ledger.csv,2026-07-18T23:30:00-04:00,2bccd16bb4f5a963
2026-01-12,Sub-Contractors,Expense,Desert Concrete Specialists/Edgar Ramirez,Zelle payment to Edgar Ramirez 2 7657610780,1800.0,20200.0,Y,Precision Blueprint Development_General Ledger.csv,2026-07-18T23:30:00-04:00,529fa72e6f2eb107
2026-01-14,Sub-Contractors,Expense,J's Plumbing LLC - Juan Garcia,Zelle payment to Juan J's Plumbi ng LLC Garcia JPM99c20lyck,300.0,20500.0,Y,Precision Blueprint Development_General Ledger.csv,2026-07-18T23:30:00-04:00,ec0325ee0a677f3c
2026-01-14,Sub-Contractors,Expense,J's Plumbing LLC - Juan Garcia,Zelle payment to Juan J's Plumbi ng LLC Garcia JPM99c20lzeq,2700.0,23200.0,Y,Precision Blueprint Development_General Ledger.csv,2026-07-18T23:30:00-04:00,82997bbe282c9804
2026-01-15,Sub-Contractors,Expense,Mendoza Construction LLC - Jose Mendoza,Zelle payment to JoseMendoza Con struction LLC. Me JPM99c23qt9w,300.0,23500.0,Y,Precision Blueprint Development_General Ledger.csv,2026-07-18T23:30:00-04:00,41fa863935b1d898
2026-01-15,Sub-Contractors,Expense,Mendoza Construction LLC - Jose Mendoza,Zelle payment to JoseMendoza Con struction LLC. Me JPM99c23r3wc,250.0,23750.0,Y,Precision Blueprint Development_General Ledger.csv,2026-07-18T23:30:00-04:00,ac012974f25a39a1
2026-01-16,Sub-Contractors,Expense,Navarro Roofing - Yajaira Cineros Chacon,Zelle payment to Yajaira Navarr o Roofing Cisnero JPM99c2a80zo,2000.0,25750.0,Y,Precision Blueprint Development_General Ledger.csv,2026-07-18T23:30:00-04:00,5e1f1bf39f526bcc
2026-01-16,Sub-Contractors,Expense,Aaron Design,Zelle payment to Aaron Design 2 7726826325,3500.0,29250.0,Y,Precision Blueprint Development_General Ledger.csv,2026-07-18T23:30:00-04:00,6fc70404b2dc489e
2026-01-16,Sub-Contractors,Expense,Evans Professional,IN \*EVANS PROFESSIONAL,1390.0,30640.0,Y,Precision Blueprint Development_General Ledger.csv,2026-07-18T23:30:00-04:00,0042bd759c946c39
2026-01-16,Sub-Contractors,Credit Card Credit,Evans Professional,IN \*EVANS PROFESSIONAL,-1390.0,29250.0,Y,Precision Blueprint Development_General Ledger.csv,2026-07-18T23:30:00-04:00,aef90bbe97a7ea09
2026-01-20,Sub-Contractors,Expense,Ramon Design,Zelle payment to Ramon design v alencia JPM99c2o4qm2,1200.0,30450.0,Y,Precision Blueprint Development_General Ledger.csv,2026-07-18T23:30:00-04:00,910c8b0e6192fcb2
2026-01-20,Sub-Contractors,Expense,Neshijan LLC,Zelle payment to Neshijan LLC JP M99c2cz3nz,20.0,30470.0,Y,Precision Blueprint Development_General Ledger.csv,2026-07-18T23:30:00-04:00,064e84ba9f53b40c
2026-01-20,Sub-Contractors,Expense,Marin Construction LLC - Jose Marin,Zelle payment to FramerJose Mari n BULD JPM99c2odivb,2000.0,32470.0,Y,Precision Blueprint Development_General Ledger.csv,2026-07-18T23:30:00-04:00,69b0bf913aa44d2c
2026-01-20,Sub-Contractors,Expense,Gardel Engineering,GARDEL ENGINEERING LLC,1800.0,34270.0,Y,Precision Blueprint Development_General Ledger.csv,2026-07-18T23:30:00-04:00,a750b5175b699c5f
2026-01-23,Sub-Contractors,Expense,Desert Concrete Specialists/Edgar Ramirez,Zelle payment to Edgar Ramirez 2 7797117353,950.0,35220.0,Y,Precision Blueprint Development_General Ledger.csv,2026-07-18T23:30:00-04:00,cf00451c705d529e
2026-01-23,Sub-Contractors,Expense,Desert Concrete Specialists/Edgar Ramirez,Zelle payment to Edgar Ramirez 2 7797164300,5000.0,40220.0,Y,Precision Blueprint Development_General Ledger.csv,2026-07-18T23:30:00-04:00,97bc2f65ba4810d9
2026-01-25,Sub-Contractors,Expense,Juan Carlos Hernandez/Fly Promotions,IN \*FLY PROMOTIONS LLC,400.0,40620.0,Y,Precision Blueprint Development_General Ledger.csv,2026-07-18T23:30:00-04:00,210a3f1322937022
2026-01-26,Sub-Contractors,Expense,Ramon Design,Zelle payment to Ramon design v alencia JPM99c3cifcv,1200.0,41820.0,Y,Precision Blueprint Development_General Ledger.csv,2026-07-18T23:30:00-04:00,08e1e1cc9c23ff32
2026-01-26,Sub-Contractors,Expense,Marin Construction LLC - Jose Marin,Zelle payment to FramerJose Mari n BULD JPM99c38qn4a,5000.0,46820.0,Y,Precision Blueprint Development_General Ledger.csv,2026-07-18T23:30:00-04:00,40e32bc507d1934a
2026-01-26,Sub-Contractors,Expense,Desert Concrete Specialists/Edgar Ramirez,Zelle payment to Edgar Ramirez 2 7813933973,5000.0,51820.0,Y,Precision Blueprint Development_General Ledger.csv,2026-07-18T23:30:00-04:00,f963d8b095fbd022
2026-01-27,Sub-Contractors,Expense,RayBen Design & Build - Raymond Bencomod,SQ \*RAYBEN DESIGN & BUILD,3501.22,55321.22,Y,Precision Blueprint Development_General Ledger.csv,2026-07-18T23:30:00-04:00,fce773dfac5de9e8
2026-01-27,Sub-Contractors,Expense,Juan Carlos Hernandez/Fly Promotions,IN \*FLY PROMOTIONS LLC,400.0,55721.22,Y,Precision Blueprint Development_General Ledger.csv,2026-07-18T23:30:00-04:00,f572657a0781787b
2026-01-28,Sub-Contractors,Expense,Desert Concrete Specialists/Edgar Ramirez,Zelle payment to Edgar Desert co ncrete Ramirez 27854417229,6015.0,61736.22,Y,Precision Blueprint Development_General Ledger.csv,2026-07-18T23:30:00-04:00,edb24d9e1622de5c
2026-01-28,Sub-Contractors,Expense,Budget Brothers Termite,WWP\*BUDGET BROS & PHOENIX,1595.0,63331.22,Y,Precision Blueprint Development_General Ledger.csv,2026-07-18T23:30:00-04:00,4292a4cfa26aa67c
2026-02-02,Sub-Contractors,Expense,Marin Construction LLC - Jose Marin,Zelle payment to FramerJose Mari n BULD JPM99c44omqf,5000.0,68331.22,Y,Precision Blueprint Development_General Ledger.csv,2026-07-18T23:30:00-04:00,1a87d8e5a316ffa5
2026-02-02,Sub-Contractors,Expense,Ramon Design,Zelle payment to Ramon design v alencia JPM99c46s71t,1200.0,69531.22,Y,Precision Blueprint Development_General Ledger.csv,2026-07-18T23:30:00-04:00,372e8bd351534305
2026-02-04,Sub-Contractors,Expense,Montiel Windows and Door,Zelle payment to DanielMonteiel Door & Windows Mo JPM99c4ehizk,800.0,70331.22,Y,Precision Blueprint Development_General Ledger.csv,2026-07-18T23:30:00-04:00,cc09930026a687c7
2026-02-09,Sub-Contractors,Expense,Marin Construction LLC - Jose Marin,Zelle payment to FramerJose Mari n BULD JPM99c4yajus,5000.0,75331.22,Y,Precision Blueprint Development_General Ledger.csv,2026-07-18T23:30:00-04:00,8615067b8f5387db
2026-02-10,Sub-Contractors,Expense,Ramon Design,Zelle payment to Ramon design v alencia JPM99c56xjtz,1200.0,76531.22,Y,Precision Blueprint Development_General Ledger.csv,2026-07-18T23:30:00-04:00,693bd5d0e76b9d69
2026-02-10,Sub-Contractors,Expense,Montiel Windows and Door,Zelle payment to DanielMonteiel Door & Windows Mo JPM99c57mzkx,2593.97,79125.19,Y,Precision Blueprint Development_General Ledger.csv,2026-07-18T23:30:00-04:00,e9446e78c06e1ddf
2026-02-10,Sub-Contractors,Expense,Aaron Design,Zelle payment to Aaron Design 2 8023062925,3029.0,82154.19,Y,Precision Blueprint Development_General Ledger.csv,2026-07-18T23:30:00-04:00,4d2c229a662a65da
2026-02-12,Sub-Contractors,Expense,H & M Electric Company LLC - Herman Macharro,Zelle payment to Herman Machorro JPM99c5fkh8l,5000.0,87154.19,Y,Precision Blueprint Development_General Ledger.csv,2026-07-18T23:30:00-04:00,9acbee576337aecd
2026-02-12,Sub-Contractors,Expense,Schneider Structural,"IN \*SCHNEIDER STRUCTURAL,",350.0,87504.19,Y,Precision Blueprint Development_General Ledger.csv,2026-07-18T23:30:00-04:00,eaf9cb8b14ccee7f
2026-02-13,Sub-Contractors,Expense,Marin Construction LLC - Jose Marin,Zelle payment to FramerJose Mari n BULD JPM99c5gps5q,2500.0,90004.19,Y,Precision Blueprint Development_General Ledger.csv,2026-07-18T23:30:00-04:00,815b8ff987eaee20
2026-02-13,Sub-Contractors,Expense,H & M Electric Company LLC - Herman Macharro,Zelle payment to Herman Machorro JPM99c5ic0bs,2000.0,92004.19,Y,Precision Blueprint Development_General Ledger.csv,2026-07-18T23:30:00-04:00,e8dc5fd3f8e43cce
2026-02-16,Sub-Contractors,Expense,Greenleaf Pest Control,GREENLEAF PEST CONTROL,180.0,92184.19,Y,Precision Blueprint Development_General Ledger.csv,2026-07-18T23:30:00-04:00,cdd12d9ad5cb5c41
2026-02-17,Sub-Contractors,Expense,Navarro Roofing - Yajaira Cineros Chacon,Zelle payment to Yajaira Navarr o Roofing Cisnero JPM99c5xw39x,3400.0,95584.19,Y,Precision Blueprint Development_General Ledger.csv,2026-07-18T23:30:00-04:00,d97845f5f284dc86
2026-02-17,Sub-Contractors,Expense,Ramon Design,Zelle payment to Ramon design v alencia JPM99c5x5umy,1200.0,96784.19,Y,Precision Blueprint Development_General Ledger.csv,2026-07-18T23:30:00-04:00,b56a1f9767b41b84
2026-02-17,Sub-Contractors,Expense,H & M Electric Company LLC - Herman Macharro,Zelle payment to Herman Machorro JPM99c618knt,3329.0,100113.19,Y,Precision Blueprint Development_General Ledger.csv,2026-07-18T23:30:00-04:00,1d7fa435a31413d9
2026-02-18,Sub-Contractors,Expense,True North Air Conditioning LLC,TRUE NORTH AIR CONDITIONI,15300.0,115413.19,Y,Precision Blueprint Development_General Ledger.csv,2026-07-18T23:30:00-04:00,3b7fddfe9894c4b9
2026-02-18,Sub-Contractors,Expense,Schneider Structural,"IN \*SCHNEIDER STRUCTURAL,",350.0,115763.19,Y,Precision Blueprint Development_General Ledger.csv,2026-07-18T23:30:00-04:00,d129ee560eef2606
2026-02-20,Sub-Contractors,Expense,J's Plumbing LLC - Juan Garcia,Zelle payment to Juan J's Plumbi ng LLC Garcia JPM99c6fnib5,5000.0,120763.19,Y,Precision Blueprint Development_General Ledger.csv,2026-07-18T23:30:00-04:00,1946b645176e7b69
2026-02-23,Sub-Contractors,Expense,Marin Construction LLC - Jose Marin,Zelle payment to FramerJose Mari n BULD JPM99c6ik8rr,600.0,121363.19,Y,Precision Blueprint Development_General Ledger.csv,2026-07-18T23:30:00-04:00,79e9a2da6a1e531f
2026-02-23,Sub-Contractors,Expense,Marin Construction LLC - Jose Marin,Zelle payment to FramerJose Mari n BULD JPM99c6l284d,1200.0,122563.19,Y,Precision Blueprint Development_General Ledger.csv,2026-07-18T23:30:00-04:00,a18fdaf0b2d02b32
2026-02-23,Sub-Contractors,Check,Antonio Valdivia,"""Alex Boese""",400.0,122963.19,Y,Precision Blueprint Development_General Ledger.csv,2026-07-18T23:30:00-04:00,56621a6b6aac31bb
2026-02-24,Sub-Contractors,Expense,Ramon Design,Zelle payment to Ramon design v alencia JPM99c6vxn7a,1200.0,124163.19,Y,Precision Blueprint Development_General Ledger.csv,2026-07-18T23:30:00-04:00,db88786eaed2ed57
2026-02-24,Sub-Contractors,Check,Raymundo Talamantes,"""Alex Boese""",400.0,124563.19,Y,Precision Blueprint Development_General Ledger.csv,2026-07-18T23:30:00-04:00,6fe595df49ce3655
2026-02-25,Sub-Contractors,Expense,Jeff Kendall Garage Doors,Zelle payment to Jeff ( Garage D oors) Kendall JPM99c6yla0x,5000.0,129563.19,Y,Precision Blueprint Development_General Ledger.csv,2026-07-18T23:30:00-04:00,d9c129a1622f302b
2026-02-25,Sub-Contractors,Expense,Overhead Doors,JTS OVERHEAD DOORS,13242.6,142805.79,Y,Precision Blueprint Development_General Ledger.csv,2026-07-18T23:30:00-04:00,57d628f040217e35
2026-02-26,Sub-Contractors,Expense,Jeff Kendall Garage Doors,Zelle payment to Jeff ( Garage D oors) Kendall JPM99c73b3zk,300.0,143105.79,Y,Precision Blueprint Development_General Ledger.csv,2026-07-18T23:30:00-04:00,197a548dff3b3caa
2026-02-26,Sub-Contractors,Expense,"Next Generation Septic, Aaron",Zelle payment to Aaron (Next Gen eration Septic) S JPM99c735rjv,4700.0,147805.79,Y,Precision Blueprint Development_General Ledger.csv,2026-07-18T23:30:00-04:00,fa25d2798f0de914
2026-02-26,Sub-Contractors,Expense,Evans Professional,IN \*EVANS PROFESSIONAL LA,2780.0,150585.79,Y,Precision Blueprint Development_General Ledger.csv,2026-07-18T23:30:00-04:00,82375558080dc38d
2026-02-26,Sub-Contractors,Credit Card Credit,Overhead Doors,JTS OVERHEAD DOORS,-13242.6,137343.19,Y,Precision Blueprint Development_General Ledger.csv,2026-07-18T23:30:00-04:00,0e7e0985baf6346e
2026-02-27,Sub-Contractors,Expense,Jeff Kendall Garage Doors,Zelle payment to Jeff ( Garage D oors) Kendall JPM99c77245e,5000.0,142343.19,Y,Precision Blueprint Development_General Ledger.csv,2026-07-18T23:30:00-04:00,82df403778985125
2026-02-27,Sub-Contractors,Expense,True North Air Conditioning LLC,TRUE NORTH AIR CONDITIONI,9660.5,152003.69,Y,Precision Blueprint Development_General Ledger.csv,2026-07-18T23:30:00-04:00,f5c2d3a7e4015721
2026-03-02,Sub-Contractors,Expense,Ramon Design,Zelle payment to Ramon design v alencia JPM99c7okk4h,800.0,152803.69,Y,Precision Blueprint Development_General Ledger.csv,2026-07-18T23:30:00-04:00,f973d00f6403c6ef
2026-03-02,Sub-Contractors,Expense,Ramon Design,Zelle payment to Ramon design v alencia JPM99c7mk2pe,1200.0,154003.69,Y,Precision Blueprint Development_General Ledger.csv,2026-07-18T23:30:00-04:00,171f29acc5d4c296
2026-03-02,Sub-Contractors,Expense,Jeff Kendall Garage Doors,Zelle payment to Jeff ( Garage D oors) Kendall JPM99c7cpk4k,3032.6,157036.29,Y,Precision Blueprint Development_General Ledger.csv,2026-07-18T23:30:00-04:00,a7372f9b8076010e
2026-03-03,Sub-Contractors,Expense,Aaron Design,Zelle payment to Aaron Design 2 8289644808,493.75,157530.04,Y,Precision Blueprint Development_General Ledger.csv,2026-07-18T23:30:00-04:00,a75ee2f3510b27b3
2026-03-04,Sub-Contractors,Check,Bill Fitzgerald,CHECK 8934,5500.0,163030.04,Y,Precision Blueprint Development_General Ledger.csv,2026-07-18T23:30:00-04:00,1b77b781f1cbee8b
2026-03-05,Sub-Contractors,Expense,H & M Electric Company LLC - Herman Macharro,Zelle payment to Herman Machorro JPM99c801rnd,4900.0,167930.04,Y,Precision Blueprint Development_General Ledger.csv,2026-07-18T23:30:00-04:00,eb827b58ec69363a
2026-03-06,Sub-Contractors,Expense,Ramon Design,Zelle payment to Ramon design v alencia JPM99c86zg3v,2400.0,170330.04,Y,Precision Blueprint Development_General Ledger.csv,2026-07-18T23:30:00-04:00,7d2d64ebffcba108
2026-03-06,Sub-Contractors,Expense,Jeff Kendall Garage Doors,Zelle payment to Jeff ( Garage D oors) Kendall JPM99c86b1pr,5000.0,175330.04,Y,Precision Blueprint Development_General Ledger.csv,2026-07-18T23:30:00-04:00,7d88f3dfdb16813c
2026-03-09,Sub-Contractors,Expense,Jeff Kendall Garage Doors,Zelle payment to Jeff ( Garage D oors) Kendall JPM99c8b3qtw,5000.0,180330.04,Y,Precision Blueprint Development_General Ledger.csv,2026-07-18T23:30:00-04:00,b8300b8b348a296c
2026-03-10,Sub-Contractors,Expense,J's Plumbing LLC - Juan Garcia,Zelle payment to Juan J's Plumbi ng LLC Garcia JPM99c8knfa1,3000.0,183330.04,Y,Precision Blueprint Development_General Ledger.csv,2026-07-18T23:30:00-04:00,b5c92f12b9696f6e
2026-03-11,Sub-Contractors,Expense,Gardel Engineering,GARDEL ENGINEERING LLC,3700.0,187030.04,Y,Precision Blueprint Development_General Ledger.csv,2026-07-18T23:30:00-04:00,99096ce85c5501bc
2026-03-13,Sub-Contractors,Expense,Marin Construction LLC - Jose Marin,Zelle payment to FramerJose Mari n BULD JPM99c90f8z9,1050.0,188080.04,Y,Precision Blueprint Development_General Ledger.csv,2026-07-18T23:30:00-04:00,d46091ac330f47bd
2026-03-16,Sub-Contractors,Check,Juan Diaz,CHECK 8939,6000.0,194080.04,Y,Precision Blueprint Development_General Ledger.csv,2026-07-18T23:30:00-04:00,b2666032343c6c6e
2026-03-16,Sub-Contractors,Expense,Marin Construction LLC - Jose Marin,Zelle payment to FramerJose Mari n BULD JPM99c97jtc3,3000.0,197080.04,Y,Precision Blueprint Development_General Ledger.csv,2026-07-18T23:30:00-04:00,2f62b3658166f82e
2026-03-16,Sub-Contractors,Expense,Marin Construction LLC - Jose Marin,Zelle payment to FramerJose Mari n BULD JPM99c951muf,100.0,197180.04,Y,Precision Blueprint Development_General Ledger.csv,2026-07-18T23:30:00-04:00,7d23047ae1e04160
2026-03-18,Sub-Contractors,Expense,Montiel Windows and Door,Zelle payment to DanielMonteiel Door & Windows Mo JPM99c9nvk4x,870.16,198050.2,Y,Precision Blueprint Development_General Ledger.csv,2026-07-18T23:30:00-04:00,641efd991df197fb
2026-03-18,Sub-Contractors,Expense,Montiel Windows and Door,Zelle payment to DanielMonteiel Door & Windows Mo JPM99c9nv4cb,1280.0,199330.2,Y,Precision Blueprint Development_General Ledger.csv,2026-07-18T23:30:00-04:00,fdfbd6d707bd5c84
2026-03-18,Sub-Contractors,Expense,Montiel Windows and Door,Zelle payment to DanielMonteiel Door & Windows Mo JPM99c9nuqen,2535.0,201865.2,Y,Precision Blueprint Development_General Ledger.csv,2026-07-18T23:30:00-04:00,10110d3496caa0ee
2026-03-18,Sub-Contractors,Expense,"Next Generation Septic, Aaron",Zelle payment to Aaron (Next Gen eration Septic) S JPM99c9jyb1q,800.0,202665.2,Y,Precision Blueprint Development_General Ledger.csv,2026-07-18T23:30:00-04:00,160c6d82bb984463
2026-03-19,Sub-Contractors,Expense,Schneider Structural,"IN \*SCHNEIDER STRUCTURAL,",1360.0,204025.2,Y,Precision Blueprint Development_General Ledger.csv,2026-07-18T23:30:00-04:00,5fb14eb89d067b30
2026-03-20,Sub-Contractors,Check,Bill Fitzgerald,CHECK 8935,5500.0,209525.2,Y,Precision Blueprint Development_General Ledger.csv,2026-07-18T23:30:00-04:00,ec42cef3a70c10d7
2026-03-23,Sub-Contractors,Check,RayBen Design & Build - Raymond Bencomod,CHECK 8836,2000.0,211525.2,Y,Precision Blueprint Development_General Ledger.csv,2026-07-18T23:30:00-04:00,91ae99100021a164
2026-03-24,Sub-Contractors,Check,Juan Diaz,CHECK 8940,4000.0,215525.2,Y,Precision Blueprint Development_General Ledger.csv,2026-07-18T23:30:00-04:00,2cfcf91503819674
2026-03-24,Sub-Contractors,Expense,Neshijan LLC,Zelle payment to Neshijan LLC JP M99cad2jo2,20.0,215545.2,Y,Precision Blueprint Development_General Ledger.csv,2026-07-18T23:30:00-04:00,34076fcf031e9a7a
2026-03-25,Sub-Contractors,Expense,Marin Construction LLC - Jose Marin,Zelle payment to FramerJose Mari n BULD JPM99cag277f,4500.0,220045.2,Y,Precision Blueprint Development_General Ledger.csv,2026-07-18T23:30:00-04:00,74449de82aaee4f2
2026-03-27,Sub-Contractors,Check,Bill Fitzgerald,CHECK 8942,6500.0,226545.2,Y,Precision Blueprint Development_General Ledger.csv,2026-07-18T23:30:00-04:00,9a229059af6bda2b
2026-03-27,Sub-Contractors,Check,Bill Fitzgerald,CHECK 8941,1250.0,227795.2,Y,Precision Blueprint Development_General Ledger.csv,2026-07-18T23:30:00-04:00,fe48f8e3d7dba7ba
2026-03-30,Sub-Contractors,Check,Juan Diaz,CHECK 8937,4200.0,231995.2,Y,Precision Blueprint Development_General Ledger.csv,2026-07-18T23:30:00-04:00,86619a7bf776cc8f
2026-03-30,Sub-Contractors,Expense,Ramon Design,Zelle payment to Ramon design v alencia JPM99cb3zukn,1200.0,233195.2,Y,Precision Blueprint Development_General Ledger.csv,2026-07-18T23:30:00-04:00,eb708cd012f18f46
2026-03-30,Sub-Contractors,Expense,Omar Cervantes,Zelle payment to Omar Cervantes JPM99cb4wzzk,1650.0,234845.2,Y,Precision Blueprint Development_General Ledger.csv,2026-07-18T23:30:00-04:00,f78f7435a4165502
2026-03-30,Sub-Contractors,Expense,Junior Alexander Carbajal,Zelle payment to Junior Alexande r Carbajal 28631268207,3350.0,238195.2,Y,Precision Blueprint Development_General Ledger.csv,2026-07-18T23:30:00-04:00,65f5a2b0525cbce4
2026-03-30,Sub-Contractors,Expense,Mendoza Construction LLC - Jose Mendoza,Zelle payment to JoseMendoza Con struction LLC. Me JPM99cb5nvf4,4000.0,242195.2,Y,Precision Blueprint Development_General Ledger.csv,2026-07-18T23:30:00-04:00,dee1d7739d260a25
2026-03-31,Sub-Contractors,Check,RayBen Design & Build - Raymond Bencomod,CHECK 8943,7440.0,249635.2,Y,Precision Blueprint Development_General Ledger.csv,2026-07-18T23:30:00-04:00,50576efbe8c67603
2026-03-31,Sub-Contractors,Check,Roberto Carbajal,CHECK 7889,5650.0,255285.2,Y,Precision Blueprint Development_General Ledger.csv,2026-07-18T23:30:00-04:00,9b2151ca7c6ea5d2
2026-04-03,Sub-Contractors,Expense,Mendoza Construction LLC - Jose Mendoza,Zelle payment to JoseMendoza Construction LLC. Me JPM99cbqod2v,3000.0,258285.2,Y,Precision Blueprint Development_General Ledger.csv,2026-07-18T23:30:00-04:00,45c628ba49889078
2026-04-03,Sub-Contractors,Expense,Arizona Flow Testing,"SQ \*ARIZONA FLOW TESTING,",500.0,258785.2,Y,Precision Blueprint Development_General Ledger.csv,2026-07-18T23:30:00-04:00,204e8bd6de27223b
2026-04-04,Sub-Contractors,Expense,Blanca Gonzalez,Zelle payment to Blanca Gonzalez XXXXXXX7379,200.0,258985.2,Y,Precision Blueprint Development_General Ledger.csv,2026-07-18T23:30:00-04:00,a2ce6cb9da5bd446
2026-04-06,Sub-Contractors,Expense,H & M Electric Company LLC - Herman Macharro,Zelle payment to Herman Machorro JPM99cc57wkd,1985.0,260970.2,Y,Precision Blueprint Development_General Ledger.csv,2026-07-18T23:30:00-04:00,884391fc0f351103
2026-04-06,Sub-Contractors,Expense,Ramon Design,Zelle payment to Ramon design valencia JPM99cc54b30,2100.0,263070.2,Y,Precision Blueprint Development_General Ledger.csv,2026-07-18T23:30:00-04:00,e63ae6ab243c4f1f
2026-04-07,Sub-Contractors,Expense,Navarro Roofing - Yajaira Cineros Chacon,Zelle payment to Yajaira Navarro Roofing Cisnero JPM99cc88sc8,500.0,263570.2,Y,Precision Blueprint Development_General Ledger.csv,2026-07-18T23:30:00-04:00,97f780a4174eb8d9
2026-04-09,Sub-Contractors,Expense,Schneider Structural,"IN \*SCHNEIDER STRUCTURAL,",1200.0,264770.2,Y,Precision Blueprint Development_General Ledger.csv,2026-07-18T23:30:00-04:00,7108941dabef06e4
2026-04-12,Sub-Contractors,Expense,Mendoza Construction LLC - Jose Mendoza,Zelle payment to JoseMendoza Construction LLC. Me JPM99ccwdea4,2000.0,266770.2,Y,Precision Blueprint Development_General Ledger.csv,2026-07-18T23:30:00-04:00,0ebf02dde8cc1aa7
2026-04-13,Sub-Contractors,Expense,Ramon Design,Zelle payment to Ramon design valencia JPM99cd08t02,1200.0,267970.2,Y,Precision Blueprint Development_General Ledger.csv,2026-07-18T23:30:00-04:00,120aa9e9535dcff2
2026-04-14,Sub-Contractors,Expense,Blanca Gonzalez,Zelle payment to Blanca Gonzalez XXXXXXX9533,413.0,268383.2,Y,Precision Blueprint Development_General Ledger.csv,2026-07-18T23:30:00-04:00,b646ed224338de9d
2026-04-15,Sub-Contractors,Expense,Schneider Structural,"IN \*SCHNEIDER STRUCTURAL,",350.0,268733.2,Y,Precision Blueprint Development_General Ledger.csv,2026-07-18T23:30:00-04:00,280df17a2a991501
2026-04-16,Sub-Contractors,Expense,J's Plumbing,Zelle payment to Juan J's Plumbing LLC Garcia JPM99cdcni46,2000.0,270733.2,Y,Precision Blueprint Development_General Ledger.csv,2026-07-18T23:30:00-04:00,c4d27533b8a6d858
2026-04-17,Sub-Contractors,Expense,Montiel Windows and Door,Zelle payment to DanielMonteiel Door & Windows Mo JPM99cdkwa71,1100.0,271833.2,Y,Precision Blueprint Development_General Ledger.csv,2026-07-18T23:30:00-04:00,5a55b4b58ec0b140
2026-04-18,Sub-Contractors,Expense,Blanca Gonzalez,Zelle payment to Blanca Gonzalez XXXXXXX0982,100.0,271933.2,Y,Precision Blueprint Development_General Ledger.csv,2026-07-18T23:30:00-04:00,b612a37a057d077e
2026-04-18,Sub-Contractors,Expense,Liliana Salgado,Zelle payment to LILIANA SALGADO-LOPEZ JPM99cdpbu3d,300.0,272233.2,Y,Precision Blueprint Development_General Ledger.csv,2026-07-18T23:30:00-04:00,de88e0ccb7566c66
2026-04-20,Sub-Contractors,Expense,Ramon Design,Zelle payment to Ramon design valencia JPM99cdw273m,1200.0,273433.2,Y,Precision Blueprint Development_General Ledger.csv,2026-07-18T23:30:00-04:00,711e26efc5dd73c5
2026-04-21,Sub-Contractors,Expense,H & M Electric Company LLC - Herman Macharro,Zelle payment to Herman Machorro JPM99ce2buip,4590.0,278023.2,Y,Precision Blueprint Development_General Ledger.csv,2026-07-18T23:30:00-04:00,c7deb60cf2e5d663
2026-04-24,Sub-Contractors,Expense,Omar Cervantes,Zelle payment to Omar Cervantes JPM99cefaqds,1000.0,279023.2,Y,Precision Blueprint Development_General Ledger.csv,2026-07-18T23:30:00-04:00,e8c2fb7877e9e53c
2026-04-25,Sub-Contractors,Check,Juan Diaz,CHECK \# 7891,6000.0,285023.2,Y,Precision Blueprint Development_General Ledger.csv,2026-07-18T23:30:00-04:00,d6c78e24d9d7d3e9
2026-04-27,Sub-Contractors,Expense,Ramon Design,Zelle payment to Ramon design valencia JPM99cer9fv3,1200.0,286223.2,Y,Precision Blueprint Development_General Ledger.csv,2026-07-18T23:30:00-04:00,ab6835ebc4ab5ef5
2026-04-30,Sub-Contractors,Expense,Schneider Structural,"IN \*SCHNEIDER STRUCTURAL,",350.0,286573.2,Y,Precision Blueprint Development_General Ledger.csv,2026-07-18T23:30:00-04:00,d9fb728ad54c6d2e
2026-05-01,Sub-Contractors,Expense,RayBen Design & Build - Raymond Bencomod,Zelle payment to Raymond Bencomo JPM99cfbfni2,2000.0,288573.2,Y,Precision Blueprint Development_General Ledger.csv,2026-07-18T23:30:00-04:00,5dead16e5a491edf
2026-05-01,Sub-Contractors,Expense,RayBen Design & Build - Raymond Bencomod,Zelle payment to Raymond Bencomo JPM99cfejrs9,2000.0,290573.2,Y,Precision Blueprint Development_General Ledger.csv,2026-07-18T23:30:00-04:00,5dead16e5a491edf
2026-05-01,Sub-Contractors,Expense,East Valley Insulation LLC,IN \*EAST VALLEY INSULATIO,5950.0,296523.2,Y,Precision Blueprint Development_General Ledger.csv,2026-07-18T23:30:00-04:00,1f43c42de87693b5
2026-05-04,Sub-Contractors,Expense,Mendoza Construction LLC - Jose Mendoza,Zelle payment to JoseMendoza Construction LLC. Me JPM99cfpsdoq,2000.0,298523.2,Y,Precision Blueprint Development_General Ledger.csv,2026-07-18T23:30:00-04:00,b7a3765629470541
2026-05-04,Sub-Contractors,Expense,Ramon Design,Zelle payment to Ramon design valencia JPM99cfptdh5,1200.0,299723.2,Y,Precision Blueprint Development_General Ledger.csv,2026-07-18T23:30:00-04:00,ca7dda3b24544920
2026-05-04,Sub-Contractors,Expense,Navarro Roofing - Yajaira Cineros Chacon,Zelle payment to Yajaira Navarro Roofing Cisnero JPM99cfqzcs8,1950.0,301673.2,Y,Precision Blueprint Development_General Ledger.csv,2026-07-18T23:30:00-04:00,5114544475f84f1e
2026-05-05,Sub-Contractors,Expense,Ryan Goodwin,Zelle payment to Ryan Goodwin JPM99cfu4l66,1000.0,302673.2,Y,Precision Blueprint Development_General Ledger.csv,2026-07-18T23:30:00-04:00,d041b861a72b56d6
2026-05-08,Sub-Contractors,Expense,Mendoza Construction LLC - Jose Mendoza,Zelle payment to JoseMendoza Construction LLC. Me JPM99cgan2yo,700.0,303373.2,Y,Precision Blueprint Development_General Ledger.csv,2026-07-18T23:30:00-04:00,988b105e9bc918e9
2026-05-08,Sub-Contractors,Expense,RayBen Design & Build - Raymond Bencomod,Zelle payment to Raymond Bencomo JPM99cgarjel,2000.0,305373.2,Y,Precision Blueprint Development_General Ledger.csv,2026-07-18T23:30:00-04:00,b0ce7283569c41bd
2026-05-08,Sub-Contractors,Expense,Schneider Structural,"IN \*SCHNEIDER STRUCTURAL,",800.0,306173.2,Y,Precision Blueprint Development_General Ledger.csv,2026-07-18T23:30:00-04:00,2861be787d740720
2026-05-09,Sub-Contractors,Expense,Mendoza Construction LLC - Jose Mendoza,Zelle payment to JoseMendoza Construction LLC. Me JPM99cgfz0gg,3000.0,309173.2,Y,Precision Blueprint Development_General Ledger.csv,2026-07-18T23:30:00-04:00,19125f5e3108889e
2026-05-09,Sub-Contractors,Check,Juan Diaz,CHECK \# 5863,1300.0,310473.2,Y,Precision Blueprint Development_General Ledger.csv,2026-07-18T23:30:00-04:00,44c9bf9eb719baf0
2026-05-11,Sub-Contractors,Expense,Desert Concrete Specialists/Edgar Ramirez,Zelle payment to Edgar Desert concrete Ramirez XXXXXXX3074,1922.5,312395.7,Y,Precision Blueprint Development_General Ledger.csv,2026-07-18T23:30:00-04:00,3d8ef7557e25a460
2026-05-11,Sub-Contractors,Expense,Mendoza Construction LLC - Jose Mendoza,Zelle payment to JoseMendoza Construction LLC. Me JPM99cgn0pth,1200.0,313595.7,Y,Precision Blueprint Development_General Ledger.csv,2026-07-18T23:30:00-04:00,246fa8f9828967d1
2026-05-11,Sub-Contractors,Expense,Ramon Design,Zelle payment to Ramon design valencia JPM99cgospbx,1200.0,314795.7,Y,Precision Blueprint Development_General Ledger.csv,2026-07-18T23:30:00-04:00,58415b73465d572a
2026-05-11,Sub-Contractors,Check,Bill Fitzgerald,CHECK \# 7893 05/11,9500.0,324295.7,Y,Precision Blueprint Development_General Ledger.csv,2026-07-18T23:30:00-04:00,c97d903c401f326f
2026-05-12,Sub-Contractors,Expense,Schneider Structural,"IN \*SCHNEIDER STRUCTURAL,",350.0,324645.7,Y,Precision Blueprint Development_General Ledger.csv,2026-07-18T23:30:00-04:00,8e179efc9571fd9e
2026-05-12,Sub-Contractors,Check,Juan Diaz,CHECK \# 5864,6000.0,330645.7,Y,Precision Blueprint Development_General Ledger.csv,2026-07-18T23:30:00-04:00,5521813653e5f510
2026-05-14,Sub-Contractors,Expense,Desert Concrete Specialists/Edgar Ramirez,Zelle payment to Edgar Desert concrete Ramirez XXXXXXX2093,1922.5,332568.2,Y,Precision Blueprint Development_General Ledger.csv,2026-07-18T23:30:00-04:00,958212bbef03b849
2026-05-14,Sub-Contractors,Expense,Greenleaf Pest Control,GREENLEAF PEST CONTROL,209.0,332777.2,Y,Precision Blueprint Development_General Ledger.csv,2026-07-18T23:30:00-04:00,164788e244e322d8
2026-05-15,Sub-Contractors,Expense,H & M Electric Company LLC - Herman Macharro,Zelle payment to Herman Machorro JPM99ch4ft39,3000.0,335777.2,Y,Precision Blueprint Development_General Ledger.csv,2026-07-18T23:30:00-04:00,4fb844bca0b16ebc
2026-05-16,Sub-Contractors,Expense,Mendoza Construction LLC - Jose Mendoza,Zelle payment to JoseMendoza Construction LLC. Me JPM99chb32mq,800.0,336577.2,Y,Precision Blueprint Development_General Ledger.csv,2026-07-18T23:30:00-04:00,b0114ed17da8cc51
2026-05-16,Sub-Contractors,Expense,Greenleaf Pest Control,GREENLEAF PEST CONTROL,60.0,336637.2,Y,Precision Blueprint Development_General Ledger.csv,2026-07-18T23:30:00-04:00,978187035dac802c
2026-05-18,Sub-Contractors,Expense,Montiel Windows and Door,Zelle payment to DanielMonteiel Door & Windows Mo JPM99chhg2fv,1980.0,338617.2,Y,Precision Blueprint Development_General Ledger.csv,2026-07-18T23:30:00-04:00,587f85b84726d30d
2026-05-18,Sub-Contractors,Expense,Montiel Windows and Door,Zelle payment to DanielMonteiel Door & Windows Mo JPM99chhgzue,2025.0,340642.2,Y,Precision Blueprint Development_General Ledger.csv,2026-07-18T23:30:00-04:00,94dd028551142acf
2026-05-18,Sub-Contractors,Expense,Ramon Design,Zelle payment to Ramon design valencia JPM99chguwur,1200.0,341842.2,Y,Precision Blueprint Development_General Ledger.csv,2026-07-18T23:30:00-04:00,7bfcb93115bc990a
2026-05-22,Sub-Contractors,Expense,RayBen Design & Build - Raymond Bencomod,Zelle payment to Raymond Bencomo JPM99ci1d7gi,2000.0,343842.2,Y,Precision Blueprint Development_General Ledger.csv,2026-07-18T23:30:00-04:00,fc5271ff24e27754
2026-05-22,Sub-Contractors,Expense,J's Plumbing,Zelle payment to Juan J's Plumbing LLC Garcia JPM99ci1dfds,2000.0,345842.2,Y,Precision Blueprint Development_General Ledger.csv,2026-07-18T23:30:00-04:00,77ce8a4ae947228a
2026-05-26,Sub-Contractors,Expense,Ramon Design,Zelle payment to Ramon design valencia JPM99ciegfqj,1200.0,347042.2,Y,Precision Blueprint Development_General Ledger.csv,2026-07-18T23:30:00-04:00,4567f9c79557822a
2026-05-27,Sub-Contractors,Expense,,Zelle payment to JV Landscaping JPM99ciljxwm,200.0,347242.2,Y,Precision Blueprint Development_General Ledger.csv,2026-07-18T23:30:00-04:00,d53701fc6ed457ea
2026-06-01,Sub-Contractors,Expense,Ramon Design,Zelle payment to Ramon design valencia JPM99cj9a7qo,1200.0,348442.2,Y,Precision Blueprint Development_General Ledger.csv,2026-07-18T23:30:00-04:00,61072f359153f448
2026-06-01,Sub-Contractors,Expense,Greenleaf Pest Control,GREENLEAF PEST CONTROL,29.0,348471.2,Y,Precision Blueprint Development_General Ledger.csv,2026-07-18T23:30:00-04:00,54a0e25b2b103f76
2026-06-02,Sub-Contractors,Expense,,Zelle payment to Herman Machorro JPM99cjcisuh,3886.0,352357.2,Y,Precision Blueprint Development_General Ledger.csv,2026-07-18T23:30:00-04:00,76c6f62389733d6e
2026-06-02,Sub-Contractors,Expense,Schneider Structural,"IN \*SCHNEIDER STRUCTURAL,",275.0,352632.2,Y,Precision Blueprint Development_General Ledger.csv,2026-07-18T23:30:00-04:00,6c0036946995a5ce
2026-06-02,Sub-Contractors,Expense,Arizona Truss,Zelle payment to Arizona Truss Solutions XXXXXXX6398,300.0,352932.2,Y,Precision Blueprint Development_General Ledger.csv,2026-07-18T23:30:00-04:00,b4599e72b716907b
2026-06-02,Sub-Contractors,Expense,Arizona Truss,Zelle payment to Arizona Truss Solutions XXXXXXX5335,300.0,353232.2,Y,Precision Blueprint Development_General Ledger.csv,2026-07-18T23:30:00-04:00,b4599e72b716907b
2026-06-02,Sub-Contractors,Expense,Arizona Truss,Zelle payment to Arizona Truss Solutions XXXXXXX0125,225.0,353457.2,Y,Precision Blueprint Development_General Ledger.csv,2026-07-18T23:30:00-04:00,b4faabcbf2cef6d9
2026-06-05,Sub-Contractors,Expense,Arizona Truss,Zelle payment to Arizona Truss Solutions XXXXXXX4613,800.0,354257.2,Y,Precision Blueprint Development_General Ledger.csv,2026-07-18T23:30:00-04:00,7691a8d2a1bc6eb8
2026-06-05,Sub-Contractors,Expense,Arizona Truss,Zelle payment to Arizona Truss Solutions XXXXXXX2151,1200.0,355457.2,Y,Precision Blueprint Development_General Ledger.csv,2026-07-18T23:30:00-04:00,bcd360a521ce1745
2026-06-06,Sub-Contractors,Expense,RayBen Design & Build - Raymond Bencomod,Zelle payment to Raymond Bencomo JPM99cjypf99,750.0,356207.2,Y,Precision Blueprint Development_General Ledger.csv,2026-07-18T23:30:00-04:00,2d428fd746588445
2026-06-08,Sub-Contractors,Expense,Ramon Design,Zelle payment to Ramon design valencia JPM99ck3j4bk,1200.0,357407.2,Y,Precision Blueprint Development_General Ledger.csv,2026-07-18T23:30:00-04:00,4e744f345f2243a4
2026-06-08,Sub-Contractors,Expense,Montiel Windows and Door,Zelle payment to DanielMonteiel Door & Windows Mo JPM99ck4r5ez,2862.04,360269.24,Y,Precision Blueprint Development_General Ledger.csv,2026-07-18T23:30:00-04:00,90461511912e1811
2026-06-08,Sub-Contractors,Expense,RayBen Design & Build - Raymond Bencomod,Zelle payment to Raymond Bencomo JPM99ck67ori,1000.0,361269.24,Y,Precision Blueprint Development_General Ledger.csv,2026-07-18T23:30:00-04:00,03b9ce7c3509cf2b
2026-06-11,Sub-Contractors,Expense,J's Plumbing,Zelle payment to Juan J's Plumbing LLC Garcia JPM99ckffczi,2000.0,363269.24,Y,Precision Blueprint Development_General Ledger.csv,2026-07-18T23:30:00-04:00,ca0b76e1294e18ce
2026-06-11,Sub-Contractors,Expense,J's Plumbing,Zelle payment to Juan J's Plumbing LLC Garcia JPM99ckff59c,2000.0,365269.24,Y,Precision Blueprint Development_General Ledger.csv,2026-07-18T23:30:00-04:00,ca0b76e1294e18ce
2026-06-12,Sub-Contractors,Expense,Montiel Windows and Door,Zelle payment to DanielMonteiel Door & Windows Mo JPM99ckjfboh,950.79,366220.03,Y,Precision Blueprint Development_General Ledger.csv,2026-07-18T23:30:00-04:00,ab7e592d85f5d939
2026-06-13,Sub-Contractors,Expense,RayBen Design & Build - Raymond Bencomod,Zelle payment to Raymond Bencomo JPM99ckr4skw,1000.0,367220.03,Y,Precision Blueprint Development_General Ledger.csv,2026-07-18T23:30:00-04:00,e22b04dcdff9d431
2026-06-13,Sub-Contractors,Expense,RayBen Design & Build - Raymond Bencomod,Zelle payment to Raymond Bencomo JPM99ckr5769,1000.0,368220.03,Y,Precision Blueprint Development_General Ledger.csv,2026-07-18T23:30:00-04:00,e22b04dcdff9d431
2026-06-15,Sub-Contractors,Expense,Ramon Design,Zelle payment to Ramon design valencia JPM99ckxp977,1200.0,369420.03,Y,Precision Blueprint Development_General Ledger.csv,2026-07-18T23:30:00-04:00,adae43c17b8e077a
2026-06-16,Sub-Contractors,Expense,J's Plumbing LLC - Juan Garcia,Zelle payment to Juan J's Plumbing LLC Garcia JPM99cl3j6dv,3500.0,372920.03,Y,Precision Blueprint Development_General Ledger.csv,2026-07-18T23:30:00-04:00,d63e7cbc33dcf170
2026-06-16,Sub-Contractors,Expense,Greenleaf Pest Control,GREENLEAF PEST CONTROL,60.0,372980.03,Y,Precision Blueprint Development_General Ledger.csv,2026-07-18T23:30:00-04:00,c286284d620c2365
2026-06-21,Sub-Contractors,Expense,Mendoza Construction LLC - Jose Mendoza,Zelle payment to JoseMendoza Construction LLC. Me JPM99clu5spo,3000.0,375980.03,Y,Precision Blueprint Development_General Ledger.csv,2026-07-18T23:30:00-04:00,623a3953dec668e8
2026-06-21,Sub-Contractors,Expense,RayBen Design & Build - Raymond Bencomod,Zelle payment to Raymond Bencomo JPM99clv8dum,1500.0,377480.03,Y,Precision Blueprint Development_General Ledger.csv,2026-07-18T23:30:00-04:00,0cac2bc2761d9dbf
2026-06-22,Sub-Contractors,Expense,Ramon Design,Zelle payment to Ramon design valencia JPM99cm3405c,1200.0,378680.03,Y,Precision Blueprint Development_General Ledger.csv,2026-07-18T23:30:00-04:00,47b32f97a50dc096
2026-06-29,Sub-Contractors,Expense,Ramon Design,Zelle payment to Ramon design valencia JPM99cnf2sg8,1200.0,379880.03,Y,Precision Blueprint Development_General Ledger.csv,2026-07-18T23:30:00-04:00,33290cc2b53a3e03
2026-04-30,Advertising Expense,Expense,Donald Barringer,Zelle payment to Donald Barringer Consulting JPM99cf407km,845.0,845.0,N,Precision Blueprint Development_General Ledger.csv,2026-07-18T23:30:00-04:00,9a2551bdcd6a8cb7
2026-01-04,Gas,Credit Card Expense,Circle K,CIRCLE K 05918,117.22,117.22,N,Precision Blueprint Development_General Ledger.csv,2026-07-18T23:30:00-04:00,3e4cf0354a2a8f35
2026-01-09,Gas,Expense,Circle K,CIRCLE K \# 09549,115.82,233.04,N,Precision Blueprint Development_General Ledger.csv,2026-07-18T23:30:00-04:00,eeaacfcf1d9e8f1c
2026-01-13,Gas,Expense,Circle K,CIRCLE K \# 05301,96.17,329.21,N,Precision Blueprint Development_General Ledger.csv,2026-07-18T23:30:00-04:00,ecca0efdfb69e58b
2026-01-15,Gas,Expense,Circle K,CIRCLE K \# 09664,34.53,363.74,N,Precision Blueprint Development_General Ledger.csv,2026-07-18T23:30:00-04:00,bd5226b06d0328e9
2026-01-17,Gas,Expense,Circle K,CIRCLE K 05709,46.44,410.18,N,Precision Blueprint Development_General Ledger.csv,2026-07-18T23:30:00-04:00,7b6ab510f7483a30
2026-01-19,Gas,Expense,Circle K,CIRCLE K \# 03388,35.71,445.89,N,Precision Blueprint Development_General Ledger.csv,2026-07-18T23:30:00-04:00,e9f625effdb0bed8
2026-01-20,Gas,Expense,Circle K,CIRCLE K \# 03388,97.49,543.38,N,Precision Blueprint Development_General Ledger.csv,2026-07-18T23:30:00-04:00,a92c73d7af204ee7
2026-01-22,Gas,Credit Card Expense,Circle K,CIRCLE K \# 03388,97.46,640.84,N,Precision Blueprint Development_General Ledger.csv,2026-07-18T23:30:00-04:00,79040b2b4369bdfd
2026-01-23,Gas,Credit Card Expense,Circle K,CIRCLE K \# 09549,50.97,691.81,N,Precision Blueprint Development_General Ledger.csv,2026-07-18T23:30:00-04:00,5e31a5e12db0bc09
2026-01-27,Gas,Credit Card Expense,Circle K,CIRCLE K 05918,112.32,804.13,N,Precision Blueprint Development_General Ledger.csv,2026-07-18T23:30:00-04:00,6ea4269ed2c5b1ba
2026-02-03,Gas,Credit Card Expense,Circle K,CIRCLE K 09182,117.22,921.35,N,Precision Blueprint Development_General Ledger.csv,2026-07-18T23:30:00-04:00,8ca095ce1f0b4db5
2026-02-08,Gas,Credit Card Expense,Circle K,CIRCLE K 01859,117.22,1038.57,N,Precision Blueprint Development_General Ledger.csv,2026-07-18T23:30:00-04:00,6a24a20319a4b0b3
2026-02-11,Gas,Credit Card Expense,Circle K,CIRCLE K \# 09549,67.65,1106.22,N,Precision Blueprint Development_General Ledger.csv,2026-07-18T23:30:00-04:00,3778dce90d82d4b1
2026-02-15,Gas,Expense,Circle K,CIRCLE K \# 09549,101.67,1207.89,N,Precision Blueprint Development_General Ledger.csv,2026-07-18T23:30:00-04:00,dc4e50814cbeb503
2026-02-19,Gas,Expense,Circle K,CIRCLE K \# 03388,111.72,1319.61,N,Precision Blueprint Development_General Ledger.csv,2026-07-18T23:30:00-04:00,0a3284d45a060665
2026-02-26,Gas,Expense,Circle K,CIRCLE K 03377,108.39,1428.0,N,Precision Blueprint Development_General Ledger.csv,2026-07-18T23:30:00-04:00,3f1ceec86f460ade
2026-02-28,Gas,Expense,Circle K,CIRCLE K 05918,60.82,1488.82,N,Precision Blueprint Development_General Ledger.csv,2026-07-18T23:30:00-04:00,5f7fb3863260ecd8
2026-03-03,Gas,Expense,Circle K,CIRCLE K \# 09549,138.22,1627.04,N,Precision Blueprint Development_General Ledger.csv,2026-07-18T23:30:00-04:00,d4a8e2b7f7ee9416
2026-03-09,Gas,Credit Card Expense,Circle K,,162.72,1789.76,N,Precision Blueprint Development_General Ledger.csv,2026-07-18T23:30:00-04:00,0ba69dbbe2af1ed4
2026-03-12,Gas,Expense,Circle K,CIRCLE K \# X9549,149.87,1939.63,N,Precision Blueprint Development_General Ledger.csv,2026-07-18T23:30:00-04:00,9a1762961692bb12
2026-03-16,Gas,Expense,Circle K,CIRCLE K X5918,175.0,2114.63,N,Precision Blueprint Development_General Ledger.csv,2026-07-18T23:30:00-04:00,d95cd821b10cafce
2026-03-17,Gas,Expense,Circle K,CIRCLE K X5918,127.31,2241.94,N,Precision Blueprint Development_General Ledger.csv,2026-07-18T23:30:00-04:00,f754fcdb91b38a0c
2026-03-21,Gas,Expense,Circle K,CIRCLE K \# X3482,175.0,2416.94,N,Precision Blueprint Development_General Ledger.csv,2026-07-18T23:30:00-04:00,8454914789a16bea
2026-03-26,Gas,Expense,Circle K,CIRCLE K \# X9549,156.1,2573.04,N,Precision Blueprint Development_General Ledger.csv,2026-07-18T23:30:00-04:00,3c741d5597a3f222
2026-04-02,Gas,Expense,Circle K,CIRCLE K X5918,175.0,2748.04,N,Precision Blueprint Development_General Ledger.csv,2026-07-18T23:30:00-04:00,3174837c966e6503
2026-04-04,Gas,Expense,Circle K,CIRCLE K X1603,175.0,2923.04,N,Precision Blueprint Development_General Ledger.csv,2026-07-18T23:30:00-04:00,77e96464ce27b849
2026-04-04,Gas,Expense,Circle K,CIRCLE K X1603,113.17,3036.21,N,Precision Blueprint Development_General Ledger.csv,2026-07-18T23:30:00-04:00,dbf971f697c3c4cb
2026-04-09,Gas,Expense,Circle K,CIRCLE K X2860,175.0,3211.21,N,Precision Blueprint Development_General Ledger.csv,2026-07-18T23:30:00-04:00,513b0eeeef761bc7
2026-04-13,Gas,Expense,Circle K,CIRCLE K \# X3444,161.12,3372.33,N,Precision Blueprint Development_General Ledger.csv,2026-07-18T23:30:00-04:00,497616901709e0a5
2026-04-15,Gas,Expense,ARCO,ARCO XX8392,85.84,3458.17,N,Precision Blueprint Development_General Ledger.csv,2026-07-18T23:30:00-04:00,80c3ea241584875c
2026-04-19,Gas,Expense,Maverik,MAVERIK \#672,101.51,3559.68,N,Precision Blueprint Development_General Ledger.csv,2026-07-18T23:30:00-04:00,fdc21f3c40722952
2026-04-22,Gas,Expense,Circle K,CIRCLE K \# X1610,175.0,3734.68,N,Precision Blueprint Development_General Ledger.csv,2026-07-18T23:30:00-04:00,ec1bb835dcb53a2d
2026-04-23,Gas,Expense,Circle K,CIRCLE K \# X1621,61.94,3796.62,N,Precision Blueprint Development_General Ledger.csv,2026-07-18T23:30:00-04:00,6209bda6f0573cb9
2026-04-25,Gas,Expense,Circle K,CIRCLE K \# X1610,175.0,3971.62,N,Precision Blueprint Development_General Ledger.csv,2026-07-18T23:30:00-04:00,e347da6d935e7d30
2026-04-25,Gas,Expense,Circle K,CIRCLE K X5918,175.0,4146.62,N,Precision Blueprint Development_General Ledger.csv,2026-07-18T23:30:00-04:00,e347da6d935e7d30
2026-04-27,Gas,Expense,Circle K,CIRCLE K X0693,80.56,4227.18,N,Precision Blueprint Development_General Ledger.csv,2026-07-18T23:30:00-04:00,57fdac511693ab67
2026-04-28,Gas,Expense,Circle K,CIRCLE K X5918,47.67,4274.85,N,Precision Blueprint Development_General Ledger.csv,2026-07-18T23:30:00-04:00,d5af1428b86678e5
2026-05-01,Gas,Expense,Circle K,CIRCLE K X8834,150.41,4425.26,N,Precision Blueprint Development_General Ledger.csv,2026-07-18T23:30:00-04:00,5cfc0da54035f356
2026-05-05,Gas,Expense,Circle K,CIRCLE K \# X3388,175.0,4600.26,N,Precision Blueprint Development_General Ledger.csv,2026-07-18T23:30:00-04:00,b6975f315a1f8936
2026-05-07,Gas,Expense,Circle K,CIRCLE K X5407,73.77,4674.03,N,Precision Blueprint Development_General Ledger.csv,2026-07-18T23:30:00-04:00,287d470cfc2ce15e
2026-05-10,Gas,Expense,Circle K,CIRCLE K \# X3424,104.19,4778.22,N,Precision Blueprint Development_General Ledger.csv,2026-07-18T23:30:00-04:00,7d7196a45e36e6ec
2026-05-12,Gas,Expense,Circle K,CIRCLE K X1250,148.02,4926.24,N,Precision Blueprint Development_General Ledger.csv,2026-07-18T23:30:00-04:00,e249ee204cdc02b1
2026-05-15,Gas,Expense,QuikTrip,QT 1441 OUTSIDE,55.37,4981.61,N,Precision Blueprint Development_General Ledger.csv,2026-07-18T23:30:00-04:00,dfb09f081d66d25e
2026-05-18,Gas,Expense,Chevron,CHEVRON XXX9999,12.2,4993.81,N,Precision Blueprint Development_General Ledger.csv,2026-07-18T23:30:00-04:00,fef99c0d81827e4d
2026-05-19,Gas,Expense,Circle K,CIRCLE K \# X3388,175.0,5168.81,N,Precision Blueprint Development_General Ledger.csv,2026-07-18T23:30:00-04:00,fd3d5f92f543bacf
2026-05-22,Gas,Expense,Circle K,CIRCLE K X6356,110.59,5279.4,N,Precision Blueprint Development_General Ledger.csv,2026-07-18T23:30:00-04:00,ca49f0781dc32025
2026-05-27,Gas,Expense,QuikTrip,QT 1408,153.09,5432.49,N,Precision Blueprint Development_General Ledger.csv,2026-07-18T23:30:00-04:00,3b29890aa21bbfd9
2026-05-31,Gas,Expense,Circle K,CIRCLE K \# X3473,175.0,5607.49,N,Precision Blueprint Development_General Ledger.csv,2026-07-18T23:30:00-04:00,623d02e7354095a3
2026-06-04,Gas,Expense,Circle K,CIRCLE K X5918,145.17,5752.66,N,Precision Blueprint Development_General Ledger.csv,2026-07-18T23:30:00-04:00,ede6e8e09325a9bb
2026-06-06,Gas,Expense,Circle K,CIRCLE K X5918,175.0,5927.66,N,Precision Blueprint Development_General Ledger.csv,2026-07-18T23:30:00-04:00,f8d0c7c6bab87ba4
2026-06-09,Gas,Expense,Circle K,CIRCLE K \# X9549,172.72,6100.38,N,Precision Blueprint Development_General Ledger.csv,2026-07-18T23:30:00-04:00,a7e7751eee581ca6
2026-06-16,Gas,Expense,Circle K,CIRCLE K X1974,145.65,6246.03,N,Precision Blueprint Development_General Ledger.csv,2026-07-18T23:30:00-04:00,9020da9a68216c64
2026-06-19,Gas,Expense,Circle K,CIRCLE K X1974,131.02,6377.05,N,Precision Blueprint Development_General Ledger.csv,2026-07-18T23:30:00-04:00,e7177e66620bb5d2
2026-06-24,Gas,Expense,Circle K,CIRCLE K X1974,136.93,6513.98,N,Precision Blueprint Development_General Ledger.csv,2026-07-18T23:30:00-04:00,7a6cf9bcd3410622
2026-06-30,Gas,Expense,Circle K,CIRCLE K \# X9549,167.02,6681.0,N,Precision Blueprint Development_General Ledger.csv,2026-07-18T23:30:00-04:00,af7080710e6853da
2026-06-04,Registration & License Fees,Expense,AZ Vehicle Emissions,AZ Vehicle Emissions Gord,23.75,23.75,N,Precision Blueprint Development_General Ledger.csv,2026-07-18T23:30:00-04:00,3f3a291ce236579a
2026-06-05,Registration & License Fees,Expense,AZ MVD,AZ MVD FEE,96.31,120.06,N,Precision Blueprint Development_General Ledger.csv,2026-07-18T23:30:00-04:00,2bd56949af27ab47
2026-01-08,Repair & Maintenance,Expense,KC Diesel Shop,SP KC DIESEL SHOP,201.05,201.05,N,Precision Blueprint Development_General Ledger.csv,2026-07-18T23:30:00-04:00,9f2ea919e93fd1a4
2026-01-09,Repair & Maintenance,Expense,Tires & Wheels,480 TIRES WHEELS LLC,110.0,311.05,N,Precision Blueprint Development_General Ledger.csv,2026-07-18T23:30:00-04:00,7313d74cdc40cb38
2026-01-09,Repair & Maintenance,Expense,Ford Parts,LHM FORD PARTS,90.56,401.61,N,Precision Blueprint Development_General Ledger.csv,2026-07-18T23:30:00-04:00,35f529beda6a6b1a
2026-01-12,Repair & Maintenance,Expense,Cobblestone Auto Spa,COBBLESTONE AUTO SPA SAN,37.0,438.61,N,Precision Blueprint Development_General Ledger.csv,2026-07-18T23:30:00-04:00,e014242517164ef3
2026-02-12,Repair & Maintenance,Expense,Cobblestone Auto Spa,COBBLESTONE AUTO SPA SAN,37.0,475.61,N,Precision Blueprint Development_General Ledger.csv,2026-07-18T23:30:00-04:00,d4d4a824ac515adc
2026-03-12,Repair & Maintenance,Expense,Cobblestone Auto Spa,COBBLESTONE AUTO SPA SAN,37.0,512.61,N,Precision Blueprint Development_General Ledger.csv,2026-07-18T23:30:00-04:00,9bf401e862ce575b
2026-03-18,Repair & Maintenance,Expense,KC Diesel Shop,KC DIESEL SHOP LLC,194.24,706.85,N,Precision Blueprint Development_General Ledger.csv,2026-07-18T23:30:00-04:00,dc1b16d3be5c192e
2026-04-09,Repair & Maintenance,Expense,Cobblestone Auto Spa,COBBLESTONE AUTO SPA SAN,37.0,743.85,N,Precision Blueprint Development_General Ledger.csv,2026-07-18T23:30:00-04:00,40b3c2e1121c117a
2026-04-22,Repair & Maintenance,Expense,KC Diesel Shop,KC DIESEL SHOP LLC,531.76,1275.61,N,Precision Blueprint Development_General Ledger.csv,2026-07-18T23:30:00-04:00,0930cce702d77249
2026-05-26,Repair & Maintenance,Expense,KC Diesel Shop,KC DIESEL SHOP LLC,437.71,1713.32,N,Precision Blueprint Development_General Ledger.csv,2026-07-18T23:30:00-04:00,1f075e09e5111e1f
2026-06-09,Repair & Maintenance,Expense,Cobblestone Auto Spa,COBB049-QUEEN CREEK-W HU,22.0,1735.32,N,Precision Blueprint Development_General Ledger.csv,2026-07-18T23:30:00-04:00,e63428372ff0f0a9
2026-06-11,Repair & Maintenance,Expense,Autozone,AUTOZONE \#3393,12.78,1748.1,N,Precision Blueprint Development_General Ledger.csv,2026-07-18T23:30:00-04:00,3f073db7c9e6c53d
2026-06-11,Repair & Maintenance,Expense,Autozone,AUTOZONE \#3393,71.69,1819.79,N,Precision Blueprint Development_General Ledger.csv,2026-07-18T23:30:00-04:00,e65670ae732e5dd1
2026-01-02,Advertising & Marketing,Expense,Google Ads,GOOGLE \*ADS4985646176,201.29,201.29,N,Precision Blueprint Development_General Ledger.csv,2026-07-18T23:30:00-04:00,06c5b480823aa0b1
2026-01-20,Advertising & Marketing,Expense,Angi Leads,ANGI LEADS,550.0,751.29,N,Precision Blueprint Development_General Ledger.csv,2026-07-18T23:30:00-04:00,21db67a45e309285
2026-02-02,Advertising & Marketing,Expense,Google Ads,GOOGLE \*ADS4985646176,185.29,936.58,N,Precision Blueprint Development_General Ledger.csv,2026-07-18T23:30:00-04:00,30ca330a0bbf4d5d
2026-02-05,Advertising & Marketing,Expense,Amazon,AMAZON MKTPL\*8D6TC3BI3,167.87,1104.45,N,Precision Blueprint Development_General Ledger.csv,2026-07-18T23:30:00-04:00,31a93626fad5e02d
2026-02-12,Advertising & Marketing,Expense,Facebook,FACEBK \*9RFT3G9ZF2,33.64,1138.09,N,Precision Blueprint Development_General Ledger.csv,2026-07-18T23:30:00-04:00,1a5a73709a4aec9c
2026-02-20,Advertising & Marketing,Expense,Angi Leads,ANGI LEADS,550.0,1688.09,N,Precision Blueprint Development_General Ledger.csv,2026-07-18T23:30:00-04:00,c10ba1033f3e9aa3
2026-03-02,Advertising & Marketing,Expense,Google Ads,GOOGLE \*ADS4985646176,159.3,1847.39,N,Precision Blueprint Development_General Ledger.csv,2026-07-18T23:30:00-04:00,369db43006ab4fe9
2026-03-18,Advertising & Marketing,Expense,Angi Leads,ANGI LEADS,550.0,2397.39,N,Precision Blueprint Development_General Ledger.csv,2026-07-18T23:30:00-04:00,7d2b53f29a21275d
2026-04-01,Advertising & Marketing,Expense,Google Ads,GOOGLE \*ADSXXXXXX6176,149.79,2547.18,N,Precision Blueprint Development_General Ledger.csv,2026-07-18T23:30:00-04:00,b8239735a75c8621
2026-04-18,Advertising & Marketing,Expense,Angi Leads,ANGI LEADS,550.0,3097.18,N,Precision Blueprint Development_General Ledger.csv,2026-07-18T23:30:00-04:00,15fd2f7d4294a35a
2026-05-05,Advertising & Marketing,Credit Card Credit,Google Ads,GOOGLE \*ADSXXXXXX6491,-17.18,3080.0,N,Precision Blueprint Development_General Ledger.csv,2026-07-18T23:30:00-04:00,ed5f3ae64996b364
2026-05-06,Advertising & Marketing,Expense,Mailchimp,Mailchimp,21.12,3101.12,N,Precision Blueprint Development_General Ledger.csv,2026-07-18T23:30:00-04:00,1fa5f26b1fa71b1c
2026-05-18,Advertising & Marketing,Expense,Angi Leads,ANGI LEADS,550.0,3651.12,N,Precision Blueprint Development_General Ledger.csv,2026-07-18T23:30:00-04:00,e43bbd2444432d4f
2026-06-04,Advertising & Marketing,Expense,Google Ads,GOOGLE \*ADSXXXXXX6176,356.88,4008.0,N,Precision Blueprint Development_General Ledger.csv,2026-07-18T23:30:00-04:00,a3b5c33400a7dc79
2026-06-18,Advertising & Marketing,Expense,Angi Leads,ANGI LEADS,550.0,4558.0,N,Precision Blueprint Development_General Ledger.csv,2026-07-18T23:30:00-04:00,86f094bf95cb5814
2026-02-06,Client/Vendor Gifts,Expense,Edible Arrangements,EDIBLE.COM,102.33,102.33,N,Precision Blueprint Development_General Ledger.csv,2026-07-18T23:30:00-04:00,e8eebf8373ba1824
2026-03-27,Client/Vendor Gifts,Expense,Edible Arrangements,EDIBLE.COM,81.87,184.2,N,Precision Blueprint Development_General Ledger.csv,2026-07-18T23:30:00-04:00,6d45979cb7ee59b3
2026-04-06,Client/Vendor Gifts,Expense,Edible Arrangements,EDIBLE.COM,94.84,279.04,N,Precision Blueprint Development_General Ledger.csv,2026-07-18T23:30:00-04:00,98d275c1f86c2140
2026-04-24,Client/Vendor Gifts,Expense,Edible Arrangements,EDIBLE.COM,83.23,362.27,N,Precision Blueprint Development_General Ledger.csv,2026-07-18T23:30:00-04:00,0372813f03e5d9fd
2026-04-29,Client/Vendor Gifts,Expense,Edible Arrangements,EDIBLE.COM,103.32,465.59,N,Precision Blueprint Development_General Ledger.csv,2026-07-18T23:30:00-04:00,ba1f54462e2db97f
2026-06-14,Client/Vendor Gifts,Expense,Edible Arrangements,EDIBLE.COM,117.61,583.2,N,Precision Blueprint Development_General Ledger.csv,2026-07-18T23:30:00-04:00,52e75d11d300f4dd
2026-04-15,Insurance Expense,Expense,Capital Premium INS.,ORIG CO NAME:Capital Premium ORIG ID:XXXXXX3224 DESC DATE:260415 CO ENTRY DESCR:INS. PMT SEC:PPD TRACE\#:XXXXXXXX5381730 EED:260415 IND ID: IND NAME:Precision Bl ueprint De TRN: XXXXXX1730 TC,482.93,482.93,N,Precision Blueprint Development_General Ledger.csv,2026-07-18T23:30:00-04:00,6e020e44eac76053
2026-05-21,Insurance Expense,Expense,Capital Premium INS.,ORIG CO NAME:Capital Premium ORIG ID:XXXXXX3224 DESC DATE:260521 CO ENTRY DESCR:INS. PMT SEC:PPD TRACE\#:XXXXXXXX4728988 EED:260521 IND ID: IND NAME:Precision Bl ueprint De TRN: XXXXXX8988 TC,482.93,965.86,N,Precision Blueprint Development_General Ledger.csv,2026-07-18T23:30:00-04:00,05417d45f31ddd47
2026-06-24,Insurance Expense,Expense,Capital Premium INS.,ORIG CO NAME:Capital Premium ORIG ID:XXXXXX3224 DESC DATE:260624 CO ENTRY DESCR:INS. PMT SEC:PPD TRACE\#:XXXXXXXX4537899 EED:260624 IND ID: IND NAME:Precision Bl ueprint De TRN: XXXXXX7899 TC,482.93,1448.79,N,Precision Blueprint Development_General Ledger.csv,2026-07-18T23:30:00-04:00,4f4129567f55afdb
2026-01-14,Auto,Expense,All State,ALLSTATE \*PAYMENT,524.89,524.89,N,Precision Blueprint Development_General Ledger.csv,2026-07-18T23:30:00-04:00,92131c6ce65bea73
2026-02-15,Auto,Expense,All State,ALLSTATE \*PAYMENT,524.89,1049.78,N,Precision Blueprint Development_General Ledger.csv,2026-07-18T23:30:00-04:00,d790ae4869a22398
2026-03-12,Auto,Expense,All State,ALLSTATE \*PAYMENT,524.89,1574.67,N,Precision Blueprint Development_General Ledger.csv,2026-07-18T23:30:00-04:00,f365bbb71556e14f
2026-04-12,Auto,Expense,All State,ALLSTATE \*PAYMENT,524.89,2099.56,N,Precision Blueprint Development_General Ledger.csv,2026-07-18T23:30:00-04:00,be0da3c094b94e20
2026-05-12,Auto,Expense,All State,ALLSTATE \*PAYMENT,504.82,2604.38,N,Precision Blueprint Development_General Ledger.csv,2026-07-18T23:30:00-04:00,1e70ed98b4e796a1
2026-06-12,Auto,Expense,All State,ALLSTATE \*PAYMENT,503.31,3107.69,N,Precision Blueprint Development_General Ledger.csv,2026-07-18T23:30:00-04:00,ed2c0d6f48ff9d68
2026-06-18,Worker's Compensation,Expense,BerkleyNet,BERKLEYNET,3000.1,3000.1,N,Precision Blueprint Development_General Ledger.csv,2026-07-18T23:30:00-04:00,850c2970d7aa926e
2026-01-04,50% Deductible,Credit Card Expense,Origen,,302.58,302.58,N,Precision Blueprint Development_General Ledger.csv,2026-07-18T23:30:00-04:00,8410363f7ba6df77
2026-01-14,50% Deductible,Expense,San Tan Flats,SAN TAN FLAT,186.45,489.03,N,Precision Blueprint Development_General Ledger.csv,2026-07-18T23:30:00-04:00,0cb52b9c29f6f9ba
2026-01-26,50% Deductible,Expense,Barro's Pizza,BARROS PIZZA - S ALMA,100.62,589.65,N,Precision Blueprint Development_General Ledger.csv,2026-07-18T23:30:00-04:00,dcd473e17c263158
2026-02-11,50% Deductible,Expense,First Watch,FIRST WATCH - 0206,80.11,669.76,N,Precision Blueprint Development_General Ledger.csv,2026-07-18T23:30:00-04:00,972e82bdff77dc9c
2026-02-14,50% Deductible,Expense,Origen,TST\*ORIGEN- GILBERT,395.54,1065.3,N,Precision Blueprint Development_General Ledger.csv,2026-07-18T23:30:00-04:00,bc5fb82f336fe2dd
2026-02-28,50% Deductible,Expense,High Tide Seafood Bar,HIGH TIDE SEAFOOD BAR,149.42,1214.72,N,Precision Blueprint Development_General Ledger.csv,2026-07-18T23:30:00-04:00,8644a1b8c611652c
2026-03-03,50% Deductible,Expense,Cheesecake Factory,CHEESECAKE MESA,347.37,1562.09,N,Precision Blueprint Development_General Ledger.csv,2026-07-18T23:30:00-04:00,4c89d4be5bb38c1f
2026-03-05,50% Deductible,Expense,Ghost Ranch,TST\* GHOST RANCH,64.06,1626.15,N,Precision Blueprint Development_General Ledger.csv,2026-07-18T23:30:00-04:00,1f889e0b2e7ab4e4
2026-03-10,50% Deductible,Credit Card Expense,Tailgaters,,197.92,1824.07,N,Precision Blueprint Development_General Ledger.csv,2026-07-18T23:30:00-04:00,7294bf231d80cdcb
2026-03-15,50% Deductible,Credit Card Expense,Tacos Y Mariscos,,106.72,1930.79,N,Precision Blueprint Development_General Ledger.csv,2026-07-18T23:30:00-04:00,ba618b2356b2c461
2026-03-18,50% Deductible,Expense,Salad and Go,SALAD AND GO \#1150,42.79,1973.58,N,Precision Blueprint Development_General Ledger.csv,2026-07-18T23:30:00-04:00,4c9b70a5d0affc51
2026-04-02,50% Deductible,Credit Card Expense,Mariscos Sinaloa,,72.0,2045.58,N,Precision Blueprint Development_General Ledger.csv,2026-07-18T23:30:00-04:00,5bd924d14012733a
2026-04-03,50% Deductible,Credit Card Expense,Ojos Locos Sports Cantina,,36.25,2081.83,N,Precision Blueprint Development_General Ledger.csv,2026-07-18T23:30:00-04:00,8e16c3740db98b9c
2026-04-04,50% Deductible,Expense,First Watch,FIRST WATCH 1015,48.8,2130.63,N,Precision Blueprint Development_General Ledger.csv,2026-07-18T23:30:00-04:00,b7b583f5f5c5dbde
2026-04-10,50% Deductible,Expense,First Watch,FIRST WATCH - 0206,39.03,2169.66,N,Precision Blueprint Development_General Ledger.csv,2026-07-18T23:30:00-04:00,39b3970b8ac5c43a
2026-04-21,50% Deductible,Expense,Zipps Sports Grill,ZIPPS SPORTS GRILL,144.23,2313.89,N,Precision Blueprint Development_General Ledger.csv,2026-07-18T23:30:00-04:00,a2759e6f6b9f118c
2026-04-23,50% Deductible,Expense,Mariscos Sinaloa,Mariscos Sinaloa,68.37,2382.26,N,Precision Blueprint Development_General Ledger.csv,2026-07-18T23:30:00-04:00,d0874697791f2d78
2026-04-24,50% Deductible,Expense,Osaka Mesa,OSAKA,150.09,2532.35,N,Precision Blueprint Development_General Ledger.csv,2026-07-18T23:30:00-04:00,8724d461ecd4b32f
2026-04-25,50% Deductible,Expense,CHICK-FIL-A,CHICK-FIL-A \#X2481,35.64,2567.99,N,Precision Blueprint Development_General Ledger.csv,2026-07-18T23:30:00-04:00,3b2aeceb2d521e4f
2026-04-27,50% Deductible,Expense,Korean BBQ,TST\* KPOT KOREAN BBQ & HO,109.03,2677.02,N,Precision Blueprint Development_General Ledger.csv,2026-07-18T23:30:00-04:00,55b2337d9dcca053
2026-05-07,50% Deductible,Expense,THE CRACKED EGG,THE CRACKED EGG,83.1,2760.12,N,Precision Blueprint Development_General Ledger.csv,2026-07-18T23:30:00-04:00,4d08e992ce4d3c52
2026-05-13,50% Deductible,Expense,Biscuits Cafe,TST\* BISCUITS CAFE - SAN,55.44,2815.56,N,Precision Blueprint Development_General Ledger.csv,2026-07-18T23:30:00-04:00,ab22a372034ad6bf
2026-05-19,50% Deductible,Expense,Backyard Taco,BACKYARD TACO- ELLSWORTH,33.43,2848.99,N,Precision Blueprint Development_General Ledger.csv,2026-07-18T23:30:00-04:00,75c6064bfb96381a
2026-05-30,50% Deductible,Expense,LA VAKITA CARNICERIA LLC,LA VAKITA CARNICERIA LLC,146.08,2995.07,N,Precision Blueprint Development_General Ledger.csv,2026-07-18T23:30:00-04:00,e9001bc6a5115d67
2026-06-10,50% Deductible,Expense,RigaTony's Italian Restaurant,TST\*RIGATONYS,33.61,3028.68,N,Precision Blueprint Development_General Ledger.csv,2026-07-18T23:30:00-04:00,8716f5725cf080b2
2026-06-12,50% Deductible,Expense,RigaTony's Italian Restaurant,TST\*RIGATONYS,93.61,3122.29,N,Precision Blueprint Development_General Ledger.csv,2026-07-18T23:30:00-04:00,cf890c1fad3746c1
2026-06-16,50% Deductible,Expense,Tacos Huicho,TACOS HUICHO \#3,87.87,3210.16,N,Precision Blueprint Development_General Ledger.csv,2026-07-18T23:30:00-04:00,2fa077f5f502bf60
2026-06-19,50% Deductible,Expense,Uncle Bear's Grill & Tap,TST\* UNCLE BEARS GRILL AN,30.69,3240.85,N,Precision Blueprint Development_General Ledger.csv,2026-07-18T23:30:00-04:00,159b27103bd7b8ba
2026-01-01,Employee Meals - Non-Deductible,Expense,Barro's Pizza,BARROS PIZZA - HUNT HWY,110.13,110.13,N,Precision Blueprint Development_General Ledger.csv,2026-07-18T23:30:00-04:00,e5edc897ffaeb5ab
2026-01-06,Employee Meals - Non-Deductible,Credit Card Expense,Filibertos Mexican Restaurant,,71.17,181.3,N,Precision Blueprint Development_General Ledger.csv,2026-07-18T23:30:00-04:00,df95a7bcbed7ed4b
2026-01-06,Employee Meals - Non-Deductible,Expense,Filibertos Mexican Restaurant,FILIBERTOS 3,45.46,226.76,N,Precision Blueprint Development_General Ledger.csv,2026-07-18T23:30:00-04:00,aa0e431b45e604c8
2026-01-07,Employee Meals - Non-Deductible,Expense,El Pollo Loco,3860 EL POLLO LOCO,27.65,254.41,N,Precision Blueprint Development_General Ledger.csv,2026-07-18T23:30:00-04:00,ddb3c3441059a4e3
2026-01-14,Employee Meals - Non-Deductible,Expense,Taqueria Blue Tortilla,TAQUERIA BLUE TORTILL,25.96,280.37,N,Precision Blueprint Development_General Ledger.csv,2026-07-18T23:30:00-04:00,99d9f23539598079
2026-01-15,Employee Meals - Non-Deductible,Expense,Starbucks,STARBUCKS STORE 18819,28.46,308.83,N,Precision Blueprint Development_General Ledger.csv,2026-07-18T23:30:00-04:00,fd39e626948f1b25
2026-02-01,Employee Meals - Non-Deductible,Expense,Filibertos Mexican Restaurant,FILIBERTOS 3,51.9,360.73,N,Precision Blueprint Development_General Ledger.csv,2026-07-18T23:30:00-04:00,20b83ca501b3efb0
2026-02-01,Employee Meals - Non-Deductible,Expense,Filibertos Mexican Restaurant,FILIBERTOS 3,25.51,386.24,N,Precision Blueprint Development_General Ledger.csv,2026-07-18T23:30:00-04:00,bbb7f2c55f8d199b
2026-02-02,Employee Meals - Non-Deductible,Expense,Bosa Donuts,BOSA DONUTS,24.99,411.23,N,Precision Blueprint Development_General Ledger.csv,2026-07-18T23:30:00-04:00,7d72e36eafacccdb
2026-02-02,Employee Meals - Non-Deductible,Expense,Bosa Donuts,BOSA DONUTS,45.64,456.87,N,Precision Blueprint Development_General Ledger.csv,2026-07-18T23:30:00-04:00,de7fa57f64d74b08
2026-02-03,Employee Meals - Non-Deductible,Expense,Filibertos Mexican Restaurant,FILIBERTOS 3,39.01,495.88,N,Precision Blueprint Development_General Ledger.csv,2026-07-18T23:30:00-04:00,cc4741ca7466c18d
2026-02-12,Employee Meals - Non-Deductible,Expense,Ojos Locos Sports Cantina,OJOS LOCOS SPORTS 6001,40.39,536.27,N,Precision Blueprint Development_General Ledger.csv,2026-07-18T23:30:00-04:00,864934e78f044e3c
2026-03-05,Employee Meals - Non-Deductible,Expense,Yogis Grill,YOGIS GRILL RIVERVIEW,14.94,551.21,N,Precision Blueprint Development_General Ledger.csv,2026-07-18T23:30:00-04:00,c73eb7dcc7a77dfc
2026-03-06,Employee Meals - Non-Deductible,Expense,Salad and Go,SALAD AND GO \#1104,16.14,567.35,N,Precision Blueprint Development_General Ledger.csv,2026-07-18T23:30:00-04:00,eeb98f179644ce0b
2026-03-08,Employee Meals - Non-Deductible,Credit Card Expense,Fry's Food,,29.96,597.31,N,Precision Blueprint Development_General Ledger.csv,2026-07-18T23:30:00-04:00,890c3f708400696c
2026-03-17,Employee Meals - Non-Deductible,Expense,Filibertos Mexican Restaurant,FILIBERTOS 3,129.52,726.83,N,Precision Blueprint Development_General Ledger.csv,2026-07-18T23:30:00-04:00,7876c6798177f1ea
2026-03-25,Employee Meals - Non-Deductible,Expense,Filibertos Mexican Restaurant,FILIBERTOS 3,72.68,799.51,N,Precision Blueprint Development_General Ledger.csv,2026-07-18T23:30:00-04:00,2680d670f4ee4053
2026-04-07,Employee Meals - Non-Deductible,Expense,Filibertos Mexican Restaurant,FILIBERTOS 3,45.16,844.67,N,Precision Blueprint Development_General Ledger.csv,2026-07-18T23:30:00-04:00,3b71a6758aef1ad7
2026-04-13,Employee Meals - Non-Deductible,Expense,Filibertos Mexican Restaurant,FILIBERTOS 3,77.56,922.23,N,Precision Blueprint Development_General Ledger.csv,2026-07-18T23:30:00-04:00,882b33e990a13a57
2026-05-04,Employee Meals - Non-Deductible,Expense,Filibertos Mexican Restaurant,FILIBERTOS 3,50.1,972.33,N,Precision Blueprint Development_General Ledger.csv,2026-07-18T23:30:00-04:00,12c515dc715694c0
2026-05-12,Employee Meals - Non-Deductible,Expense,Filibertos Mexican Restaurant,FILIBERTOS 3,103.42,1075.75,N,Precision Blueprint Development_General Ledger.csv,2026-07-18T23:30:00-04:00,a6ee8c89002bcaf8
2026-05-18,Employee Meals - Non-Deductible,Expense,Filibertos Mexican Restaurant,FILIBERTOS 3,53.29,1129.04,N,Precision Blueprint Development_General Ledger.csv,2026-07-18T23:30:00-04:00,77b3628a2c3a882f
2026-05-28,Employee Meals - Non-Deductible,Expense,Filibertos Mexican Restaurant,FILIBERTOS 3,51.61,1180.65,N,Precision Blueprint Development_General Ledger.csv,2026-07-18T23:30:00-04:00,f6f36e6489da18c5
2026-06-13,Employee Meals - Non-Deductible,Expense,Filibertos Mexican Restaurant,FILIBERTOS (SAN TAN HUNT,27.06,1207.71,N,Precision Blueprint Development_General Ledger.csv,2026-07-18T23:30:00-04:00,6a7eb7ccead53b57
2026-06-30,Bank Charges & Fees,Expense,Wells Fargo,MONTHLY SERVICE FEE,15.0,15.0,N,Precision Blueprint Development_General Ledger.csv,2026-07-18T23:30:00-04:00,08e74e73a4e091b7
2026-01-31,Deductible,Journal Entry,,Monthly fee for loan,46.06,46.06,N,Precision Blueprint Development_General Ledger.csv,2026-07-18T23:30:00-04:00,a6e750882d9e1e05
2026-02-28,Deductible,Journal Entry,,Monthly fee for loan,44.61,90.67,N,Precision Blueprint Development_General Ledger.csv,2026-07-18T23:30:00-04:00,2d5fc55e78a55e42
2026-03-31,Deductible,Journal Entry,,Monthly fee for loan,43.14,133.81,N,Precision Blueprint Development_General Ledger.csv,2026-07-18T23:30:00-04:00,3913d36fa2a8a480
2026-01-12,Interest Paid,Expense,Chase,PURCHASE INTEREST CHARGE,750.95,750.95,N,Precision Blueprint Development_General Ledger.csv,2026-07-18T23:30:00-04:00,126211ef83b76bb6
2026-01-23,Interest Paid,Expense,Wells Fargo Auto,,332.4,1083.35,N,Precision Blueprint Development_General Ledger.csv,2026-07-18T23:30:00-04:00,42db1e0b4aa2d01b
2026-01-31,Interest Paid,Journal Entry,,Interest Charged,219.71,1303.06,N,Precision Blueprint Development_General Ledger.csv,2026-07-18T23:30:00-04:00,988fb9e49715758a
2026-02-12,Interest Paid,Expense,Chase,PURCHASE INTEREST CHARGE,748.48,2051.54,N,Precision Blueprint Development_General Ledger.csv,2026-07-18T23:30:00-04:00,9428af5eb0adbadf
2026-02-23,Interest Paid,Expense,Wells Fargo Auto,,326.8,2378.34,N,Precision Blueprint Development_General Ledger.csv,2026-07-18T23:30:00-04:00,49f774cd9fdaeb78
2026-02-28,Interest Paid,Journal Entry,,Interest Charged,213.17,2591.51,N,Precision Blueprint Development_General Ledger.csv,2026-07-18T23:30:00-04:00,5a43433a66ade438
2026-03-12,Interest Paid,Expense,Chase,PURCHASE INTEREST CHARGE,174.26,2765.77,N,Precision Blueprint Development_General Ledger.csv,2026-07-18T23:30:00-04:00,e55d29b35907901d
2026-03-23,Interest Paid,Expense,Wells Fargo Auto,,281.36,3047.13,N,Precision Blueprint Development_General Ledger.csv,2026-07-18T23:30:00-04:00,32dd9c7233ea8ff5
2026-03-31,Interest Paid,Journal Entry,,Interest Charged,205.47,3252.6,N,Precision Blueprint Development_General Ledger.csv,2026-07-18T23:30:00-04:00,8bd013bd2df94b39
2026-04-11,Interest Paid,Expense,Chase,PURCHASE INTEREST CHARGE,893.94,4146.54,N,Precision Blueprint Development_General Ledger.csv,2026-07-18T23:30:00-04:00,f456c479f6aaf90e
2026-05-11,Interest Paid,Expense,Chase,PURCHASE INTEREST CHARGE,403.73,4550.27,N,Precision Blueprint Development_General Ledger.csv,2026-07-18T23:30:00-04:00,55b84ee052202389
2026-06-11,Interest Paid,Expense,Chase,PURCHASE INTEREST CHARGE,604.69,5154.96,N,Precision Blueprint Development_General Ledger.csv,2026-07-18T23:30:00-04:00,c80765da5ebf0ef7
2026-01-02,Merchant Fees,Expense,Merchant Service,ORIG CO NAME:MERCHANT SERVICE ORIG ID:1841010148 DESC DATE:251,375.91,375.91,N,Precision Blueprint Development_General Ledger.csv,2026-07-18T23:30:00-04:00,43c7df8e52ee929f
2026-03-02,Merchant Fees,Expense,Merchant Service,ORIG CO NAME:MERCHANT SERVICE ORIG ID:1841010148 DESC DATE:260,37.62,413.53,N,Precision Blueprint Development_General Ledger.csv,2026-07-18T23:30:00-04:00,d08501f83f064067
2026-05-02,Merchant Fees,Expense,Merchant Service,ORIG CO NAME:MERCHANT SERVICE ORIG ID:XXXXXX0148 DESC DATE:260430 CO ENTRY DESCR:MERCH FEE SEC:CCD TRACE\#:XXXXXXXX3846475 EED:260504 IND ID:XXXXXX6335 IND NAME: PRECISION BLUEPRINT DE MERCHANT ACTIVITY TRN: XXXXXX6475 TC,24.26,437.79,N,Precision Blueprint Development_General Ledger.csv,2026-07-18T23:30:00-04:00,836bdd20ba1dcf70
2026-06-02,Merchant Fees,Expense,Merchant Service,ORIG CO NAME:MERCHANT SERVICE ORIG ID:XXXXXX0148 DESC DATE:260531 CO ENTRY DESCR:MERCH FEE SEC:CCD TRACE\#:XXXXXXXX2270864 EED:260602 IND ID:XXXXXX6335 IND NAME: PRECISION BLUEPRINT DE MERCHANT ACTIVITY TRN: XXXXXX0864 TC,196.87,634.66,N,Precision Blueprint Development_General Ledger.csv,2026-07-18T23:30:00-04:00,b859dd2c4e6d692b
2026-01-30,Office Supplies,Credit Card Credit,"Box, Inc","Box, Inc.",-105.63,-105.63,N,Precision Blueprint Development_General Ledger.csv,2026-07-18T23:30:00-04:00,1477c870fb158b62
2026-01-30,Office Supplies,Expense,"Box, Inc","Box, Inc.",124.84,19.21,N,Precision Blueprint Development_General Ledger.csv,2026-07-18T23:30:00-04:00,f2bb42faec7e0cab
2026-01-30,Office Supplies,Expense,"Box, Inc","Box, Inc.",105.63,124.84,N,Precision Blueprint Development_General Ledger.csv,2026-07-18T23:30:00-04:00,61b054a66b0ef2ee
2026-01-30,Office Supplies,Expense,"Box, Inc","Box, Inc.",105.63,230.47,N,Precision Blueprint Development_General Ledger.csv,2026-07-18T23:30:00-04:00,61b054a66b0ef2ee
2026-01-30,Office Supplies,Credit Card Credit,"Box, Inc","Box, Inc.",-124.84,105.63,N,Precision Blueprint Development_General Ledger.csv,2026-07-18T23:30:00-04:00,74d695a8a4169e98
2026-01-30,Office Supplies,Credit Card Credit,"Box, Inc","Box, Inc.",-105.63,0.0,N,Precision Blueprint Development_General Ledger.csv,2026-07-18T23:30:00-04:00,1477c870fb158b62
2026-01-30,Office Supplies,Expense,"Box, Inc","Box, Inc.",105.63,105.63,N,Precision Blueprint Development_General Ledger.csv,2026-07-18T23:30:00-04:00,61b054a66b0ef2ee
2026-01-31,Office Supplies,Credit Card Credit,"Box, Inc","Box, Inc.",-124.84,-19.21,N,Precision Blueprint Development_General Ledger.csv,2026-07-18T23:30:00-04:00,2982b6497071433e
2026-01-31,Office Supplies,Expense,"Box, Inc","BOX, INC.",124.84,105.63,N,Precision Blueprint Development_General Ledger.csv,2026-07-18T23:30:00-04:00,d7db5be74a45b996
2026-02-01,Office Supplies,Expense,Staples,STAPLES 00114488,49.23,154.86,N,Precision Blueprint Development_General Ledger.csv,2026-07-18T23:30:00-04:00,b0b02d384325ec51
2026-02-02,Office Supplies,Credit Card Credit,"Box, Inc","Box, Inc.",-105.63,49.23,N,Precision Blueprint Development_General Ledger.csv,2026-07-18T23:30:00-04:00,43760cf1c7d62277
2026-02-02,Office Supplies,Expense,"Box, Inc","BOX, INC.",105.63,154.86,N,Precision Blueprint Development_General Ledger.csv,2026-07-18T23:30:00-04:00,12bfecaacc4def22
2026-02-03,Office Supplies,Credit Card Credit,"Box, Inc","Box, Inc.",-105.63,49.23,N,Precision Blueprint Development_General Ledger.csv,2026-07-18T23:30:00-04:00,76bd4f7ac3a36242
2026-05-18,Office Supplies,Expense,WalMart,WM SUPERCENTER \#6480,38.76,87.99,N,Precision Blueprint Development_General Ledger.csv,2026-07-18T23:30:00-04:00,e3df5e764b383a25
2026-06-03,Office Supplies,Expense,WalMart,WALMART \#3771,32.64,120.63,N,Precision Blueprint Development_General Ledger.csv,2026-07-18T23:30:00-04:00,e2ffa2cfd0819585
2026-06-11,Office Supplies,Expense,WalMart,WM SUPERCENTER \#3771,143.4,264.03,N,Precision Blueprint Development_General Ledger.csv,2026-07-18T23:30:00-04:00,1e13514f95a86b1a
2026-06-26,Office Supplies,Expense,Amazon,AMAZON MKTPL\*N31HC6SD3,7.99,272.02,N,Precision Blueprint Development_General Ledger.csv,2026-07-18T23:30:00-04:00,8b1e2c35dd0b8c4f
2026-06-26,Office Supplies,Expense,Amazon,AMAZON MKTPL\*9Z64Y13D3,54.14,326.16,N,Precision Blueprint Development_General Ledger.csv,2026-07-18T23:30:00-04:00,2d4f8412e80ecd42
2026-01-25,Telephone,Expense,Verizon Wireless,VZWRLSS\*APOCC VISB,175.02,175.02,N,Precision Blueprint Development_General Ledger.csv,2026-07-18T23:30:00-04:00,2c3620f71b810b26
2026-02-25,Telephone,Expense,Verizon Wireless,VZWRLSS\*APOCC VISB,175.02,350.04,N,Precision Blueprint Development_General Ledger.csv,2026-07-18T23:30:00-04:00,fae430ec4ec5169b
2026-03-23,Telephone,Expense,Verizon Wireless,VZWRLSS\*APOCC VISB,175.02,525.06,N,Precision Blueprint Development_General Ledger.csv,2026-07-18T23:30:00-04:00,5dbda47f72d41040
2026-04-23,Telephone,Expense,Verizon Wireless,VZWRLSS\*APOCC VISB,188.52,713.58,N,Precision Blueprint Development_General Ledger.csv,2026-07-18T23:30:00-04:00,6a5b64f69462c937
2026-06-18,Telephone,Expense,Verizon Wireless,VZWRLSS\*MY VZ VB P,360.53,1074.11,N,Precision Blueprint Development_General Ledger.csv,2026-07-18T23:30:00-04:00,1706292e38a0dc63
2026-01-13,Utilities & Internet,Expense,Cox Communications,COX PHOENIX COMM SERV,100.0,100.0,N,Precision Blueprint Development_General Ledger.csv,2026-07-18T23:30:00-04:00,256eddd469ebccee
2026-02-13,Utilities & Internet,Expense,Cox Communications,COX PHOENIX COMM SERV,100.0,200.0,N,Precision Blueprint Development_General Ledger.csv,2026-07-18T23:30:00-04:00,a6747522806090fe
2026-03-14,Utilities & Internet,Expense,Cox Communications,COX PHOENIX COMM SERV,100.0,300.0,N,Precision Blueprint Development_General Ledger.csv,2026-07-18T23:30:00-04:00,a8abc6abbf17716c
2026-04-11,Utilities & Internet,Expense,Cox Communications,COX PHOENIX COMM SERV,100.0,400.0,N,Precision Blueprint Development_General Ledger.csv,2026-07-18T23:30:00-04:00,0924a97efc0be857
2026-01-02,Website & Software,Expense,Google,GOOGLE \*Workspace\_prec,72.44,72.44,N,Precision Blueprint Development_General Ledger.csv,2026-07-18T23:30:00-04:00,19485b1d6ea6a22e
2026-01-02,Website & Software,Expense,Google,GOOGLE \*Workspace\_prec,164.36,236.8,N,Precision Blueprint Development_General Ledger.csv,2026-07-18T23:30:00-04:00,2ea1956c96823246
2026-01-07,Website & Software,Expense,Apple,APPLE.COM/BILL,8.53,245.33,N,Precision Blueprint Development_General Ledger.csv,2026-07-18T23:30:00-04:00,3838f35493912595
2026-01-07,Website & Software,Expense,Apple,APPLE.COM/BILL,17.06,262.39,N,Precision Blueprint Development_General Ledger.csv,2026-07-18T23:30:00-04:00,ba6b253d6411f10e
2026-01-07,Website & Software,Expense,Total Drive,TOTALDRIVE.COM W4ENLL,1.99,264.38,N,Precision Blueprint Development_General Ledger.csv,2026-07-18T23:30:00-04:00,a1c9fcdf64ab79fa
2026-01-09,Website & Software,Expense,Total Drive,TOTALDRIVE.COM W4JWVO,38.96,303.34,N,Precision Blueprint Development_General Ledger.csv,2026-07-18T23:30:00-04:00,903751ab73ad6d9e
2026-01-13,Website & Software,Expense,Adobe,ADOBE \*800-833-6687,104.16,407.5,N,Precision Blueprint Development_General Ledger.csv,2026-07-18T23:30:00-04:00,2402b41756c52423
2026-01-16,Website & Software,Expense,Intuit,INTUIT \*QBooks Online,122.71,530.21,N,Precision Blueprint Development_General Ledger.csv,2026-07-18T23:30:00-04:00,3c323ba505037d30
2026-01-22,Website & Software,Expense,Canva,CANVA\* I04768-57111597,15.0,545.21,N,Precision Blueprint Development_General Ledger.csv,2026-07-18T23:30:00-04:00,e92cd0e255b63836
2026-01-22,Website & Software,Expense,Google One,GOOGLE \*Google One,3.19,548.4,N,Precision Blueprint Development_General Ledger.csv,2026-07-18T23:30:00-04:00,c873238556ff2994
2026-01-27,Website & Software,Expense,Google One,GOOGLE \*Google One,3.19,551.59,N,Precision Blueprint Development_General Ledger.csv,2026-07-18T23:30:00-04:00,348eb37343431388
2026-02-02,Website & Software,Expense,Google,GOOGLE \*Workspace\_prec,72.44,624.03,N,Precision Blueprint Development_General Ledger.csv,2026-07-18T23:30:00-04:00,49c292b14a38e980
2026-02-02,Website & Software,Expense,Google,GOOGLE \*Workspace\_prec,164.36,788.39,N,Precision Blueprint Development_General Ledger.csv,2026-07-18T23:30:00-04:00,cb8ab9f6ffbf65ba
2026-02-06,Website & Software,Expense,Mynd Block LLC,PAYPAL \*MYNDBLOCKLL,680.0,1468.39,N,Precision Blueprint Development_General Ledger.csv,2026-07-18T23:30:00-04:00,e679b35bf6d3dd89
2026-02-10,Website & Software,Expense,Total Drive,TOTALDRIVE.COM W66CYS,9.99,1478.38,N,Precision Blueprint Development_General Ledger.csv,2026-07-18T23:30:00-04:00,021478e8183c7cb0
2026-02-15,Website & Software,Expense,Adobe,ADOBE \*800-833-6687,104.16,1582.54,N,Precision Blueprint Development_General Ledger.csv,2026-07-18T23:30:00-04:00,a47e5f944e75e488
2026-02-16,Website & Software,Expense,Intuit,INTUIT \*QBooks Online,122.71,1705.25,N,Precision Blueprint Development_General Ledger.csv,2026-07-18T23:30:00-04:00,2a9b247bb4e874e1
2026-02-22,Website & Software,Expense,Canva,CANVA\* I04799-44574221,15.0,1720.25,N,Precision Blueprint Development_General Ledger.csv,2026-07-18T23:30:00-04:00,1cd8de1305c1457f
2026-02-24,Website & Software,Expense,Ecoscore Rescheck,ECOSCORE RESCHECK,718.0,2438.25,N,Precision Blueprint Development_General Ledger.csv,2026-07-18T23:30:00-04:00,d04d75b6fbf2cbcc
2026-02-27,Website & Software,Expense,Job Tread,JOBTREAD,259.0,2697.25,N,Precision Blueprint Development_General Ledger.csv,2026-07-18T23:30:00-04:00,151e72c6b41b0e11
2026-03-02,Website & Software,Expense,Google,GOOGLE \*Workspace\_prec,72.44,2769.69,N,Precision Blueprint Development_General Ledger.csv,2026-07-18T23:30:00-04:00,0181be93bd0d23dd
2026-03-02,Website & Software,Expense,Google,GOOGLE \*Workspace\_prec,164.36,2934.05,N,Precision Blueprint Development_General Ledger.csv,2026-07-18T23:30:00-04:00,ba3cf9bb22e1dc15
2026-03-04,Website & Software,Expense,Google One,GOOGLE \*Google One,3.19,2937.24,N,Precision Blueprint Development_General Ledger.csv,2026-07-18T23:30:00-04:00,48d61fd92de6db84
2026-03-04,Website & Software,Expense,Platform Factory,ORIG CO NAME:PLATFORM FACTORY ORIG ID:5330903620 DESC DATE:260,74.99,3012.23,N,Precision Blueprint Development_General Ledger.csv,2026-07-18T23:30:00-04:00,e9708b9f0a413989
2026-03-10,Website & Software,Expense,Total Drive,TOTALDRIVE.COM XBH5FM,14.99,3027.22,N,Precision Blueprint Development_General Ledger.csv,2026-07-18T23:30:00-04:00,5dde4115a0e7f1ba
2026-03-12,Website & Software,Expense,Adobe,ADOBE \*XXX-XXX-6687,104.16,3131.38,N,Precision Blueprint Development_General Ledger.csv,2026-07-18T23:30:00-04:00,e56d2432af0927a2
2026-03-13,Website & Software,Expense,Job Tread,JOBTREAD,9.31,3140.69,N,Precision Blueprint Development_General Ledger.csv,2026-07-18T23:30:00-04:00,bcca964407e13256
2026-03-14,Website & Software,Expense,Intuit,INTUIT \*QBooks Online,122.71,3263.4,N,Precision Blueprint Development_General Ledger.csv,2026-07-18T23:30:00-04:00,0abcc578d61f6898
2026-03-21,Website & Software,Expense,Canva,CANVA\* IXXXXX-XXXX9450,15.0,3278.4,N,Precision Blueprint Development_General Ledger.csv,2026-07-18T23:30:00-04:00,f40531a57f910dd1
2026-03-26,Website & Software,Expense,Job Tread,JOBTREAD,279.0,3557.4,N,Precision Blueprint Development_General Ledger.csv,2026-07-18T23:30:00-04:00,a11455d6064f0e54
2026-03-29,Website & Software,Expense,Mynd Block LLC,PAYPAL \*MYNDBLOCKLL,330.0,3887.4,N,Precision Blueprint Development_General Ledger.csv,2026-07-18T23:30:00-04:00,89bd57245bf1fb3b
2026-03-31,Website & Software,Expense,Google,GOOGLE \*Workspace\_prec,72.44,3959.84,N,Precision Blueprint Development_General Ledger.csv,2026-07-18T23:30:00-04:00,82b59e63bb0941fb
2026-03-31,Website & Software,Expense,Google,GOOGLE \*Workspace\_prec,164.36,4124.2,N,Precision Blueprint Development_General Ledger.csv,2026-07-18T23:30:00-04:00,85a62ad65a8d5051
2026-04-01,Website & Software,Expense,Google One,GOOGLE \*Google One,3.19,4127.39,N,Precision Blueprint Development_General Ledger.csv,2026-07-18T23:30:00-04:00,7dee47a90fbae4cb
2026-04-02,Website & Software,Expense,Platform Factory,ORIG CO NAME:PLATFORM FACTORY ORIG ID:XXXXXX3620 DESC DATE:260401 CO ENTRY DESCR:PURCHASE SEC:WEB TRACE\#:XXXXXXXX3855325 EED:260402 IND ID:844 -XXX-9322 IND NAME :RAUL BANUELOS TRN: XXXXXX5325 TC,74.99,4202.38,N,Precision Blueprint Development_General Ledger.csv,2026-07-18T23:30:00-04:00,31e0224c4ce542af
2026-04-02,Website & Software,Expense,Platform Factory,ORIG CO NAME:PLATFORM FACTORY ORIG ID:XXXXXX3620 DESC DATE:260401 CO ENTRY DESCR:PURCHASE SEC:WEB TRACE\#:XXXXXXXX3862595 EED:260402 IND ID:844 -XXX-9322 IND NAME :RAUL BANUELOS TRN: XXXXXX2595 TC,10.0,4212.38,N,Precision Blueprint Development_General Ledger.csv,2026-07-18T23:30:00-04:00,b0b047116df0dcfe
2026-04-08,Website & Software,Expense,Total Drive,TOTALDRIVE.COM XDZU3T,14.99,4227.37,N,Precision Blueprint Development_General Ledger.csv,2026-07-18T23:30:00-04:00,2937a6e7c52e3a52
2026-04-10,Website & Software,Expense,Ecoscore Rescheck,ECOSCORE RESCHECK,249.0,4476.37,N,Precision Blueprint Development_General Ledger.csv,2026-07-18T23:30:00-04:00,d2dc5fd5d7b9a0a7
2026-04-12,Website & Software,Expense,Adobe,ADOBE \*XXX-XXX-6687,104.16,4580.53,N,Precision Blueprint Development_General Ledger.csv,2026-07-18T23:30:00-04:00,1b64cdbfd7f5bd8b
2026-04-14,Website & Software,Expense,Intuit,INTUIT \*QBooks Online,122.71,4703.24,N,Precision Blueprint Development_General Ledger.csv,2026-07-18T23:30:00-04:00,7231b875bf5221b4
2026-04-21,Website & Software,Expense,Canva,CANVA\* IXXXXX-XXXX8708,15.0,4718.24,N,Precision Blueprint Development_General Ledger.csv,2026-07-18T23:30:00-04:00,15c23bea7eb66e14
2026-04-23,Website & Software,Expense,CONSTRUCTCONNECT INC,CONSTRUCTCONNECT INC,2602.95,7321.19,N,Precision Blueprint Development_General Ledger.csv,2026-07-18T23:30:00-04:00,b0444126bfab163c
2026-04-26,Website & Software,Expense,Job Tread,JOBTREAD,279.0,7600.19,N,Precision Blueprint Development_General Ledger.csv,2026-07-18T23:30:00-04:00,6b1f107475a3ca44
2026-04-30,Website & Software,Expense,Google,Google Workspace\_precisio,169.83,7770.02,N,Precision Blueprint Development_General Ledger.csv,2026-07-18T23:30:00-04:00,8040f502419b7b7e
2026-05-04,Website & Software,Expense,Platform Factory,ORIG CO NAME:PLATFORM FACTORY ORIG ID:XXXXXX3620 DESC DATE:260501 CO ENTRY DESCR:PURCHASE SEC:WEB TRACE\#:XXXXXXXX0236228 EED:260504 IND ID:844 -XXX-9322 IND NAME :RAUL BANUELOS TRN: XXXXXX6228 TC,74.99,7845.01,N,Precision Blueprint Development_General Ledger.csv,2026-07-18T23:30:00-04:00,172cac758a68660b
2026-05-04,Website & Software,Expense,Platform Factory,ORIG CO NAME:PLATFORM FACTORY ORIG ID:XXXXXX3620 DESC DATE:260501 CO ENTRY DESCR:PURCHASE SEC:WEB TRACE\#:XXXXXXXX0236230 EED:260504 IND ID:844 -XXX-9322 IND NAME :RAUL BANUELOS TRN: XXXXXX6230 TC,7.86,7852.87,N,Precision Blueprint Development_General Ledger.csv,2026-07-18T23:30:00-04:00,cc9c323a292e5e5d
2026-05-04,Website & Software,Expense,Google,GOOGLE \*Workspace\_prec,23.55,7876.42,N,Precision Blueprint Development_General Ledger.csv,2026-07-18T23:30:00-04:00,11d24a9ad3dfbfd8
2026-05-05,Website & Software,Expense,Total Drive,TOTALDRIVE.COM XGA25Z,14.99,7891.41,N,Precision Blueprint Development_General Ledger.csv,2026-07-18T23:30:00-04:00,ef5f5ce833ea5337
2026-05-06,Website & Software,Expense,GROK X AI,GROK XAI,30.0,7921.41,N,Precision Blueprint Development_General Ledger.csv,2026-07-18T23:30:00-04:00,c16bcec3c5e06da3
2026-05-08,Website & Software,Expense,Mynd Block LLC,PAYPAL \*MYNDBLOCKLL,800.0,8721.41,N,Precision Blueprint Development_General Ledger.csv,2026-07-18T23:30:00-04:00,3e90b1a62c99cf9a
2026-05-11,Website & Software,Expense,Adobe,ADOBE \*XXX-XXX-6687,104.16,8825.57,N,Precision Blueprint Development_General Ledger.csv,2026-07-18T23:30:00-04:00,dc5be5bcfa926268
2026-05-11,Website & Software,Expense,Google One,GOOGLE \*Google One,21.33,8846.9,N,Precision Blueprint Development_General Ledger.csv,2026-07-18T23:30:00-04:00,ae18c30ca53b8c26
2026-05-19,Website & Software,Expense,Google One,GOOGLE \*Google One,32.0,8878.9,N,Precision Blueprint Development_General Ledger.csv,2026-07-18T23:30:00-04:00,46dc1a9bc0aa4e4d
2026-05-19,Website & Software,Expense,Google One,GOOGLE \*Google One,106.69,8985.59,N,Precision Blueprint Development_General Ledger.csv,2026-07-18T23:30:00-04:00,ef78298b0e1c2ec0
2026-05-21,Website & Software,Expense,Canva,CANVA\* IXXXXX-XXXX4866,15.0,9000.59,N,Precision Blueprint Development_General Ledger.csv,2026-07-18T23:30:00-04:00,92d23ec4a12ebc5c
2026-05-26,Website & Software,Expense,Job Tread,JOBTREAD,279.0,9279.59,N,Precision Blueprint Development_General Ledger.csv,2026-07-18T23:30:00-04:00,88c16fcde3a1c891
2026-05-31,Website & Software,Expense,Google,GOOGLE \*Workspace\_prec,174.96,9454.55,N,Precision Blueprint Development_General Ledger.csv,2026-07-18T23:30:00-04:00,356f69b666220deb
2026-06-02,Website & Software,Expense,Platform Factory,ORIG CO NAME:PLATFORM FACTORY ORIG ID:XXXXXX3620 DESC DATE:260601 CO ENTRY DESCR:PURCHASE SEC:WEB TRACE\#:XXXXXXXX2199515 EED:260602 IND ID:844 -XXX-9322 IND NAME :RAUL BANUELOS TRN: XXXXXX9515 TC,7.86,9462.41,N,Precision Blueprint Development_General Ledger.csv,2026-07-18T23:30:00-04:00,188b69580dfa12ea
2026-06-02,Website & Software,Expense,Google,GOOGLE \*Workspace\_prec,144.88,9607.29,N,Precision Blueprint Development_General Ledger.csv,2026-07-18T23:30:00-04:00,1f1f1ae26491a668
2026-06-06,Website & Software,Expense,GROK X AI,GROK XAI,30.0,9637.29,N,Precision Blueprint Development_General Ledger.csv,2026-07-18T23:30:00-04:00,37b3dcb0f9e9604a
2026-06-06,Website & Software,Expense,Mailchimp,Mailchimp,21.12,9658.41,N,Precision Blueprint Development_General Ledger.csv,2026-07-18T23:30:00-04:00,7f0c8df6acd309b9
2026-06-08,Website & Software,Expense,Total Drive,TOTALDRIVE.COM XI2PUY,14.99,9673.4,N,Precision Blueprint Development_General Ledger.csv,2026-07-18T23:30:00-04:00,3cdd76ad9c4ff66d
2026-06-11,Website & Software,Expense,Intuit,INTUIT \*QBooks Online,122.71,9796.11,N,Precision Blueprint Development_General Ledger.csv,2026-07-18T23:30:00-04:00,28832b2aab7bcdf4
2026-06-12,Website & Software,Expense,Adobe,ADOBE \*XXX-XXX-6687,104.16,9900.27,N,Precision Blueprint Development_General Ledger.csv,2026-07-18T23:30:00-04:00,f0633f9223d0e405
2026-06-19,Website & Software,Expense,Job Tread,JOBTREAD,4.64,9904.91,N,Precision Blueprint Development_General Ledger.csv,2026-07-18T23:30:00-04:00,e1148a34f8d6ee34
2026-06-21,Website & Software,Expense,Canva,CANVA\* IXXXXX-XXXX0193,15.0,9919.91,N,Precision Blueprint Development_General Ledger.csv,2026-07-18T23:30:00-04:00,34850d02ab52a601
2026-06-26,Website & Software,Expense,Job Tread,JOBTREAD,299.0,10218.91,N,Precision Blueprint Development_General Ledger.csv,2026-07-18T23:30:00-04:00,e644bbd7fc97c290
2026-06-30,Website & Software,Expense,Google,GOOGLE \*Workspace\_prec,72.44,10291.35,N,Precision Blueprint Development_General Ledger.csv,2026-07-18T23:30:00-04:00,ad989bc1bc41745c
2026-06-30,Website & Software,Expense,Google,GOOGLE \*Workspace\_prec,200.88,10492.23,N,Precision Blueprint Development_General Ledger.csv,2026-07-18T23:30:00-04:00,1c4576ed12bd767b
2026-01-02,Payroll Processing Fees,Expense,ADP,ORIG CO NAME:ADP PAYROLL FEES ORIG ID:9659605001 DESC DATE:260,69.31,69.31,N,Precision Blueprint Development_General Ledger.csv,2026-07-18T23:30:00-04:00,868c0042619a8e83
2026-01-02,Payroll Processing Fees,Expense,ADP,ORIG CO NAME:ADP PAYROLL FEES ORIG ID:9659605001 DESC DATE:260,50.0,119.31,N,Precision Blueprint Development_General Ledger.csv,2026-07-18T23:30:00-04:00,3574e3d609d49038
2026-01-09,Payroll Processing Fees,Expense,ADP,ORIG CO NAME:ADP PAYROLL FEES ORIG ID:9659605001 DESC DATE:260,69.31,188.62,N,Precision Blueprint Development_General Ledger.csv,2026-07-18T23:30:00-04:00,515eb4ff3b0ef44e
2026-01-16,Payroll Processing Fees,Expense,ADP,ORIG CO NAME:ADP PAYROLL FEES ORIG ID:9659605001 DESC DATE:260,69.31,257.93,N,Precision Blueprint Development_General Ledger.csv,2026-07-18T23:30:00-04:00,e41412a2f4131812
2026-01-23,Payroll Processing Fees,Expense,ADP,ORIG CO NAME:ADP PAYROLL FEES ORIG ID:9659605001 DESC DATE:260,69.31,327.24,N,Precision Blueprint Development_General Ledger.csv,2026-07-18T23:30:00-04:00,a4270271b416ca64
2026-01-30,Payroll Processing Fees,Expense,ADP,ORIG CO NAME:ADP PAYROLL FEES ORIG ID:9659605001 DESC DATE:260,69.31,396.55,N,Precision Blueprint Development_General Ledger.csv,2026-07-18T23:30:00-04:00,bc7f40bf23360c49
2026-01-30,Payroll Processing Fees,Expense,ADP,ORIG CO NAME:ADP PAYROLL FEES ORIG ID:9659605001 DESC DATE:260,50.0,446.55,N,Precision Blueprint Development_General Ledger.csv,2026-07-18T23:30:00-04:00,848676f419d5ba50
2026-02-04,Payroll Processing Fees,Expense,ADP,ORIG CO NAME:ADP PAYROLL FEES ORIG ID:9659605001 DESC DATE:260,62.45,509.0,N,Precision Blueprint Development_General Ledger.csv,2026-07-18T23:30:00-04:00,19aa7a9f25402464
2026-02-06,Payroll Processing Fees,Expense,ADP,ORIG CO NAME:ADP PAYROLL FEES ORIG ID:9659605001 DESC DATE:260,69.31,578.31,N,Precision Blueprint Development_General Ledger.csv,2026-07-18T23:30:00-04:00,65c10074929f8ae5
2026-02-13,Payroll Processing Fees,Expense,ADP,ORIG CO NAME:ADP PAYROLL FEES ORIG ID:9659605001 DESC DATE:260,69.31,647.62,N,Precision Blueprint Development_General Ledger.csv,2026-07-18T23:30:00-04:00,14fe1eca67fc53f7
2026-02-20,Payroll Processing Fees,Expense,ADP,ORIG CO NAME:ADP PAYROLL FEES ORIG ID:9659605001 DESC DATE:260,69.31,716.93,N,Precision Blueprint Development_General Ledger.csv,2026-07-18T23:30:00-04:00,4b7a2b6e3d27c44f
2026-02-27,Payroll Processing Fees,Expense,ADP,ORIG CO NAME:ADP PAYROLL FEES ORIG ID:9659605001 DESC DATE:260,69.31,786.24,N,Precision Blueprint Development_General Ledger.csv,2026-07-18T23:30:00-04:00,061c516685fcd625
2026-02-27,Payroll Processing Fees,Expense,ADP,ORIG CO NAME:ADP PAYROLL FEES ORIG ID:9659605001 DESC DATE:260,50.0,836.24,N,Precision Blueprint Development_General Ledger.csv,2026-07-18T23:30:00-04:00,cc3f59307cdda981
2026-03-06,Payroll Processing Fees,Expense,ADP,ORIG CO NAME:ADP PAYROLL FEES ORIG ID:9659605001 DESC DATE:260,69.31,905.55,N,Precision Blueprint Development_General Ledger.csv,2026-07-18T23:30:00-04:00,98db9f22586f84fd
2026-03-13,Payroll Processing Fees,Expense,ADP,ORIG CO NAME:ADP PAYROLL FEES ORIG ID:9659605001 DESC DATE:260,69.31,974.86,N,Precision Blueprint Development_General Ledger.csv,2026-07-18T23:30:00-04:00,a505eed73ed61694
2026-03-20,Payroll Processing Fees,Expense,ADP,ORIG CO NAME:ADP PAYROLL FEES ORIG ID:9659605001 DESC DATE:260,69.31,1044.17,N,Precision Blueprint Development_General Ledger.csv,2026-07-18T23:30:00-04:00,2ea7e76be6d24f93
2026-03-27,Payroll Processing Fees,Expense,ADP,ORIG CO NAME:ADP PAYROLL FEES ORIG ID:9659605001 DESC DATE:260,69.31,1113.48,N,Precision Blueprint Development_General Ledger.csv,2026-07-18T23:30:00-04:00,24f4920a654692f6
2026-04-03,Payroll Processing Fees,Expense,ADP,ORIG CO NAME:ADP PAYROLL FEES ORIG ID:XXXXXX5001 DESC DATE:260403 CO ENTRY DESCR:ADP FEES SEC:CCD TRACE\#:XXXXXXXX9164859 EED:260403 IND ID:XXXXXXXX8932 IND NAME :XXXXX3415PRECISION BLU XXXXX4703 TRN: XXXXXX4859 TC,69.31,1182.79,N,Precision Blueprint Development_General Ledger.csv,2026-07-18T23:30:00-04:00,85a5bf6a972e9397
2026-04-03,Payroll Processing Fees,Expense,ADP,ORIG CO NAME:ADP PAYROLL FEES ORIG ID:XXXXXX5001 DESC DATE:260403 CO ENTRY DESCR:ADP FEES SEC:CCD TRACE\#:XXXXXXXX9165009 EED:260403 IND ID:XXXXXXXX8933 IND NAME :XXXXX9358PRECISION BLU XXXXX4703 TRN: XXXXXX5009 TC,50.0,1232.79,N,Precision Blueprint Development_General Ledger.csv,2026-07-18T23:30:00-04:00,63d7979d7f2ba93c
2026-04-10,Payroll Processing Fees,Expense,ADP,ORIG CO NAME:ADP PAYROLL FEES ORIG ID:XXXXXX5001 DESC DATE:260410 CO ENTRY DESCR:ADP FEES SEC:CCD TRACE\#:XXXXXXXX2007862 EED:260410 IND ID:XXXXXXXX6933 IND NAME :XXXXX3664PRECISION BLU XXXXX4703 TRN: XXXXXX7862 TC,69.31,1302.1,N,Precision Blueprint Development_General Ledger.csv,2026-07-18T23:30:00-04:00,b1d9d5b5c82b22dd
2026-04-17,Payroll Processing Fees,Expense,ADP,ORIG CO NAME:ADP PAYROLL FEES ORIG ID:XXXXXX5001 DESC DATE:260417 CO ENTRY DESCR:ADP FEES SEC:CCD TRACE\#:XXXXXXXX4472506 EED:260417 IND ID:XXXXXXXX0574 IND NAME :XXXXX5357PRECISION BLU XXXXX4703 TRN: XXXXXX2506 TC,69.31,1371.41,N,Precision Blueprint Development_General Ledger.csv,2026-07-18T23:30:00-04:00,b6af876503ad84ec
2026-04-24,Payroll Processing Fees,Expense,ADP,ORIG CO NAME:ADP PAYROLL FEES ORIG ID:XXXXXX5001 DESC DATE:260424 CO ENTRY DESCR:ADP FEES SEC:CCD TRACE\#:XXXXXXXX5513994 EED:260424 IND ID:XXXXXXXX5743 IND NAME :XXXXX8804PRECISION BLU XXXXX4703 TRN: XXXXXX3994 TC,69.31,1440.72,N,Precision Blueprint Development_General Ledger.csv,2026-07-18T23:30:00-04:00,2c19c0fff4ae468e
2026-05-01,Payroll Processing Fees,Expense,ADP,ORIG CO NAME:ADP PAYROLL FEES ORIG ID:XXXXXX5001 DESC DATE:260501 CO ENTRY DESCR:ADP FEES SEC:CCD TRACE\#:XXXXXXXX6763756 EED:260501 IND ID:XXXXXXXX4993 IND NAME :XXXXX1238PRECISION BLU XXXXX4703 TRN: XXXXXX3756 TC,69.31,1510.03,N,Precision Blueprint Development_General Ledger.csv,2026-07-18T23:30:00-04:00,c9eaa5c9fffb7037
2026-05-01,Payroll Processing Fees,Expense,ADP,ORIG CO NAME:ADP PAYROLL FEES ORIG ID:XXXXXX5001 DESC DATE:260501 CO ENTRY DESCR:ADP FEES SEC:CCD TRACE\#:XXXXXXXX6763085 EED:260501 IND ID:XXXXXXXX4992 IND NAME :XXXXX8860PRECISION BLU XXXXX4703 TRN: XXXXXX3085 TC,50.0,1560.03,N,Precision Blueprint Development_General Ledger.csv,2026-07-18T23:30:00-04:00,164f23c7496672ff
2026-05-08,Payroll Processing Fees,Expense,ADP,ORIG CO NAME:ADP PAYROLL FEES ORIG ID:XXXXXX5001 DESC DATE:260508 CO ENTRY DESCR:ADP FEES SEC:CCD TRACE\#:XXXXXXXX0754923 EED:260508 IND ID:XXXXXXXX4837 IND NAME :XXXXX3550PRECISION BLU XXXXX4703 TRN: XXXXXX4923 TC,69.31,1629.34,N,Precision Blueprint Development_General Ledger.csv,2026-07-18T23:30:00-04:00,a49e50c45f81eb6e
2026-05-15,Payroll Processing Fees,Expense,ADP,ORIG CO NAME:ADP PAYROLL FEES ORIG ID:XXXXXX5001 DESC DATE:260515 CO ENTRY DESCR:ADP FEES SEC:CCD TRACE\#:XXXXXXXX2759599 EED:260515 IND ID:XXXXXXXX1134 IND NAME :XXXXX0782PRECISION BLU XXXXX4703 TRN: XXXXXX9599 TC,69.31,1698.65,N,Precision Blueprint Development_General Ledger.csv,2026-07-18T23:30:00-04:00,6b3bdc8d413277c8
2026-05-22,Payroll Processing Fees,Expense,ADP,ORIG CO NAME:ADP PAYROLL FEES ORIG ID:XXXXXX5001 DESC DATE:260522 CO ENTRY DESCR:ADP FEES SEC:CCD TRACE\#:XXXXXXXX5740984 EED:260522 IND ID:XXXXXXXX7878 IND NAME :XXXXX7122PRECISION BLU XXXXX4703 TRN: XXXXXX0984 TC,69.31,1767.96,N,Precision Blueprint Development_General Ledger.csv,2026-07-18T23:30:00-04:00,703a2d30caa77e4e
2026-05-29,Payroll Processing Fees,Expense,ADP,ORIG CO NAME:ADP PAYROLL FEES ORIG ID:XXXXXX5001 DESC DATE:260529 CO ENTRY DESCR:ADP FEES SEC:CCD TRACE\#:XXXXXXXX9893372 EED:260529 IND ID:XXXXXXXX1304 IND NAME :XXXXX1594PRECISION BLU XXXXX4703 TRN: XXXXXX3372 TC,69.31,1837.27,N,Precision Blueprint Development_General Ledger.csv,2026-07-18T23:30:00-04:00,43cad74faf2f320b
2026-05-29,Payroll Processing Fees,Expense,ADP,ORIG CO NAME:ADP PAYROLL FEES ORIG ID:XXXXXX5001 DESC DATE:260529 CO ENTRY DESCR:ADP FEES SEC:CCD TRACE\#:XXXXXXXX9893146 EED:260529 IND ID:XXXXXXXX1303 IND NAME :XXXXX4949PRECISION BLU XXXXX4703 TRN: XXXXXX3146 TC,50.0,1887.27,N,Precision Blueprint Development_General Ledger.csv,2026-07-18T23:30:00-04:00,1f7048d83e606710
2026-06-05,Payroll Processing Fees,Expense,ADP,ORIG CO NAME:ADP PAYROLL FEES ORIG ID:XXXXXX5001 DESC DATE:260605 CO ENTRY DESCR:ADP FEES SEC:CCD TRACE\#:XXXXXXXX0961480 EED:260605 IND ID:XXXXXXXX4984 IND NAME :XXXXX2004PRECISION BLU XXXXX4703 TRN: XXXXXX1480 TC,69.31,1956.58,N,Precision Blueprint Development_General Ledger.csv,2026-07-18T23:30:00-04:00,bc8669839bbc4677
2026-06-12,Payroll Processing Fees,Expense,ADP,ORIG CO NAME:ADP PAYROLL FEES ORIG ID:XXXXXX5001 DESC DATE:260612 CO ENTRY DESCR:ADP FEES SEC:CCD TRACE\#:XXXXXXXX4113287 EED:260612 IND ID:XXXXXXXX2395 IND NAME :XXXXX0441PRECISION BLU XXXXX4703 TRN: XXXXXX3287 TC,69.31,2025.89,N,Precision Blueprint Development_General Ledger.csv,2026-07-18T23:30:00-04:00,123a5466a9a44bca
2026-06-22,Payroll Processing Fees,Expense,ADP,ORIG CO NAME:ADP PAYROLL FEES ORIG ID:XXXXXX5001 DESC DATE:260622 CO ENTRY DESCR:ADP FEES SEC:CCD TRACE\#:XXXXXXXX6246862 EED:260622 IND ID:XXXXXXXX8907 IND NAME :XXXXX4892PRECISION BLU XXXXX4703 TRN: XXXXXX6862 TC,69.31,2095.2,N,Precision Blueprint Development_General Ledger.csv,2026-07-18T23:30:00-04:00,abe8fdb6acfb1661
2026-06-26,Payroll Processing Fees,Expense,ADP,ORIG CO NAME:ADP PAYROLL FEES ORIG ID:XXXXXX5001 DESC DATE:260626 CO ENTRY DESCR:ADP FEES SEC:CCD TRACE\#:XXXXXXXX5244210 EED:260626 IND ID:XXXXXXXX5922 IND NAME :XXXXX7056PRECISION BLU XXXXX4703 TRN: XXXXXX4210 TC,69.31,2164.51,N,Precision Blueprint Development_General Ledger.csv,2026-07-18T23:30:00-04:00,704e9deeb111a6b9
2026-01-02,Payroll Taxes (ER),Journal Entry,,"JE is to move the 12/31/25 ADP Payroll run into 2026, when it ran thru ADP. Funds debited bank account early. - REVERSAL",147.83,147.83,N,Precision Blueprint Development_General Ledger.csv,2026-07-18T23:30:00-04:00,18cade7b58b03785
2026-01-08,Payroll Taxes (ER),Expense,ADP,ORIG CO NAME:ADP Tax ORIG ID:1223006057 DESC DATE:260,147.83,295.66,N,Precision Blueprint Development_General Ledger.csv,2026-07-18T23:30:00-04:00,7bb2229dbaf75d4e
2026-01-09,Payroll Taxes (ER),Journal Entry,,,147.83,443.49,N,Precision Blueprint Development_General Ledger.csv,2026-07-18T23:30:00-04:00,ad6fea7164b53cbe
2026-01-15,Payroll Taxes (ER),Expense,ADP,ORIG CO NAME:ADP Tax ORIG ID:1223006057 DESC DATE:260,147.83,591.32,N,Precision Blueprint Development_General Ledger.csv,2026-07-18T23:30:00-04:00,07947c8f4ae09bcc
2026-01-16,Payroll Taxes (ER),Journal Entry,,,147.83,739.15,N,Precision Blueprint Development_General Ledger.csv,2026-07-18T23:30:00-04:00,7cf3e54d9f13f1e7
2026-01-23,Payroll Taxes (ER),Journal Entry,,,147.83,886.98,N,Precision Blueprint Development_General Ledger.csv,2026-07-18T23:30:00-04:00,b9137c09188d4f3b
2026-01-30,Payroll Taxes (ER),Journal Entry,,,146.56,1033.54,N,Precision Blueprint Development_General Ledger.csv,2026-07-18T23:30:00-04:00,01bc8f4fdc1ad5da
2026-02-06,Payroll Taxes (ER),Journal Entry,,,126.1,1159.64,N,Precision Blueprint Development_General Ledger.csv,2026-07-18T23:30:00-04:00,bd592919678e858e
2026-02-13,Payroll Taxes (ER),Journal Entry,,,110.33,1269.97,N,Precision Blueprint Development_General Ledger.csv,2026-07-18T23:30:00-04:00,0676aec157d14e74
2026-02-20,Payroll Taxes (ER),Journal Entry,,,110.33,1380.3,N,Precision Blueprint Development_General Ledger.csv,2026-07-18T23:30:00-04:00,6f37a6a8aea99a92
2026-02-27,Payroll Taxes (ER),Journal Entry,,,110.33,1490.63,N,Precision Blueprint Development_General Ledger.csv,2026-07-18T23:30:00-04:00,26cc5a5886cd24a3
2026-03-06,Payroll Taxes (ER),Journal Entry,,,110.33,1600.96,N,Precision Blueprint Development_General Ledger.csv,2026-07-18T23:30:00-04:00,fca8717f82f5e3e1
2026-03-13,Payroll Taxes (ER),Journal Entry,,,110.33,1711.29,N,Precision Blueprint Development_General Ledger.csv,2026-07-18T23:30:00-04:00,8be0f79f57ffe102
2026-03-20,Payroll Taxes (ER),Journal Entry,,,110.33,1821.62,N,Precision Blueprint Development_General Ledger.csv,2026-07-18T23:30:00-04:00,30ec564aaac3bf75
2026-03-27,Payroll Taxes (ER),Journal Entry,,,110.33,1931.95,N,Precision Blueprint Development_General Ledger.csv,2026-07-18T23:30:00-04:00,ef0af3ab81a0d6ac
2026-04-03,Payroll Taxes (ER),Journal Entry,,,110.33,2042.28,N,Precision Blueprint Development_General Ledger.csv,2026-07-18T23:30:00-04:00,604e1692f2c056ec
2026-04-10,Payroll Taxes (ER),Journal Entry,,,110.33,2152.61,N,Precision Blueprint Development_General Ledger.csv,2026-07-18T23:30:00-04:00,94a2e2a804d93cd6
2026-04-17,Payroll Taxes (ER),Journal Entry,,,110.33,2262.94,N,Precision Blueprint Development_General Ledger.csv,2026-07-18T23:30:00-04:00,468a255a0fe7842d
2026-04-24,Payroll Taxes (ER),Journal Entry,,,110.33,2373.27,N,Precision Blueprint Development_General Ledger.csv,2026-07-18T23:30:00-04:00,34a6df91c6a21aeb
2026-05-01,Payroll Taxes (ER),Journal Entry,,,110.33,2483.6,N,Precision Blueprint Development_General Ledger.csv,2026-07-18T23:30:00-04:00,19fbcad130426aab
2026-05-08,Payroll Taxes (ER),Journal Entry,,,110.33,2593.93,N,Precision Blueprint Development_General Ledger.csv,2026-07-18T23:30:00-04:00,d3e12ea88c6c52db
2026-05-15,Payroll Taxes (ER),Journal Entry,,,110.33,2704.26,N,Precision Blueprint Development_General Ledger.csv,2026-07-18T23:30:00-04:00,e775485a518cba97
2026-05-22,Payroll Taxes (ER),Journal Entry,,,110.33,2814.59,N,Precision Blueprint Development_General Ledger.csv,2026-07-18T23:30:00-04:00,605dbbe092759333
2026-05-29,Payroll Taxes (ER),Journal Entry,,,110.33,2924.92,N,Precision Blueprint Development_General Ledger.csv,2026-07-18T23:30:00-04:00,a2e5defad02faf01
2026-06-05,Payroll Taxes (ER),Journal Entry,,,110.33,3035.25,N,Precision Blueprint Development_General Ledger.csv,2026-07-18T23:30:00-04:00,3fbd224db8c410fa
2026-06-12,Payroll Taxes (ER),Journal Entry,,,110.33,3145.58,N,Precision Blueprint Development_General Ledger.csv,2026-07-18T23:30:00-04:00,7111d98781de4d4e
2026-06-18,Payroll Taxes (ER),Journal Entry,,,110.33,3255.91,N,Precision Blueprint Development_General Ledger.csv,2026-07-18T23:30:00-04:00,989598ff066b81b0
2026-06-26,Payroll Taxes (ER),Journal Entry,,,110.33,3366.24,N,Precision Blueprint Development_General Ledger.csv,2026-07-18T23:30:00-04:00,4b08ef1550ac27fd
2026-01-02,Wages,Journal Entry,,"JE is to move the 12/31/25 ADP Payroll run into 2026, when it ran thru ADP. Funds debited bank account early. - REVERSAL",1442.31,1442.31,N,Precision Blueprint Development_General Ledger.csv,2026-07-18T23:30:00-04:00,86945c9c7a5c4c87
2026-01-08,Wages,Expense,ADP,A Espinoza,1442.31,2884.62,N,Precision Blueprint Development_General Ledger.csv,2026-07-18T23:30:00-04:00,babd88b22a8252bb
2026-01-09,Wages,Journal Entry,,,1442.31,4326.93,N,Precision Blueprint Development_General Ledger.csv,2026-07-18T23:30:00-04:00,abe641c9759422d5
2026-01-15,Wages,Expense,ADP,A Espinoza,1442.31,5769.24,N,Precision Blueprint Development_General Ledger.csv,2026-07-18T23:30:00-04:00,c6adff6b6fe7c905
2026-01-16,Wages,Journal Entry,,,1442.31,7211.55,N,Precision Blueprint Development_General Ledger.csv,2026-07-18T23:30:00-04:00,7076cc6c4af280da
2026-01-23,Wages,Journal Entry,,,1442.31,8653.86,N,Precision Blueprint Development_General Ledger.csv,2026-07-18T23:30:00-04:00,06e9b6c089e2c48c
2026-01-30,Wages,Journal Entry,,,1442.31,10096.17,N,Precision Blueprint Development_General Ledger.csv,2026-07-18T23:30:00-04:00,bde0e76fd32295f7
2026-02-06,Wages,Journal Entry,,,1442.31,11538.48,N,Precision Blueprint Development_General Ledger.csv,2026-07-18T23:30:00-04:00,6db5c532a331fa74
2026-02-13,Wages,Journal Entry,,,1442.31,12980.79,N,Precision Blueprint Development_General Ledger.csv,2026-07-18T23:30:00-04:00,0864b6bd43b95133
2026-02-20,Wages,Journal Entry,,,1442.31,14423.1,N,Precision Blueprint Development_General Ledger.csv,2026-07-18T23:30:00-04:00,b12ffb06a799e067
2026-02-27,Wages,Journal Entry,,,1442.31,15865.41,N,Precision Blueprint Development_General Ledger.csv,2026-07-18T23:30:00-04:00,62f8c36959cb9aeb
2026-03-06,Wages,Journal Entry,,,1442.31,17307.72,N,Precision Blueprint Development_General Ledger.csv,2026-07-18T23:30:00-04:00,f2e1c148b17196df
2026-03-13,Wages,Journal Entry,,,1442.31,18750.03,N,Precision Blueprint Development_General Ledger.csv,2026-07-18T23:30:00-04:00,636c5619ab00696b
2026-03-20,Wages,Journal Entry,,,1442.31,20192.34,N,Precision Blueprint Development_General Ledger.csv,2026-07-18T23:30:00-04:00,80e1e203fd21c9cd
2026-03-27,Wages,Journal Entry,,,1442.31,21634.65,N,Precision Blueprint Development_General Ledger.csv,2026-07-18T23:30:00-04:00,66036ea0aea76692
2026-04-03,Wages,Journal Entry,,,1442.31,23076.96,N,Precision Blueprint Development_General Ledger.csv,2026-07-18T23:30:00-04:00,42c072fded05f6e8
2026-04-10,Wages,Journal Entry,,,1442.31,24519.27,N,Precision Blueprint Development_General Ledger.csv,2026-07-18T23:30:00-04:00,eed5b507bffb1105
2026-04-17,Wages,Journal Entry,,,1442.31,25961.58,N,Precision Blueprint Development_General Ledger.csv,2026-07-18T23:30:00-04:00,8f905437385963d4
2026-04-24,Wages,Journal Entry,,,1442.31,27403.89,N,Precision Blueprint Development_General Ledger.csv,2026-07-18T23:30:00-04:00,dc55584cb1adb8ee
2026-05-01,Wages,Journal Entry,,,1442.31,28846.2,N,Precision Blueprint Development_General Ledger.csv,2026-07-18T23:30:00-04:00,8f1ebd5bd041e691
2026-05-08,Wages,Journal Entry,,,1442.31,30288.51,N,Precision Blueprint Development_General Ledger.csv,2026-07-18T23:30:00-04:00,a6485e346d17353c
2026-05-15,Wages,Journal Entry,,,1442.31,31730.82,N,Precision Blueprint Development_General Ledger.csv,2026-07-18T23:30:00-04:00,3b08ced532d888db
2026-05-22,Wages,Journal Entry,,,1442.31,33173.13,N,Precision Blueprint Development_General Ledger.csv,2026-07-18T23:30:00-04:00,efdc9a10738b5626
2026-05-29,Wages,Journal Entry,,,1442.31,34615.44,N,Precision Blueprint Development_General Ledger.csv,2026-07-18T23:30:00-04:00,3e44ca407cde274b
2026-06-05,Wages,Journal Entry,,,1442.31,36057.75,N,Precision Blueprint Development_General Ledger.csv,2026-07-18T23:30:00-04:00,bb968b0862472855
2026-06-12,Wages,Journal Entry,,,1442.31,37500.06,N,Precision Blueprint Development_General Ledger.csv,2026-07-18T23:30:00-04:00,f17f8b0aaea6dcca
2026-06-18,Wages,Journal Entry,,,1442.31,38942.37,N,Precision Blueprint Development_General Ledger.csv,2026-07-18T23:30:00-04:00,8d721cffba6e78b0
2026-06-26,Wages,Journal Entry,,,1442.31,40384.68,N,Precision Blueprint Development_General Ledger.csv,2026-07-18T23:30:00-04:00,5ea3ae7da3ec0cd8
2026-01-12,Legal Services,Expense,Law Offices of Adam Rieth,ADAM C RIETH PLLC,500.0,500.0,N,Precision Blueprint Development_General Ledger.csv,2026-07-18T23:30:00-04:00,c2c6544ce84d2364
2026-02-15,Legal Services,Expense,Law Offices of Adam Rieth,ADAM C RIETH PLLC,500.0,1000.0,N,Precision Blueprint Development_General Ledger.csv,2026-07-18T23:30:00-04:00,321f7dec73bdde73
2026-03-06,Legal Services,Expense,Lang Thal King Hanso,Lang Thal King Hanso,3500.0,4500.0,N,Precision Blueprint Development_General Ledger.csv,2026-07-18T23:30:00-04:00,9f8336b2ea77c45e
2026-04-23,Legal Services,Credit Card Credit,Lang Thal King Hanso,Lang Thal King Hanso,-2005.0,2495.0,N,Precision Blueprint Development_General Ledger.csv,2026-07-18T23:30:00-04:00,3d0a6a7738f56e1a
2026-05-08,Legal Services,Expense,"ERNST, BROWN AND DRAPE","ERNST, BROWN AND DRAPE",245.0,2740.0,N,Precision Blueprint Development_General Ledger.csv,2026-07-18T23:30:00-04:00,02531efaaed211de
2026-05-26,Legal Services,Expense,Lang Thal King Hanso,Lang Thal King Hanso,3500.0,6240.0,N,Precision Blueprint Development_General Ledger.csv,2026-07-18T23:30:00-04:00,68419cdb972ab643
2026-06-09,Legal Services,Expense,"ERNST, BROWN AND DRAPE","ERNST, BROWN &...",2036.0,8276.0,N,Precision Blueprint Development_General Ledger.csv,2026-07-18T23:30:00-04:00,c772c076fe69a656
2026-01-02,Tax & Accounting Services,Expense,BASC Expertise,BUSINESS TO BUSINESS ACH BASC EXPERTISE O SALE 260101 RAUL BANUELOS,2828.0,2828.0,N,Precision Blueprint Development_General Ledger.csv,2026-07-18T23:30:00-04:00,3aa55270feaed245
2026-01-28,Tax & Accounting Services,Expense,BASC Expertise,BUSINESS TO BUSINESS ACH BASC EXPERTISE O SALE 260128 RAUL BANUELOS,1297.85,4125.85,N,Precision Blueprint Development_General Ledger.csv,2026-07-18T23:30:00-04:00,1608901cef159163
2026-01-29,Tax & Accounting Services,Expense,BASC Expertise,BUSINESS TO BUSINESS ACH BASC EXPERTISE O SALE 260129 RAUL BANUELOS,358.55,4484.4,N,Precision Blueprint Development_General Ledger.csv,2026-07-18T23:30:00-04:00,9c7f71fe5b4d3a42
2026-02-02,Tax & Accounting Services,Expense,BASC Expertise,BUSINESS TO BUSINESS ACH BASC EXPERTISE O SALE 260201 RAUL BANUELOS,2828.0,7312.4,N,Precision Blueprint Development_General Ledger.csv,2026-07-18T23:30:00-04:00,3462ebc9a6412823
2026-03-02,Tax & Accounting Services,Expense,BASC Expertise,BUSINESS TO BUSINESS ACH BASC EXPERTISE O SALE 260301 RAUL BANUELOS,2828.0,10140.4,N,Precision Blueprint Development_General Ledger.csv,2026-07-18T23:30:00-04:00,74f31e97cab13205
2026-04-01,Tax & Accounting Services,Expense,BASC Expertise,BUSINESS TO BUSINESS ACH BASC EXPERTISE O SALE 260401 RAUL BANUELOS,2828.0,12968.4,N,Precision Blueprint Development_General Ledger.csv,2026-07-18T23:30:00-04:00,e324eae7daffa8e8
2026-04-02,Tax & Accounting Services,Expense,BASC Expertise,BASC TAX ADVISORY,1073.81,14042.21,N,Precision Blueprint Development_General Ledger.csv,2026-07-18T23:30:00-04:00,ae61b19e5df57621
2026-04-13,Tax & Accounting Services,Expense,BASC Expertise,BASC TAX ADVISORY,150.0,14192.21,N,Precision Blueprint Development_General Ledger.csv,2026-07-18T23:30:00-04:00,dc59dfc79a703570
2026-06-08,Tax & Accounting Services,Expense,BASC Expertise,IN \*BASC EXPERTISE OF AZ,7762.25,21954.46,N,Precision Blueprint Development_General Ledger.csv,2026-07-18T23:30:00-04:00,6c1e5b207082d852
2026-04-18,Airfare,Credit Card Credit,Expedia,EXPEDIA XXXXXXXXXX0451,-167.28,-167.28,N,Precision Blueprint Development_General Ledger.csv,2026-07-18T23:30:00-04:00,ce8835aa7800a962
2026-04-18,Airfare,Expense,Expedia,EXPEDIA XXXXXXXXXX0451,176.9,9.62,N,Precision Blueprint Development_General Ledger.csv,2026-07-18T23:30:00-04:00,47438acba7938d33
2026-04-18,Lodging,Expense,HILTON GARDEN INN,HILTON GARDEN INN,289.51,289.51,N,Precision Blueprint Development_General Ledger.csv,2026-07-18T23:30:00-04:00,87b96b4215f2f959
2026-04-18,Parking,Expense,Sky Harbor Parking,SKYHARBORPARKINGTERM4,90.0,90.0,N,Precision Blueprint Development_General Ledger.csv,2026-07-18T23:30:00-04:00,093903696c25782a
2026-01-19,Transportation,Expense,Enterprise Rent-A-Car,ENTERPRISE RENT-A-CAR,547.7,547.7,N,Precision Blueprint Development_General Ledger.csv,2026-07-18T23:30:00-04:00,3d4b42b44c169f92
2026-06-01,Unapplied Cash Bill Payment Expense,Bill Payment (Check),J's Plumbing,,2000.0,2000.0,N,Precision Blueprint Development_General Ledger.csv,2026-07-18T23:30:00-04:00,6ae10a7e221cc9ae
2026-06-08,Unapplied Cash Bill Payment Expense,Bill Payment (Credit Card),Blake Schneider,,800.0,2800.0,N,Precision Blueprint Development_General Ledger.csv,2026-07-18T23:30:00-04:00,6bc7ad1e2a211653
2026-06-09,Unapplied Cash Bill Payment Expense,Bill,Blake Schneider,"JobTread Expense 52-4  
https://app.jobtread.com/jobs/22PXGGYbh9PK/documents/22PYqdtpRLwe",-800.0,2000.0,N,Precision Blueprint Development_General Ledger.csv,2026-07-18T23:30:00-04:00,45a59b075c259df2
2026-06-10,Unapplied Cash Bill Payment Expense,Bill Payment (Credit Card),AZ Roofing Works,,925.0,2925.0,N,Precision Blueprint Development_General Ledger.csv,2026-07-18T23:30:00-04:00,615445343f4dc750
2026-06-11,Unapplied Cash Bill Payment Expense,Bill,J's Plumbing,"JobTread Expense 602-328-6761  
https://app.jobtread.com/jobs/22PSpvF8rZ8q/documents/22PYwvjLhZKU",-2000.0,925.0,N,Precision Blueprint Development_General Ledger.csv,2026-07-18T23:30:00-04:00,615e56c4320e4663
2026-06-12,Unapplied Cash Bill Payment Expense,Bill,AZ Roofing Works,"JobTread Expense 52-8  
https://app.jobtread.com/jobs/22PXGGYbh9PK/documents/22PZ37sGgbge",-925.0,0.0,N,Precision Blueprint Development_General Ledger.csv,2026-07-18T23:30:00-04:00,723e77bbf51da353
2026-06-13,Unapplied Cash Bill Payment Expense,Bill Payment (Credit Card),Home Depot,,133.37,133.37,N,Precision Blueprint Development_General Ledger.csv,2026-07-18T23:30:00-04:00,57c2b32be4658d99
2026-06-15,Unapplied Cash Bill Payment Expense,Bill,Home Depot,"JobTread Expense 0002  
https://app.jobtread.com/jobs/22PSpvF8rZ8q/documents/22PZBuWLQUcA",-133.37,0.0,N,Precision Blueprint Development_General Ledger.csv,2026-07-18T23:30:00-04:00,3bc68ecbc392d687
2026-06-15,Unapplied Cash Bill Payment Expense,Bill Payment (Credit Card),Blake Schneider,,350.0,350.0,N,Precision Blueprint Development_General Ledger.csv,2026-07-18T23:30:00-04:00,dc41b0c0f489cd5b
2026-06-16,Unapplied Cash Bill Payment Expense,Bill,Blake Schneider,"JobTread Expense 4203  
https://app.jobtread.com/jobs/22PY8uKuLakg/documents/22PZFJ5GHafJ",-350.0,0.0,N,Precision Blueprint Development_General Ledger.csv,2026-07-18T23:30:00-04:00,29f7f79450a784b5
2026-06-22,Unapplied Cash Bill Payment Expense,Bill Payment (Check),Desert Concrete Specialists,,3800.0,3800.0,N,Precision Blueprint Development_General Ledger.csv,2026-07-18T23:30:00-04:00,a5fc0c298800219c
2026-06-24,Unapplied Cash Bill Payment Expense,Bill,Desert Concrete Specialists,"JobTread Expense 276  
https://app.jobtread.com/jobs/22PW6VpJzMwP/documents/22PZhgj6hvDw",-3800.0,0.0,N,Precision Blueprint Development_General Ledger.csv,2026-07-18T23:30:00-04:00,b6d9d3f26b700735
2026-06-27,Unapplied Cash Bill Payment Expense,Bill Payment (Check),J's Plumbing,,300.0,300.0,N,Precision Blueprint Development_General Ledger.csv,2026-07-18T23:30:00-04:00,ee55c3cc0acd8085
2026-06-29,Unapplied Cash Bill Payment Expense,Bill,J's Plumbing,"JobTread Expense 6781  
https://app.jobtread.com/jobs/22PW6VpJzMwP/documents/22PZzgYsvHRK",-300.0,0.0,N,Precision Blueprint Development_General Ledger.csv,2026-07-18T23:30:00-04:00,a3a49c9a65c267bd
2026-03-23,Cash Back Rewards,Deposit,,WELLS FARGO REWARDS,746.61,746.61,N,Precision Blueprint Development_General Ledger.csv,2026-07-18T23:30:00-04:00,32ebd72b95a8694b
2026-03-23,Cash Back Rewards,Deposit,,WELLS FARGO REWARDS,2500.0,3246.61,N,Precision Blueprint Development_General Ledger.csv,2026-07-18T23:30:00-04:00,f3cc1e53883cdb6c
2026-01-31,Dividend,Deposit,MACU,,0.02,0.02,N,Precision Blueprint Development_General Ledger.csv,2026-07-18T23:30:00-04:00,bdb103e62f8f9527
2026-02-28,Dividend,Deposit,,,0.02,0.04,N,Precision Blueprint Development_General Ledger.csv,2026-07-18T23:30:00-04:00,1a72bb19539c9b22
2026-03-27,Dividend,Deposit,,,0.02,0.06,N,Precision Blueprint Development_General Ledger.csv,2026-07-18T23:30:00-04:00,c73b88702c9f9e00
2026-01-22,Charitiable Contributions,Check,Our Lady of Guadalupe,CHECK 7885,100.0,100.0,N,Precision Blueprint Development_General Ledger.csv,2026-07-18T23:30:00-04:00,7f8241833f8e9b96
2026-02-17,Charitiable Contributions,Check,Our Lady of Guadalupe,CHECK 7887,100.0,200.0,N,Precision Blueprint Development_General Ledger.csv,2026-07-18T23:30:00-04:00,859722aeaf761c35
2026-02-22,Charitiable Contributions,Expense,Our Lady of Guadalupe,OUR LADY OF GUADALUPE,60.0,260.0,N,Precision Blueprint Development_General Ledger.csv,2026-07-18T23:30:00-04:00,adf9d30c247f35a5
2026-03-08,Charitiable Contributions,Credit Card Expense,Gifts from Bethlehem,,145.0,405.0,N,Precision Blueprint Development_General Ledger.csv,2026-07-18T23:30:00-04:00,658ea844be83127b
2026-03-09,Charitiable Contributions,Check,Our Lady of Guadalupe,CHECK 8938,200.0,605.0,N,Precision Blueprint Development_General Ledger.csv,2026-07-18T23:30:00-04:00,9dab732990fe0418
2026-04-29,Charitiable Contributions,Check,Our Lady of Guadalupe,CHECK \# 7892,200.0,805.0,N,Precision Blueprint Development_General Ledger.csv,2026-07-18T23:30:00-04:00,3b1cd012807f7d4a
2026-05-24,Charitiable Contributions,Expense,Our Lady of Guadalupe,OUR LADY OF GUADALUPE,60.0,865.0,N,Precision Blueprint Development_General Ledger.csv,2026-07-18T23:30:00-04:00,892c4968db4d5bec
2026-06-08,Charitiable Contributions,Check,Our Lady of Guadalupe,CHECK \# 5866,200.0,1065.0,N,Precision Blueprint Development_General Ledger.csv,2026-07-18T23:30:00-04:00,5a2b493fe0f135d9
